ISO-10303-21;
HEADER;
FILE_DESCRIPTION(('KiCad electronic assembly'),'2;1');
FILE_NAME('overload.step','2025-11-01T19:46:24',('Pcbnew'),('Kicad'),
  'Open CASCADE STEP processor 7.9','KiCad to STEP converter','Unknown'
  );
FILE_SCHEMA(('AUTOMOTIVE_DESIGN { 1 0 10303 214 1 1 1 1 }'));
ENDSEC;
DATA;
#1 = APPLICATION_PROTOCOL_DEFINITION('international standard',
  'automotive_design',2000,#2);
#2 = APPLICATION_CONTEXT(
  'core data for automotive mechanical design processes');
#3 = SHAPE_DEFINITION_REPRESENTATION(#4,#10);
#4 = PRODUCT_DEFINITION_SHAPE('','',#5);
#5 = PRODUCT_DEFINITION('design','',#6,#9);
#6 = PRODUCT_DEFINITION_FORMATION('','',#7);
#7 = PRODUCT('overload 1','overload 1','',(#8));
#8 = PRODUCT_CONTEXT('',#2,'mechanical');
#9 = PRODUCT_DEFINITION_CONTEXT('part definition',#2,'design');
#10 = SHAPE_REPRESENTATION('',(#11,#15),#19);
#11 = AXIS2_PLACEMENT_3D('',#12,#13,#14);
#12 = CARTESIAN_POINT('',(0.,0.,0.));
#13 = DIRECTION('',(0.,0.,1.));
#14 = DIRECTION('',(1.,0.,-0.));
#15 = AXIS2_PLACEMENT_3D('',#16,#17,#18);
#16 = CARTESIAN_POINT('',(0.,0.,0.));
#17 = DIRECTION('',(0.,0.,1.));
#18 = DIRECTION('',(1.,0.,-0.));
#19 = ( GEOMETRIC_REPRESENTATION_CONTEXT(3) 
GLOBAL_UNCERTAINTY_ASSIGNED_CONTEXT((#23)) GLOBAL_UNIT_ASSIGNED_CONTEXT(
(#20,#21,#22)) REPRESENTATION_CONTEXT('Context #1',
  '3D Context with UNIT and UNCERTAINTY') );
#20 = ( LENGTH_UNIT() NAMED_UNIT(*) SI_UNIT(.MILLI.,.METRE.) );
#21 = ( NAMED_UNIT(*) PLANE_ANGLE_UNIT() SI_UNIT($,.RADIAN.) );
#22 = ( NAMED_UNIT(*) SI_UNIT($,.STERADIAN.) SOLID_ANGLE_UNIT() );
#23 = UNCERTAINTY_MEASURE_WITH_UNIT(LENGTH_MEASURE(1.E-07),#20,
  'distance_accuracy_value','confusion accuracy');
#24 = PRODUCT_RELATED_PRODUCT_CATEGORY('part',$,(#7));
#25 = SHAPE_DEFINITION_REPRESENTATION(#26,#32);
#26 = PRODUCT_DEFINITION_SHAPE('','',#27);
#27 = PRODUCT_DEFINITION('design','',#28,#31);
#28 = PRODUCT_DEFINITION_FORMATION('','',#29);
#29 = PRODUCT('overload_PCB','overload_PCB','',(#30));
#30 = PRODUCT_CONTEXT('',#2,'mechanical');
#31 = PRODUCT_DEFINITION_CONTEXT('part definition',#2,'design');
#32 = ADVANCED_BREP_SHAPE_REPRESENTATION('',(#11,#33),#7316);
#33 = MANIFOLD_SOLID_BREP('',#34);
#34 = CLOSED_SHELL('',(#35,#75,#106,#137,#2131,#4125,#4137,#4154,#4171,
    #4188,#4205,#4222,#4239,#4256,#4273,#4290,#4307,#4324,#4341,#4358,
    #4375,#4392,#4409,#4426,#4443,#4460,#4477,#4494,#4511,#4528,#4545,
    #4562,#4579,#4596,#4613,#4630,#4647,#4664,#4681,#4698,#4715,#4732,
    #4749,#4766,#4783,#4800,#4817,#4839,#4856,#4873,#4885,#4907,#4924,
    #4941,#4953,#4970,#4987,#5004,#5021,#5038,#5060,#5077,#5094,#5106,
    #5128,#5145,#5162,#5174,#5196,#5213,#5230,#5242,#5259,#5276,#5298,
    #5315,#5332,#5344,#5366,#5383,#5400,#5412,#5434,#5451,#5468,#5480,
    #5497,#5514,#5531,#5548,#5565,#5582,#5599,#5616,#5633,#5650,#5667,
    #5684,#5701,#5723,#5740,#5757,#5769,#5791,#5808,#5825,#5837,#5854,
    #5871,#5888,#5905,#5922,#5939,#5956,#5973,#5990,#6007,#6024,#6041,
    #6058,#6075,#6092,#6109,#6126,#6143,#6160,#6177,#6194,#6211,#6228,
    #6245,#6262,#6279,#6296,#6313,#6330,#6347,#6364,#6381,#6398,#6415,
    #6432,#6449,#6466,#6483,#6500,#6517,#6534,#6551,#6568,#6585,#6602,
    #6619,#6636,#6653,#6670,#6687,#6704,#6721,#6738,#6755,#6772,#6789,
    #6806,#6823,#6840,#6857,#6874,#6891,#6908,#6925,#6942,#6959,#6976,
    #6993,#7010,#7027,#7044,#7061,#7078,#7095,#7112,#7129,#7146,#7163,
    #7180,#7197,#7214,#7231,#7248,#7265,#7282,#7299));
#35 = ADVANCED_FACE('',(#36),#70,.T.);
#36 = FACE_BOUND('',#37,.T.);
#37 = EDGE_LOOP('',(#38,#48,#56,#64));
#38 = ORIENTED_EDGE('',*,*,#39,.T.);
#39 = EDGE_CURVE('',#40,#42,#44,.T.);
#40 = VERTEX_POINT('',#41);
#41 = CARTESIAN_POINT('',(251.3,-122.9,0.));
#42 = VERTEX_POINT('',#43);
#43 = CARTESIAN_POINT('',(251.3,-122.9,1.51));
#44 = LINE('',#45,#46);
#45 = CARTESIAN_POINT('',(251.3,-122.9,0.));
#46 = VECTOR('',#47,1.);
#47 = DIRECTION('',(0.,0.,1.));
#48 = ORIENTED_EDGE('',*,*,#49,.T.);
#49 = EDGE_CURVE('',#42,#50,#52,.T.);
#50 = VERTEX_POINT('',#51);
#51 = CARTESIAN_POINT('',(51.3,-122.9,1.51));
#52 = LINE('',#53,#54);
#53 = CARTESIAN_POINT('',(251.3,-122.9,1.51));
#54 = VECTOR('',#55,1.);
#55 = DIRECTION('',(-1.,0.,0.));
#56 = ORIENTED_EDGE('',*,*,#57,.F.);
#57 = EDGE_CURVE('',#58,#50,#60,.T.);
#58 = VERTEX_POINT('',#59);
#59 = CARTESIAN_POINT('',(51.3,-122.9,0.));
#60 = LINE('',#61,#62);
#61 = CARTESIAN_POINT('',(51.3,-122.9,0.));
#62 = VECTOR('',#63,1.);
#63 = DIRECTION('',(0.,0.,1.));
#64 = ORIENTED_EDGE('',*,*,#65,.F.);
#65 = EDGE_CURVE('',#40,#58,#66,.T.);
#66 = LINE('',#67,#68);
#67 = CARTESIAN_POINT('',(251.3,-122.9,0.));
#68 = VECTOR('',#69,1.);
#69 = DIRECTION('',(-1.,0.,0.));
#70 = PLANE('',#71);
#71 = AXIS2_PLACEMENT_3D('',#72,#73,#74);
#72 = CARTESIAN_POINT('',(251.3,-122.9,0.));
#73 = DIRECTION('',(0.,-1.,0.));
#74 = DIRECTION('',(-1.,0.,0.));
#75 = ADVANCED_FACE('',(#76),#101,.T.);
#76 = FACE_BOUND('',#77,.T.);
#77 = EDGE_LOOP('',(#78,#88,#94,#95));
#78 = ORIENTED_EDGE('',*,*,#79,.T.);
#79 = EDGE_CURVE('',#80,#82,#84,.T.);
#80 = VERTEX_POINT('',#81);
#81 = CARTESIAN_POINT('',(251.3,-71.4,0.));
#82 = VERTEX_POINT('',#83);
#83 = CARTESIAN_POINT('',(251.3,-71.4,1.51));
#84 = LINE('',#85,#86);
#85 = CARTESIAN_POINT('',(251.3,-71.4,0.));
#86 = VECTOR('',#87,1.);
#87 = DIRECTION('',(0.,0.,1.));
#88 = ORIENTED_EDGE('',*,*,#89,.T.);
#89 = EDGE_CURVE('',#82,#42,#90,.T.);
#90 = LINE('',#91,#92);
#91 = CARTESIAN_POINT('',(251.3,-71.4,1.51));
#92 = VECTOR('',#93,1.);
#93 = DIRECTION('',(0.,-1.,0.));
#94 = ORIENTED_EDGE('',*,*,#39,.F.);
#95 = ORIENTED_EDGE('',*,*,#96,.F.);
#96 = EDGE_CURVE('',#80,#40,#97,.T.);
#97 = LINE('',#98,#99);
#98 = CARTESIAN_POINT('',(251.3,-71.4,0.));
#99 = VECTOR('',#100,1.);
#100 = DIRECTION('',(0.,-1.,0.));
#101 = PLANE('',#102);
#102 = AXIS2_PLACEMENT_3D('',#103,#104,#105);
#103 = CARTESIAN_POINT('',(251.3,-71.4,0.));
#104 = DIRECTION('',(1.,0.,-0.));
#105 = DIRECTION('',(0.,-1.,0.));
#106 = ADVANCED_FACE('',(#107),#132,.T.);
#107 = FACE_BOUND('',#108,.T.);
#108 = EDGE_LOOP('',(#109,#110,#118,#126));
#109 = ORIENTED_EDGE('',*,*,#57,.T.);
#110 = ORIENTED_EDGE('',*,*,#111,.T.);
#111 = EDGE_CURVE('',#50,#112,#114,.T.);
#112 = VERTEX_POINT('',#113);
#113 = CARTESIAN_POINT('',(51.3,-71.4,1.51));
#114 = LINE('',#115,#116);
#115 = CARTESIAN_POINT('',(51.3,-122.9,1.51));
#116 = VECTOR('',#117,1.);
#117 = DIRECTION('',(0.,1.,0.));
#118 = ORIENTED_EDGE('',*,*,#119,.F.);
#119 = EDGE_CURVE('',#120,#112,#122,.T.);
#120 = VERTEX_POINT('',#121);
#121 = CARTESIAN_POINT('',(51.3,-71.4,0.));
#122 = LINE('',#123,#124);
#123 = CARTESIAN_POINT('',(51.3,-71.4,0.));
#124 = VECTOR('',#125,1.);
#125 = DIRECTION('',(0.,0.,1.));
#126 = ORIENTED_EDGE('',*,*,#127,.F.);
#127 = EDGE_CURVE('',#58,#120,#128,.T.);
#128 = LINE('',#129,#130);
#129 = CARTESIAN_POINT('',(51.3,-122.9,0.));
#130 = VECTOR('',#131,1.);
#131 = DIRECTION('',(0.,1.,0.));
#132 = PLANE('',#133);
#133 = AXIS2_PLACEMENT_3D('',#134,#135,#136);
#134 = CARTESIAN_POINT('',(51.3,-122.9,0.));
#135 = DIRECTION('',(-1.,0.,0.));
#136 = DIRECTION('',(0.,1.,0.));
#137 = ADVANCED_FACE('',(#138,#149,#160,#171,#182,#193,#204,#215,#226,
    #237,#248,#259,#270,#281,#292,#303,#314,#325,#336,#347,#358,#369,
    #380,#391,#402,#413,#424,#435,#446,#457,#468,#479,#490,#501,#512,
    #523,#534,#545,#556,#567,#578,#589,#625,#661,#672,#683,#694,#705,
    #716,#752,#788,#824,#835,#846,#882,#918,#954,#965,#976,#987,#998,
    #1009,#1020,#1031,#1042,#1053,#1064,#1075,#1086,#1097,#1133,#1169,
    #1180,#1191,#1202,#1213,#1224,#1235,#1246,#1257,#1268,#1279,#1290,
    #1301,#1312,#1323,#1334,#1345,#1356,#1367,#1378,#1389,#1400,#1411,
    #1422,#1433,#1444,#1455,#1466,#1477,#1488,#1499,#1510,#1521,#1532,
    #1543,#1554,#1565,#1576,#1587,#1598,#1609,#1620,#1631,#1642,#1653,
    #1664,#1675,#1686,#1697,#1708,#1719,#1730,#1741,#1752,#1763,#1774,
    #1785,#1796,#1807,#1818,#1829,#1840,#1851,#1862,#1873,#1884,#1895,
    #1906,#1917,#1928,#1939,#1950,#1961,#1972,#1983,#1994,#2005,#2016,
    #2027,#2038,#2049,#2060,#2071,#2082,#2093,#2104,#2115),#2126,.F.);
#138 = FACE_BOUND('',#139,.F.);
#139 = EDGE_LOOP('',(#140,#141,#142,#148));
#140 = ORIENTED_EDGE('',*,*,#65,.F.);
#141 = ORIENTED_EDGE('',*,*,#96,.F.);
#142 = ORIENTED_EDGE('',*,*,#143,.F.);
#143 = EDGE_CURVE('',#120,#80,#144,.T.);
#144 = LINE('',#145,#146);
#145 = CARTESIAN_POINT('',(51.3,-71.4,0.));
#146 = VECTOR('',#147,1.);
#147 = DIRECTION('',(1.,0.,0.));
#148 = ORIENTED_EDGE('',*,*,#127,.F.);
#149 = FACE_BOUND('',#150,.F.);
#150 = EDGE_LOOP('',(#151));
#151 = ORIENTED_EDGE('',*,*,#152,.T.);
#152 = EDGE_CURVE('',#153,#153,#155,.T.);
#153 = VERTEX_POINT('',#154);
#154 = CARTESIAN_POINT('',(55.8,-119.35,0.));
#155 = CIRCLE('',#156,0.6);
#156 = AXIS2_PLACEMENT_3D('',#157,#158,#159);
#157 = CARTESIAN_POINT('',(55.8,-118.75,0.));
#158 = DIRECTION('',(-0.,0.,-1.));
#159 = DIRECTION('',(-0.,-1.,0.));
#160 = FACE_BOUND('',#161,.F.);
#161 = EDGE_LOOP('',(#162));
#162 = ORIENTED_EDGE('',*,*,#163,.T.);
#163 = EDGE_CURVE('',#164,#164,#166,.T.);
#164 = VERTEX_POINT('',#165);
#165 = CARTESIAN_POINT('',(60.8,-119.35,0.));
#166 = CIRCLE('',#167,0.6);
#167 = AXIS2_PLACEMENT_3D('',#168,#169,#170);
#168 = CARTESIAN_POINT('',(60.8,-118.75,0.));
#169 = DIRECTION('',(-0.,0.,-1.));
#170 = DIRECTION('',(-0.,-1.,0.));
#171 = FACE_BOUND('',#172,.F.);
#172 = EDGE_LOOP('',(#173));
#173 = ORIENTED_EDGE('',*,*,#174,.T.);
#174 = EDGE_CURVE('',#175,#175,#177,.T.);
#175 = VERTEX_POINT('',#176);
#176 = CARTESIAN_POINT('',(65.8,-119.35,0.));
#177 = CIRCLE('',#178,0.6);
#178 = AXIS2_PLACEMENT_3D('',#179,#180,#181);
#179 = CARTESIAN_POINT('',(65.8,-118.75,0.));
#180 = DIRECTION('',(-0.,0.,-1.));
#181 = DIRECTION('',(-2.368475785867E-14,-1.,0.));
#182 = FACE_BOUND('',#183,.F.);
#183 = EDGE_LOOP('',(#184));
#184 = ORIENTED_EDGE('',*,*,#185,.T.);
#185 = EDGE_CURVE('',#186,#186,#188,.T.);
#186 = VERTEX_POINT('',#187);
#187 = CARTESIAN_POINT('',(78.25,-119.35,0.));
#188 = CIRCLE('',#189,0.6);
#189 = AXIS2_PLACEMENT_3D('',#190,#191,#192);
#190 = CARTESIAN_POINT('',(78.25,-118.75,0.));
#191 = DIRECTION('',(-0.,0.,-1.));
#192 = DIRECTION('',(-0.,-1.,0.));
#193 = FACE_BOUND('',#194,.F.);
#194 = EDGE_LOOP('',(#195));
#195 = ORIENTED_EDGE('',*,*,#196,.T.);
#196 = EDGE_CURVE('',#197,#197,#199,.T.);
#197 = VERTEX_POINT('',#198);
#198 = CARTESIAN_POINT('',(83.25,-119.35,0.));
#199 = CIRCLE('',#200,0.6);
#200 = AXIS2_PLACEMENT_3D('',#201,#202,#203);
#201 = CARTESIAN_POINT('',(83.25,-118.75,0.));
#202 = DIRECTION('',(-0.,0.,-1.));
#203 = DIRECTION('',(-0.,-1.,0.));
#204 = FACE_BOUND('',#205,.F.);
#205 = EDGE_LOOP('',(#206));
#206 = ORIENTED_EDGE('',*,*,#207,.T.);
#207 = EDGE_CURVE('',#208,#208,#210,.T.);
#208 = VERTEX_POINT('',#209);
#209 = CARTESIAN_POINT('',(88.25,-119.35,0.));
#210 = CIRCLE('',#211,0.6);
#211 = AXIS2_PLACEMENT_3D('',#212,#213,#214);
#212 = CARTESIAN_POINT('',(88.25,-118.75,0.));
#213 = DIRECTION('',(-0.,0.,-1.));
#214 = DIRECTION('',(-0.,-1.,0.));
#215 = FACE_BOUND('',#216,.F.);
#216 = EDGE_LOOP('',(#217));
#217 = ORIENTED_EDGE('',*,*,#218,.T.);
#218 = EDGE_CURVE('',#219,#219,#221,.T.);
#219 = VERTEX_POINT('',#220);
#220 = CARTESIAN_POINT('',(100.7,-119.35,0.));
#221 = CIRCLE('',#222,0.6);
#222 = AXIS2_PLACEMENT_3D('',#223,#224,#225);
#223 = CARTESIAN_POINT('',(100.7,-118.75,0.));
#224 = DIRECTION('',(-0.,0.,-1.));
#225 = DIRECTION('',(2.368475785867E-14,-1.,-0.));
#226 = FACE_BOUND('',#227,.F.);
#227 = EDGE_LOOP('',(#228));
#228 = ORIENTED_EDGE('',*,*,#229,.T.);
#229 = EDGE_CURVE('',#230,#230,#232,.T.);
#230 = VERTEX_POINT('',#231);
#231 = CARTESIAN_POINT('',(105.7,-119.35,0.));
#232 = CIRCLE('',#233,0.6);
#233 = AXIS2_PLACEMENT_3D('',#234,#235,#236);
#234 = CARTESIAN_POINT('',(105.7,-118.75,0.));
#235 = DIRECTION('',(-0.,0.,-1.));
#236 = DIRECTION('',(2.368475785867E-14,-1.,-0.));
#237 = FACE_BOUND('',#238,.F.);
#238 = EDGE_LOOP('',(#239));
#239 = ORIENTED_EDGE('',*,*,#240,.T.);
#240 = EDGE_CURVE('',#241,#241,#243,.T.);
#241 = VERTEX_POINT('',#242);
#242 = CARTESIAN_POINT('',(110.7,-119.35,0.));
#243 = CIRCLE('',#244,0.6);
#244 = AXIS2_PLACEMENT_3D('',#245,#246,#247);
#245 = CARTESIAN_POINT('',(110.7,-118.75,0.));
#246 = DIRECTION('',(-0.,0.,-1.));
#247 = DIRECTION('',(2.368475785867E-14,-1.,-0.));
#248 = FACE_BOUND('',#249,.F.);
#249 = EDGE_LOOP('',(#250));
#250 = ORIENTED_EDGE('',*,*,#251,.T.);
#251 = EDGE_CURVE('',#252,#252,#254,.T.);
#252 = VERTEX_POINT('',#253);
#253 = CARTESIAN_POINT('',(123.15,-119.35,0.));
#254 = CIRCLE('',#255,0.6);
#255 = AXIS2_PLACEMENT_3D('',#256,#257,#258);
#256 = CARTESIAN_POINT('',(123.15,-118.75,0.));
#257 = DIRECTION('',(-0.,0.,-1.));
#258 = DIRECTION('',(-0.,-1.,0.));
#259 = FACE_BOUND('',#260,.F.);
#260 = EDGE_LOOP('',(#261));
#261 = ORIENTED_EDGE('',*,*,#262,.T.);
#262 = EDGE_CURVE('',#263,#263,#265,.T.);
#263 = VERTEX_POINT('',#264);
#264 = CARTESIAN_POINT('',(128.15,-119.35,0.));
#265 = CIRCLE('',#266,0.6);
#266 = AXIS2_PLACEMENT_3D('',#267,#268,#269);
#267 = CARTESIAN_POINT('',(128.15,-118.75,0.));
#268 = DIRECTION('',(-0.,0.,-1.));
#269 = DIRECTION('',(-0.,-1.,0.));
#270 = FACE_BOUND('',#271,.F.);
#271 = EDGE_LOOP('',(#272));
#272 = ORIENTED_EDGE('',*,*,#273,.T.);
#273 = EDGE_CURVE('',#274,#274,#276,.T.);
#274 = VERTEX_POINT('',#275);
#275 = CARTESIAN_POINT('',(133.15,-119.35,0.));
#276 = CIRCLE('',#277,0.6);
#277 = AXIS2_PLACEMENT_3D('',#278,#279,#280);
#278 = CARTESIAN_POINT('',(133.15,-118.75,0.));
#279 = DIRECTION('',(-0.,0.,-1.));
#280 = DIRECTION('',(-0.,-1.,0.));
#281 = FACE_BOUND('',#282,.F.);
#282 = EDGE_LOOP('',(#283));
#283 = ORIENTED_EDGE('',*,*,#284,.T.);
#284 = EDGE_CURVE('',#285,#285,#287,.T.);
#285 = VERTEX_POINT('',#286);
#286 = CARTESIAN_POINT('',(145.6,-119.35,0.));
#287 = CIRCLE('',#288,0.6);
#288 = AXIS2_PLACEMENT_3D('',#289,#290,#291);
#289 = CARTESIAN_POINT('',(145.6,-118.75,0.));
#290 = DIRECTION('',(-0.,0.,-1.));
#291 = DIRECTION('',(-0.,-1.,0.));
#292 = FACE_BOUND('',#293,.F.);
#293 = EDGE_LOOP('',(#294));
#294 = ORIENTED_EDGE('',*,*,#295,.T.);
#295 = EDGE_CURVE('',#296,#296,#298,.T.);
#296 = VERTEX_POINT('',#297);
#297 = CARTESIAN_POINT('',(150.6,-119.35,0.));
#298 = CIRCLE('',#299,0.6);
#299 = AXIS2_PLACEMENT_3D('',#300,#301,#302);
#300 = CARTESIAN_POINT('',(150.6,-118.75,0.));
#301 = DIRECTION('',(-0.,0.,-1.));
#302 = DIRECTION('',(-0.,-1.,0.));
#303 = FACE_BOUND('',#304,.F.);
#304 = EDGE_LOOP('',(#305));
#305 = ORIENTED_EDGE('',*,*,#306,.T.);
#306 = EDGE_CURVE('',#307,#307,#309,.T.);
#307 = VERTEX_POINT('',#308);
#308 = CARTESIAN_POINT('',(60.79,-109.8,0.));
#309 = CIRCLE('',#310,0.4);
#310 = AXIS2_PLACEMENT_3D('',#311,#312,#313);
#311 = CARTESIAN_POINT('',(60.79,-109.4,0.));
#312 = DIRECTION('',(-0.,0.,-1.));
#313 = DIRECTION('',(-0.,-1.,0.));
#314 = FACE_BOUND('',#315,.F.);
#315 = EDGE_LOOP('',(#316));
#316 = ORIENTED_EDGE('',*,*,#317,.T.);
#317 = EDGE_CURVE('',#318,#318,#320,.T.);
#318 = VERTEX_POINT('',#319);
#319 = CARTESIAN_POINT('',(68.41,-109.8,0.));
#320 = CIRCLE('',#321,0.4);
#321 = AXIS2_PLACEMENT_3D('',#322,#323,#324);
#322 = CARTESIAN_POINT('',(68.41,-109.4,0.));
#323 = DIRECTION('',(-0.,0.,-1.));
#324 = DIRECTION('',(-0.,-1.,0.));
#325 = FACE_BOUND('',#326,.F.);
#326 = EDGE_LOOP('',(#327));
#327 = ORIENTED_EDGE('',*,*,#328,.T.);
#328 = EDGE_CURVE('',#329,#329,#331,.T.);
#329 = VERTEX_POINT('',#330);
#330 = CARTESIAN_POINT('',(74.1,-109.8,0.));
#331 = CIRCLE('',#332,0.4);
#332 = AXIS2_PLACEMENT_3D('',#333,#334,#335);
#333 = CARTESIAN_POINT('',(74.1,-109.4,0.));
#334 = DIRECTION('',(-0.,0.,-1.));
#335 = DIRECTION('',(-0.,-1.,0.));
#336 = FACE_BOUND('',#337,.F.);
#337 = EDGE_LOOP('',(#338));
#338 = ORIENTED_EDGE('',*,*,#339,.T.);
#339 = EDGE_CURVE('',#340,#340,#342,.T.);
#340 = VERTEX_POINT('',#341);
#341 = CARTESIAN_POINT('',(79.1,-109.8,0.));
#342 = CIRCLE('',#343,0.4);
#343 = AXIS2_PLACEMENT_3D('',#344,#345,#346);
#344 = CARTESIAN_POINT('',(79.1,-109.4,0.));
#345 = DIRECTION('',(-0.,0.,-1.));
#346 = DIRECTION('',(-0.,-1.,0.));
#347 = FACE_BOUND('',#348,.F.);
#348 = EDGE_LOOP('',(#349));
#349 = ORIENTED_EDGE('',*,*,#350,.T.);
#350 = EDGE_CURVE('',#351,#351,#353,.T.);
#351 = VERTEX_POINT('',#352);
#352 = CARTESIAN_POINT('',(56.6,-106.1,0.));
#353 = CIRCLE('',#354,0.4);
#354 = AXIS2_PLACEMENT_3D('',#355,#356,#357);
#355 = CARTESIAN_POINT('',(56.6,-105.7,0.));
#356 = DIRECTION('',(-0.,0.,-1.));
#357 = DIRECTION('',(-0.,-1.,0.));
#358 = FACE_BOUND('',#359,.F.);
#359 = EDGE_LOOP('',(#360));
#360 = ORIENTED_EDGE('',*,*,#361,.T.);
#361 = EDGE_CURVE('',#362,#362,#364,.T.);
#362 = VERTEX_POINT('',#363);
#363 = CARTESIAN_POINT('',(60.79,-106.2,0.));
#364 = CIRCLE('',#365,0.4);
#365 = AXIS2_PLACEMENT_3D('',#366,#367,#368);
#366 = CARTESIAN_POINT('',(60.79,-105.8,0.));
#367 = DIRECTION('',(-0.,0.,-1.));
#368 = DIRECTION('',(-0.,-1.,0.));
#369 = FACE_BOUND('',#370,.F.);
#370 = EDGE_LOOP('',(#371));
#371 = ORIENTED_EDGE('',*,*,#372,.T.);
#372 = EDGE_CURVE('',#373,#373,#375,.T.);
#373 = VERTEX_POINT('',#374);
#374 = CARTESIAN_POINT('',(68.41,-106.2,0.));
#375 = CIRCLE('',#376,0.4);
#376 = AXIS2_PLACEMENT_3D('',#377,#378,#379);
#377 = CARTESIAN_POINT('',(68.41,-105.8,0.));
#378 = DIRECTION('',(-0.,0.,-1.));
#379 = DIRECTION('',(-0.,-1.,0.));
#380 = FACE_BOUND('',#381,.F.);
#381 = EDGE_LOOP('',(#382));
#382 = ORIENTED_EDGE('',*,*,#383,.T.);
#383 = EDGE_CURVE('',#384,#384,#386,.T.);
#384 = VERTEX_POINT('',#385);
#385 = CARTESIAN_POINT('',(83.8,-109.8,0.));
#386 = CIRCLE('',#387,0.4);
#387 = AXIS2_PLACEMENT_3D('',#388,#389,#390);
#388 = CARTESIAN_POINT('',(83.8,-109.4,0.));
#389 = DIRECTION('',(-0.,0.,-1.));
#390 = DIRECTION('',(-3.552713678801E-14,-1.,0.));
#391 = FACE_BOUND('',#392,.F.);
#392 = EDGE_LOOP('',(#393));
#393 = ORIENTED_EDGE('',*,*,#394,.T.);
#394 = EDGE_CURVE('',#395,#395,#397,.T.);
#395 = VERTEX_POINT('',#396);
#396 = CARTESIAN_POINT('',(91.42,-109.8,0.));
#397 = CIRCLE('',#398,0.4);
#398 = AXIS2_PLACEMENT_3D('',#399,#400,#401);
#399 = CARTESIAN_POINT('',(91.42,-109.4,0.));
#400 = DIRECTION('',(-0.,0.,-1.));
#401 = DIRECTION('',(3.5527136788E-14,-1.,-0.));
#402 = FACE_BOUND('',#403,.F.);
#403 = EDGE_LOOP('',(#404));
#404 = ORIENTED_EDGE('',*,*,#405,.T.);
#405 = EDGE_CURVE('',#406,#406,#408,.T.);
#406 = VERTEX_POINT('',#407);
#407 = CARTESIAN_POINT('',(56.6,-101.1,0.));
#408 = CIRCLE('',#409,0.4);
#409 = AXIS2_PLACEMENT_3D('',#410,#411,#412);
#410 = CARTESIAN_POINT('',(56.6,-100.7,0.));
#411 = DIRECTION('',(-0.,0.,-1.));
#412 = DIRECTION('',(-0.,-1.,0.));
#413 = FACE_BOUND('',#414,.F.);
#414 = EDGE_LOOP('',(#415));
#415 = ORIENTED_EDGE('',*,*,#416,.T.);
#416 = EDGE_CURVE('',#417,#417,#419,.T.);
#417 = VERTEX_POINT('',#418);
#418 = CARTESIAN_POINT('',(73.6,-100.,0.));
#419 = CIRCLE('',#420,0.4);
#420 = AXIS2_PLACEMENT_3D('',#421,#422,#423);
#421 = CARTESIAN_POINT('',(73.6,-99.6,0.));
#422 = DIRECTION('',(-0.,0.,-1.));
#423 = DIRECTION('',(-0.,-1.,0.));
#424 = FACE_BOUND('',#425,.F.);
#425 = EDGE_LOOP('',(#426));
#426 = ORIENTED_EDGE('',*,*,#427,.T.);
#427 = EDGE_CURVE('',#428,#428,#430,.T.);
#428 = VERTEX_POINT('',#429);
#429 = CARTESIAN_POINT('',(81.22,-100.,0.));
#430 = CIRCLE('',#431,0.4);
#431 = AXIS2_PLACEMENT_3D('',#432,#433,#434);
#432 = CARTESIAN_POINT('',(81.22,-99.6,0.));
#433 = DIRECTION('',(-0.,0.,-1.));
#434 = DIRECTION('',(-0.,-1.,0.));
#435 = FACE_BOUND('',#436,.F.);
#436 = EDGE_LOOP('',(#437));
#437 = ORIENTED_EDGE('',*,*,#438,.T.);
#438 = EDGE_CURVE('',#439,#439,#441,.T.);
#439 = VERTEX_POINT('',#440);
#440 = CARTESIAN_POINT('',(87.06,-100.,0.));
#441 = CIRCLE('',#442,0.4);
#442 = AXIS2_PLACEMENT_3D('',#443,#444,#445);
#443 = CARTESIAN_POINT('',(87.06,-99.6,0.));
#444 = DIRECTION('',(-0.,0.,-1.));
#445 = DIRECTION('',(-0.,-1.,0.));
#446 = FACE_BOUND('',#447,.F.);
#447 = EDGE_LOOP('',(#448));
#448 = ORIENTED_EDGE('',*,*,#449,.T.);
#449 = EDGE_CURVE('',#450,#450,#452,.T.);
#450 = VERTEX_POINT('',#451);
#451 = CARTESIAN_POINT('',(89.6,-100.,0.));
#452 = CIRCLE('',#453,0.4);
#453 = AXIS2_PLACEMENT_3D('',#454,#455,#456);
#454 = CARTESIAN_POINT('',(89.6,-99.6,0.));
#455 = DIRECTION('',(-0.,0.,-1.));
#456 = DIRECTION('',(-0.,-1.,0.));
#457 = FACE_BOUND('',#458,.F.);
#458 = EDGE_LOOP('',(#459));
#459 = ORIENTED_EDGE('',*,*,#460,.T.);
#460 = EDGE_CURVE('',#461,#461,#463,.T.);
#461 = VERTEX_POINT('',#462);
#462 = CARTESIAN_POINT('',(92.14,-100.,0.));
#463 = CIRCLE('',#464,0.4);
#464 = AXIS2_PLACEMENT_3D('',#465,#466,#467);
#465 = CARTESIAN_POINT('',(92.14,-99.6,0.));
#466 = DIRECTION('',(-0.,0.,-1.));
#467 = DIRECTION('',(-0.,-1.,0.));
#468 = FACE_BOUND('',#469,.F.);
#469 = EDGE_LOOP('',(#470));
#470 = ORIENTED_EDGE('',*,*,#471,.T.);
#471 = EDGE_CURVE('',#472,#472,#474,.T.);
#472 = VERTEX_POINT('',#473);
#473 = CARTESIAN_POINT('',(98.,-100.,0.));
#474 = CIRCLE('',#475,0.4);
#475 = AXIS2_PLACEMENT_3D('',#476,#477,#478);
#476 = CARTESIAN_POINT('',(98.,-99.6,0.));
#477 = DIRECTION('',(-0.,0.,-1.));
#478 = DIRECTION('',(-0.,-1.,0.));
#479 = FACE_BOUND('',#480,.F.);
#480 = EDGE_LOOP('',(#481));
#481 = ORIENTED_EDGE('',*,*,#482,.T.);
#482 = EDGE_CURVE('',#483,#483,#485,.T.);
#483 = VERTEX_POINT('',#484);
#484 = CARTESIAN_POINT('',(106.,-109.8,0.));
#485 = CIRCLE('',#486,0.4);
#486 = AXIS2_PLACEMENT_3D('',#487,#488,#489);
#487 = CARTESIAN_POINT('',(106.,-109.4,0.));
#488 = DIRECTION('',(-0.,0.,-1.));
#489 = DIRECTION('',(-0.,-1.,0.));
#490 = FACE_BOUND('',#491,.F.);
#491 = EDGE_LOOP('',(#492));
#492 = ORIENTED_EDGE('',*,*,#493,.T.);
#493 = EDGE_CURVE('',#494,#494,#496,.T.);
#494 = VERTEX_POINT('',#495);
#495 = CARTESIAN_POINT('',(113.62,-109.8,0.));
#496 = CIRCLE('',#497,0.4);
#497 = AXIS2_PLACEMENT_3D('',#498,#499,#500);
#498 = CARTESIAN_POINT('',(113.62,-109.4,0.));
#499 = DIRECTION('',(-0.,0.,-1.));
#500 = DIRECTION('',(-0.,-1.,0.));
#501 = FACE_BOUND('',#502,.F.);
#502 = EDGE_LOOP('',(#503));
#503 = ORIENTED_EDGE('',*,*,#504,.T.);
#504 = EDGE_CURVE('',#505,#505,#507,.T.);
#505 = VERTEX_POINT('',#506);
#506 = CARTESIAN_POINT('',(106.,-106.2,0.));
#507 = CIRCLE('',#508,0.4);
#508 = AXIS2_PLACEMENT_3D('',#509,#510,#511);
#509 = CARTESIAN_POINT('',(106.,-105.8,0.));
#510 = DIRECTION('',(-0.,0.,-1.));
#511 = DIRECTION('',(-0.,-1.,0.));
#512 = FACE_BOUND('',#513,.F.);
#513 = EDGE_LOOP('',(#514));
#514 = ORIENTED_EDGE('',*,*,#515,.T.);
#515 = EDGE_CURVE('',#516,#516,#518,.T.);
#516 = VERTEX_POINT('',#517);
#517 = CARTESIAN_POINT('',(113.62,-106.2,0.));
#518 = CIRCLE('',#519,0.4);
#519 = AXIS2_PLACEMENT_3D('',#520,#521,#522);
#520 = CARTESIAN_POINT('',(113.62,-105.8,0.));
#521 = DIRECTION('',(-0.,0.,-1.));
#522 = DIRECTION('',(-0.,-1.,0.));
#523 = FACE_BOUND('',#524,.F.);
#524 = EDGE_LOOP('',(#525));
#525 = ORIENTED_EDGE('',*,*,#526,.T.);
#526 = EDGE_CURVE('',#527,#527,#529,.T.);
#527 = VERTEX_POINT('',#528);
#528 = CARTESIAN_POINT('',(105.62,-100.,0.));
#529 = CIRCLE('',#530,0.4);
#530 = AXIS2_PLACEMENT_3D('',#531,#532,#533);
#531 = CARTESIAN_POINT('',(105.62,-99.6,0.));
#532 = DIRECTION('',(-0.,0.,-1.));
#533 = DIRECTION('',(-0.,-1.,0.));
#534 = FACE_BOUND('',#535,.F.);
#535 = EDGE_LOOP('',(#536));
#536 = ORIENTED_EDGE('',*,*,#537,.T.);
#537 = EDGE_CURVE('',#538,#538,#540,.T.);
#538 = VERTEX_POINT('',#539);
#539 = CARTESIAN_POINT('',(120.8,-100.,0.));
#540 = CIRCLE('',#541,0.4);
#541 = AXIS2_PLACEMENT_3D('',#542,#543,#544);
#542 = CARTESIAN_POINT('',(120.8,-99.6,0.));
#543 = DIRECTION('',(-0.,0.,-1.));
#544 = DIRECTION('',(-3.552713678801E-14,-1.,0.));
#545 = FACE_BOUND('',#546,.F.);
#546 = EDGE_LOOP('',(#547));
#547 = ORIENTED_EDGE('',*,*,#548,.T.);
#548 = EDGE_CURVE('',#549,#549,#551,.T.);
#549 = VERTEX_POINT('',#550);
#550 = CARTESIAN_POINT('',(134.8,-99.81,0.));
#551 = CIRCLE('',#552,0.4);
#552 = AXIS2_PLACEMENT_3D('',#553,#554,#555);
#553 = CARTESIAN_POINT('',(134.8,-99.41,0.));
#554 = DIRECTION('',(-0.,0.,-1.));
#555 = DIRECTION('',(-0.,-1.,0.));
#556 = FACE_BOUND('',#557,.F.);
#557 = EDGE_LOOP('',(#558));
#558 = ORIENTED_EDGE('',*,*,#559,.T.);
#559 = EDGE_CURVE('',#560,#560,#562,.T.);
#560 = VERTEX_POINT('',#561);
#561 = CARTESIAN_POINT('',(155.6,-119.35,0.));
#562 = CIRCLE('',#563,0.6);
#563 = AXIS2_PLACEMENT_3D('',#564,#565,#566);
#564 = CARTESIAN_POINT('',(155.6,-118.75,0.));
#565 = DIRECTION('',(-0.,0.,-1.));
#566 = DIRECTION('',(-0.,-1.,0.));
#567 = FACE_BOUND('',#568,.F.);
#568 = EDGE_LOOP('',(#569));
#569 = ORIENTED_EDGE('',*,*,#570,.T.);
#570 = EDGE_CURVE('',#571,#571,#573,.T.);
#571 = VERTEX_POINT('',#572);
#572 = CARTESIAN_POINT('',(188.05,-120.485,0.));
#573 = CIRCLE('',#574,0.4);
#574 = AXIS2_PLACEMENT_3D('',#575,#576,#577);
#575 = CARTESIAN_POINT('',(188.05,-120.085,0.));
#576 = DIRECTION('',(-0.,0.,-1.));
#577 = DIRECTION('',(-0.,-1.,0.));
#578 = FACE_BOUND('',#579,.F.);
#579 = EDGE_LOOP('',(#580));
#580 = ORIENTED_EDGE('',*,*,#581,.T.);
#581 = EDGE_CURVE('',#582,#582,#584,.T.);
#582 = VERTEX_POINT('',#583);
#583 = CARTESIAN_POINT('',(192.25,-120.495,0.));
#584 = CIRCLE('',#585,0.4);
#585 = AXIS2_PLACEMENT_3D('',#586,#587,#588);
#586 = CARTESIAN_POINT('',(192.25,-120.095,0.));
#587 = DIRECTION('',(-0.,0.,-1.));
#588 = DIRECTION('',(-0.,-1.,0.));
#589 = FACE_BOUND('',#590,.F.);
#590 = EDGE_LOOP('',(#591,#602,#610,#619));
#591 = ORIENTED_EDGE('',*,*,#592,.T.);
#592 = EDGE_CURVE('',#593,#595,#597,.T.);
#593 = VERTEX_POINT('',#594);
#594 = CARTESIAN_POINT('',(196.1,-120.15,0.));
#595 = VERTEX_POINT('',#596);
#596 = CARTESIAN_POINT('',(194.9,-120.15,0.));
#597 = CIRCLE('',#598,0.6);
#598 = AXIS2_PLACEMENT_3D('',#599,#600,#601);
#599 = CARTESIAN_POINT('',(195.5,-120.15,0.));
#600 = DIRECTION('',(-0.,0.,-1.));
#601 = DIRECTION('',(-1.,-2.368475785867E-14,0.));
#602 = ORIENTED_EDGE('',*,*,#603,.T.);
#603 = EDGE_CURVE('',#595,#604,#606,.T.);
#604 = VERTEX_POINT('',#605);
#605 = CARTESIAN_POINT('',(194.9,-119.85,0.));
#606 = LINE('',#607,#608);
#607 = CARTESIAN_POINT('',(194.9,-59.925,0.));
#608 = VECTOR('',#609,1.);
#609 = DIRECTION('',(-0.,1.,0.));
#610 = ORIENTED_EDGE('',*,*,#611,.T.);
#611 = EDGE_CURVE('',#604,#612,#614,.T.);
#612 = VERTEX_POINT('',#613);
#613 = CARTESIAN_POINT('',(196.1,-119.85,0.));
#614 = CIRCLE('',#615,0.6);
#615 = AXIS2_PLACEMENT_3D('',#616,#617,#618);
#616 = CARTESIAN_POINT('',(195.5,-119.85,0.));
#617 = DIRECTION('',(0.,-0.,-1.));
#618 = DIRECTION('',(1.,2.368475785867E-14,-0.));
#619 = ORIENTED_EDGE('',*,*,#620,.T.);
#620 = EDGE_CURVE('',#612,#593,#621,.T.);
#621 = LINE('',#622,#623);
#622 = CARTESIAN_POINT('',(196.1,-60.075,0.));
#623 = VECTOR('',#624,1.);
#624 = DIRECTION('',(0.,-1.,0.));
#625 = FACE_BOUND('',#626,.F.);
#626 = EDGE_LOOP('',(#627,#638,#646,#655));
#627 = ORIENTED_EDGE('',*,*,#628,.T.);
#628 = EDGE_CURVE('',#629,#631,#633,.T.);
#629 = VERTEX_POINT('',#630);
#630 = CARTESIAN_POINT('',(196.1,-116.15,0.));
#631 = VERTEX_POINT('',#632);
#632 = CARTESIAN_POINT('',(194.9,-116.15,0.));
#633 = CIRCLE('',#634,0.6);
#634 = AXIS2_PLACEMENT_3D('',#635,#636,#637);
#635 = CARTESIAN_POINT('',(195.5,-116.15,0.));
#636 = DIRECTION('',(-0.,0.,-1.));
#637 = DIRECTION('',(-1.,-2.368475785867E-14,0.));
#638 = ORIENTED_EDGE('',*,*,#639,.T.);
#639 = EDGE_CURVE('',#631,#640,#642,.T.);
#640 = VERTEX_POINT('',#641);
#641 = CARTESIAN_POINT('',(194.9,-115.85,0.));
#642 = LINE('',#643,#644);
#643 = CARTESIAN_POINT('',(194.9,-57.925,0.));
#644 = VECTOR('',#645,1.);
#645 = DIRECTION('',(-0.,1.,0.));
#646 = ORIENTED_EDGE('',*,*,#647,.T.);
#647 = EDGE_CURVE('',#640,#648,#650,.T.);
#648 = VERTEX_POINT('',#649);
#649 = CARTESIAN_POINT('',(196.1,-115.85,0.));
#650 = CIRCLE('',#651,0.6);
#651 = AXIS2_PLACEMENT_3D('',#652,#653,#654);
#652 = CARTESIAN_POINT('',(195.5,-115.85,0.));
#653 = DIRECTION('',(0.,-0.,-1.));
#654 = DIRECTION('',(1.,2.368475785867E-14,-0.));
#655 = ORIENTED_EDGE('',*,*,#656,.T.);
#656 = EDGE_CURVE('',#648,#629,#657,.T.);
#657 = LINE('',#658,#659);
#658 = CARTESIAN_POINT('',(196.1,-58.075,0.));
#659 = VECTOR('',#660,1.);
#660 = DIRECTION('',(0.,-1.,0.));
#661 = FACE_BOUND('',#662,.F.);
#662 = EDGE_LOOP('',(#663));
#663 = ORIENTED_EDGE('',*,*,#664,.T.);
#664 = EDGE_CURVE('',#665,#665,#667,.T.);
#665 = VERTEX_POINT('',#666);
#666 = CARTESIAN_POINT('',(168.46,-115.295,0.));
#667 = CIRCLE('',#668,0.55);
#668 = AXIS2_PLACEMENT_3D('',#669,#670,#671);
#669 = CARTESIAN_POINT('',(168.46,-114.745,0.));
#670 = DIRECTION('',(-0.,0.,-1.));
#671 = DIRECTION('',(5.167583532801E-14,-1.,-0.));
#672 = FACE_BOUND('',#673,.F.);
#673 = EDGE_LOOP('',(#674));
#674 = ORIENTED_EDGE('',*,*,#675,.T.);
#675 = EDGE_CURVE('',#676,#676,#678,.T.);
#676 = VERTEX_POINT('',#677);
#677 = CARTESIAN_POINT('',(171.,-115.295,0.));
#678 = CIRCLE('',#679,0.55);
#679 = AXIS2_PLACEMENT_3D('',#680,#681,#682);
#680 = CARTESIAN_POINT('',(171.,-114.745,0.));
#681 = DIRECTION('',(-0.,0.,-1.));
#682 = DIRECTION('',(-0.,-1.,0.));
#683 = FACE_BOUND('',#684,.F.);
#684 = EDGE_LOOP('',(#685));
#685 = ORIENTED_EDGE('',*,*,#686,.T.);
#686 = EDGE_CURVE('',#687,#687,#689,.T.);
#687 = VERTEX_POINT('',#688);
#688 = CARTESIAN_POINT('',(173.54,-115.295,0.));
#689 = CIRCLE('',#690,0.55);
#690 = AXIS2_PLACEMENT_3D('',#691,#692,#693);
#691 = CARTESIAN_POINT('',(173.54,-114.745,0.));
#692 = DIRECTION('',(-0.,0.,-1.));
#693 = DIRECTION('',(-5.167583532801E-14,-1.,0.));
#694 = FACE_BOUND('',#695,.F.);
#695 = EDGE_LOOP('',(#696));
#696 = ORIENTED_EDGE('',*,*,#697,.T.);
#697 = EDGE_CURVE('',#698,#698,#700,.T.);
#698 = VERTEX_POINT('',#699);
#699 = CARTESIAN_POINT('',(188.05,-112.865,0.));
#700 = CIRCLE('',#701,0.4);
#701 = AXIS2_PLACEMENT_3D('',#702,#703,#704);
#702 = CARTESIAN_POINT('',(188.05,-112.465,0.));
#703 = DIRECTION('',(-0.,0.,-1.));
#704 = DIRECTION('',(-0.,-1.,0.));
#705 = FACE_BOUND('',#706,.F.);
#706 = EDGE_LOOP('',(#707));
#707 = ORIENTED_EDGE('',*,*,#708,.T.);
#708 = EDGE_CURVE('',#709,#709,#711,.T.);
#709 = VERTEX_POINT('',#710);
#710 = CARTESIAN_POINT('',(192.25,-112.875,0.));
#711 = CIRCLE('',#712,0.4);
#712 = AXIS2_PLACEMENT_3D('',#713,#714,#715);
#713 = CARTESIAN_POINT('',(192.25,-112.475,0.));
#714 = DIRECTION('',(-0.,0.,-1.));
#715 = DIRECTION('',(-0.,-1.,0.));
#716 = FACE_BOUND('',#717,.F.);
#717 = EDGE_LOOP('',(#718,#729,#737,#746));
#718 = ORIENTED_EDGE('',*,*,#719,.T.);
#719 = EDGE_CURVE('',#720,#722,#724,.T.);
#720 = VERTEX_POINT('',#721);
#721 = CARTESIAN_POINT('',(196.1,-111.15,0.));
#722 = VERTEX_POINT('',#723);
#723 = CARTESIAN_POINT('',(194.9,-111.15,0.));
#724 = CIRCLE('',#725,0.6);
#725 = AXIS2_PLACEMENT_3D('',#726,#727,#728);
#726 = CARTESIAN_POINT('',(195.5,-111.15,0.));
#727 = DIRECTION('',(-0.,0.,-1.));
#728 = DIRECTION('',(-1.,-2.368475785867E-14,0.));
#729 = ORIENTED_EDGE('',*,*,#730,.T.);
#730 = EDGE_CURVE('',#722,#731,#733,.T.);
#731 = VERTEX_POINT('',#732);
#732 = CARTESIAN_POINT('',(194.9,-110.85,0.));
#733 = LINE('',#734,#735);
#734 = CARTESIAN_POINT('',(194.9,-55.425,0.));
#735 = VECTOR('',#736,1.);
#736 = DIRECTION('',(-0.,1.,0.));
#737 = ORIENTED_EDGE('',*,*,#738,.T.);
#738 = EDGE_CURVE('',#731,#739,#741,.T.);
#739 = VERTEX_POINT('',#740);
#740 = CARTESIAN_POINT('',(196.1,-110.85,0.));
#741 = CIRCLE('',#742,0.6);
#742 = AXIS2_PLACEMENT_3D('',#743,#744,#745);
#743 = CARTESIAN_POINT('',(195.5,-110.85,0.));
#744 = DIRECTION('',(0.,-0.,-1.));
#745 = DIRECTION('',(1.,2.368475785867E-14,-0.));
#746 = ORIENTED_EDGE('',*,*,#747,.T.);
#747 = EDGE_CURVE('',#739,#720,#748,.T.);
#748 = LINE('',#749,#750);
#749 = CARTESIAN_POINT('',(196.1,-55.575,0.));
#750 = VECTOR('',#751,1.);
#751 = DIRECTION('',(0.,-1.,0.));
#752 = FACE_BOUND('',#753,.F.);
#753 = EDGE_LOOP('',(#754,#765,#773,#782));
#754 = ORIENTED_EDGE('',*,*,#755,.T.);
#755 = EDGE_CURVE('',#756,#758,#760,.T.);
#756 = VERTEX_POINT('',#757);
#757 = CARTESIAN_POINT('',(206.5,-119.5,0.));
#758 = VERTEX_POINT('',#759);
#759 = CARTESIAN_POINT('',(204.5,-119.5,0.));
#760 = CIRCLE('',#761,1.);
#761 = AXIS2_PLACEMENT_3D('',#762,#763,#764);
#762 = CARTESIAN_POINT('',(205.5,-119.5,0.));
#763 = DIRECTION('',(-0.,0.,-1.));
#764 = DIRECTION('',(-1.,0.,0.));
#765 = ORIENTED_EDGE('',*,*,#766,.T.);
#766 = EDGE_CURVE('',#758,#767,#769,.T.);
#767 = VERTEX_POINT('',#768);
#768 = CARTESIAN_POINT('',(204.5,-117.5,0.));
#769 = LINE('',#770,#771);
#770 = CARTESIAN_POINT('',(204.5,-58.75,0.));
#771 = VECTOR('',#772,1.);
#772 = DIRECTION('',(-0.,1.,0.));
#773 = ORIENTED_EDGE('',*,*,#774,.T.);
#774 = EDGE_CURVE('',#767,#775,#777,.T.);
#775 = VERTEX_POINT('',#776);
#776 = CARTESIAN_POINT('',(206.5,-117.5,0.));
#777 = CIRCLE('',#778,1.);
#778 = AXIS2_PLACEMENT_3D('',#779,#780,#781);
#779 = CARTESIAN_POINT('',(205.5,-117.5,0.));
#780 = DIRECTION('',(0.,-0.,-1.));
#781 = DIRECTION('',(1.,0.,-0.));
#782 = ORIENTED_EDGE('',*,*,#783,.T.);
#783 = EDGE_CURVE('',#775,#756,#784,.T.);
#784 = LINE('',#785,#786);
#785 = CARTESIAN_POINT('',(206.5,-59.75,0.));
#786 = VECTOR('',#787,1.);
#787 = DIRECTION('',(0.,-1.,0.));
#788 = FACE_BOUND('',#789,.F.);
#789 = EDGE_LOOP('',(#790,#801,#809,#818));
#790 = ORIENTED_EDGE('',*,*,#791,.T.);
#791 = EDGE_CURVE('',#792,#794,#796,.T.);
#792 = VERTEX_POINT('',#793);
#793 = CARTESIAN_POINT('',(222.5,-119.5,0.));
#794 = VERTEX_POINT('',#795);
#795 = CARTESIAN_POINT('',(220.5,-119.5,0.));
#796 = CIRCLE('',#797,1.);
#797 = AXIS2_PLACEMENT_3D('',#798,#799,#800);
#798 = CARTESIAN_POINT('',(221.5,-119.5,0.));
#799 = DIRECTION('',(-0.,0.,-1.));
#800 = DIRECTION('',(-1.,0.,0.));
#801 = ORIENTED_EDGE('',*,*,#802,.T.);
#802 = EDGE_CURVE('',#794,#803,#805,.T.);
#803 = VERTEX_POINT('',#804);
#804 = CARTESIAN_POINT('',(220.5,-117.5,0.));
#805 = LINE('',#806,#807);
#806 = CARTESIAN_POINT('',(220.5,-58.75,0.));
#807 = VECTOR('',#808,1.);
#808 = DIRECTION('',(-0.,1.,0.));
#809 = ORIENTED_EDGE('',*,*,#810,.T.);
#810 = EDGE_CURVE('',#803,#811,#813,.T.);
#811 = VERTEX_POINT('',#812);
#812 = CARTESIAN_POINT('',(222.5,-117.5,0.));
#813 = CIRCLE('',#814,1.);
#814 = AXIS2_PLACEMENT_3D('',#815,#816,#817);
#815 = CARTESIAN_POINT('',(221.5,-117.5,0.));
#816 = DIRECTION('',(0.,-0.,-1.));
#817 = DIRECTION('',(1.,0.,-0.));
#818 = ORIENTED_EDGE('',*,*,#819,.T.);
#819 = EDGE_CURVE('',#811,#792,#820,.T.);
#820 = LINE('',#821,#822);
#821 = CARTESIAN_POINT('',(222.5,-59.75,0.));
#822 = VECTOR('',#823,1.);
#823 = DIRECTION('',(0.,-1.,0.));
#824 = FACE_BOUND('',#825,.F.);
#825 = EDGE_LOOP('',(#826));
#826 = ORIENTED_EDGE('',*,*,#827,.T.);
#827 = EDGE_CURVE('',#828,#828,#830,.T.);
#828 = VERTEX_POINT('',#829);
#829 = CARTESIAN_POINT('',(231.,-121.49,0.));
#830 = CIRCLE('',#831,0.45);
#831 = AXIS2_PLACEMENT_3D('',#832,#833,#834);
#832 = CARTESIAN_POINT('',(231.,-121.04,0.));
#833 = DIRECTION('',(-0.,0.,-1.));
#834 = DIRECTION('',(-0.,-1.,0.));
#835 = FACE_BOUND('',#836,.F.);
#836 = EDGE_LOOP('',(#837));
#837 = ORIENTED_EDGE('',*,*,#838,.T.);
#838 = EDGE_CURVE('',#839,#839,#841,.T.);
#839 = VERTEX_POINT('',#840);
#840 = CARTESIAN_POINT('',(231.,-118.95,0.));
#841 = CIRCLE('',#842,0.45);
#842 = AXIS2_PLACEMENT_3D('',#843,#844,#845);
#843 = CARTESIAN_POINT('',(231.,-118.5,0.));
#844 = DIRECTION('',(-0.,0.,-1.));
#845 = DIRECTION('',(-0.,-1.,0.));
#846 = FACE_BOUND('',#847,.F.);
#847 = EDGE_LOOP('',(#848,#859,#867,#876));
#848 = ORIENTED_EDGE('',*,*,#849,.T.);
#849 = EDGE_CURVE('',#850,#852,#854,.T.);
#850 = VERTEX_POINT('',#851);
#851 = CARTESIAN_POINT('',(206.5,-113.5,0.));
#852 = VERTEX_POINT('',#853);
#853 = CARTESIAN_POINT('',(204.5,-113.5,0.));
#854 = CIRCLE('',#855,1.);
#855 = AXIS2_PLACEMENT_3D('',#856,#857,#858);
#856 = CARTESIAN_POINT('',(205.5,-113.5,0.));
#857 = DIRECTION('',(-0.,0.,-1.));
#858 = DIRECTION('',(-1.,0.,0.));
#859 = ORIENTED_EDGE('',*,*,#860,.T.);
#860 = EDGE_CURVE('',#852,#861,#863,.T.);
#861 = VERTEX_POINT('',#862);
#862 = CARTESIAN_POINT('',(204.5,-111.5,0.));
#863 = LINE('',#864,#865);
#864 = CARTESIAN_POINT('',(204.5,-55.75,0.));
#865 = VECTOR('',#866,1.);
#866 = DIRECTION('',(-0.,1.,0.));
#867 = ORIENTED_EDGE('',*,*,#868,.T.);
#868 = EDGE_CURVE('',#861,#869,#871,.T.);
#869 = VERTEX_POINT('',#870);
#870 = CARTESIAN_POINT('',(206.5,-111.5,0.));
#871 = CIRCLE('',#872,1.);
#872 = AXIS2_PLACEMENT_3D('',#873,#874,#875);
#873 = CARTESIAN_POINT('',(205.5,-111.5,0.));
#874 = DIRECTION('',(0.,-0.,-1.));
#875 = DIRECTION('',(1.,0.,-0.));
#876 = ORIENTED_EDGE('',*,*,#877,.T.);
#877 = EDGE_CURVE('',#869,#850,#878,.T.);
#878 = LINE('',#879,#880);
#879 = CARTESIAN_POINT('',(206.5,-56.75,0.));
#880 = VECTOR('',#881,1.);
#881 = DIRECTION('',(0.,-1.,0.));
#882 = FACE_BOUND('',#883,.F.);
#883 = EDGE_LOOP('',(#884,#895,#903,#912));
#884 = ORIENTED_EDGE('',*,*,#885,.T.);
#885 = EDGE_CURVE('',#886,#888,#890,.T.);
#886 = VERTEX_POINT('',#887);
#887 = CARTESIAN_POINT('',(201.6,-110.65,0.));
#888 = VERTEX_POINT('',#889);
#889 = CARTESIAN_POINT('',(200.4,-110.65,0.));
#890 = CIRCLE('',#891,0.6);
#891 = AXIS2_PLACEMENT_3D('',#892,#893,#894);
#892 = CARTESIAN_POINT('',(201.,-110.65,0.));
#893 = DIRECTION('',(-0.,0.,-1.));
#894 = DIRECTION('',(-1.,-2.368475785867E-14,0.));
#895 = ORIENTED_EDGE('',*,*,#896,.T.);
#896 = EDGE_CURVE('',#888,#897,#899,.T.);
#897 = VERTEX_POINT('',#898);
#898 = CARTESIAN_POINT('',(200.4,-110.35,0.));
#899 = LINE('',#900,#901);
#900 = CARTESIAN_POINT('',(200.4,-55.175,0.));
#901 = VECTOR('',#902,1.);
#902 = DIRECTION('',(-0.,1.,0.));
#903 = ORIENTED_EDGE('',*,*,#904,.T.);
#904 = EDGE_CURVE('',#897,#905,#907,.T.);
#905 = VERTEX_POINT('',#906);
#906 = CARTESIAN_POINT('',(201.6,-110.35,0.));
#907 = CIRCLE('',#908,0.6);
#908 = AXIS2_PLACEMENT_3D('',#909,#910,#911);
#909 = CARTESIAN_POINT('',(201.,-110.35,0.));
#910 = DIRECTION('',(0.,-0.,-1.));
#911 = DIRECTION('',(1.,2.368475785867E-14,-0.));
#912 = ORIENTED_EDGE('',*,*,#913,.T.);
#913 = EDGE_CURVE('',#905,#886,#914,.T.);
#914 = LINE('',#915,#916);
#915 = CARTESIAN_POINT('',(201.6,-55.325,0.));
#916 = VECTOR('',#917,1.);
#917 = DIRECTION('',(0.,-1.,0.));
#918 = FACE_BOUND('',#919,.F.);
#919 = EDGE_LOOP('',(#920,#931,#939,#948));
#920 = ORIENTED_EDGE('',*,*,#921,.T.);
#921 = EDGE_CURVE('',#922,#924,#926,.T.);
#922 = VERTEX_POINT('',#923);
#923 = CARTESIAN_POINT('',(222.5,-113.5,0.));
#924 = VERTEX_POINT('',#925);
#925 = CARTESIAN_POINT('',(220.5,-113.5,0.));
#926 = CIRCLE('',#927,1.);
#927 = AXIS2_PLACEMENT_3D('',#928,#929,#930);
#928 = CARTESIAN_POINT('',(221.5,-113.5,0.));
#929 = DIRECTION('',(-0.,0.,-1.));
#930 = DIRECTION('',(-1.,0.,0.));
#931 = ORIENTED_EDGE('',*,*,#932,.T.);
#932 = EDGE_CURVE('',#924,#933,#935,.T.);
#933 = VERTEX_POINT('',#934);
#934 = CARTESIAN_POINT('',(220.5,-111.5,0.));
#935 = LINE('',#936,#937);
#936 = CARTESIAN_POINT('',(220.5,-55.75,0.));
#937 = VECTOR('',#938,1.);
#938 = DIRECTION('',(-0.,1.,0.));
#939 = ORIENTED_EDGE('',*,*,#940,.T.);
#940 = EDGE_CURVE('',#933,#941,#943,.T.);
#941 = VERTEX_POINT('',#942);
#942 = CARTESIAN_POINT('',(222.5,-111.5,0.));
#943 = CIRCLE('',#944,1.);
#944 = AXIS2_PLACEMENT_3D('',#945,#946,#947);
#945 = CARTESIAN_POINT('',(221.5,-111.5,0.));
#946 = DIRECTION('',(0.,-0.,-1.));
#947 = DIRECTION('',(1.,0.,-0.));
#948 = ORIENTED_EDGE('',*,*,#949,.T.);
#949 = EDGE_CURVE('',#941,#922,#950,.T.);
#950 = LINE('',#951,#952);
#951 = CARTESIAN_POINT('',(222.5,-56.75,0.));
#952 = VECTOR('',#953,1.);
#953 = DIRECTION('',(0.,-1.,0.));
#954 = FACE_BOUND('',#955,.F.);
#955 = EDGE_LOOP('',(#956));
#956 = ORIENTED_EDGE('',*,*,#957,.T.);
#957 = EDGE_CURVE('',#958,#958,#960,.T.);
#958 = VERTEX_POINT('',#959);
#959 = CARTESIAN_POINT('',(231.2,-110.82,0.));
#960 = CIRCLE('',#961,0.4);
#961 = AXIS2_PLACEMENT_3D('',#962,#963,#964);
#962 = CARTESIAN_POINT('',(231.2,-110.42,0.));
#963 = DIRECTION('',(-0.,0.,-1.));
#964 = DIRECTION('',(-0.,-1.,0.));
#965 = FACE_BOUND('',#966,.F.);
#966 = EDGE_LOOP('',(#967));
#967 = ORIENTED_EDGE('',*,*,#968,.T.);
#968 = EDGE_CURVE('',#969,#969,#971,.T.);
#969 = VERTEX_POINT('',#970);
#970 = CARTESIAN_POINT('',(243.5,-114.15,0.));
#971 = CIRCLE('',#972,2.15);
#972 = AXIS2_PLACEMENT_3D('',#973,#974,#975);
#973 = CARTESIAN_POINT('',(243.5,-112.,0.));
#974 = DIRECTION('',(-0.,0.,-1.));
#975 = DIRECTION('',(-0.,-1.,0.));
#976 = FACE_BOUND('',#977,.F.);
#977 = EDGE_LOOP('',(#978));
#978 = ORIENTED_EDGE('',*,*,#979,.T.);
#979 = EDGE_CURVE('',#980,#980,#982,.T.);
#980 = VERTEX_POINT('',#981);
#981 = CARTESIAN_POINT('',(167.,-108.8,0.));
#982 = CIRCLE('',#983,0.4);
#983 = AXIS2_PLACEMENT_3D('',#984,#985,#986);
#984 = CARTESIAN_POINT('',(167.,-108.4,0.));
#985 = DIRECTION('',(-0.,0.,-1.));
#986 = DIRECTION('',(-0.,-1.,0.));
#987 = FACE_BOUND('',#988,.F.);
#988 = EDGE_LOOP('',(#989));
#989 = ORIENTED_EDGE('',*,*,#990,.T.);
#990 = EDGE_CURVE('',#991,#991,#993,.T.);
#991 = VERTEX_POINT('',#992);
#992 = CARTESIAN_POINT('',(169.54,-108.8,0.));
#993 = CIRCLE('',#994,0.4);
#994 = AXIS2_PLACEMENT_3D('',#995,#996,#997);
#995 = CARTESIAN_POINT('',(169.54,-108.4,0.));
#996 = DIRECTION('',(-0.,0.,-1.));
#997 = DIRECTION('',(-0.,-1.,0.));
#998 = FACE_BOUND('',#999,.F.);
#999 = EDGE_LOOP('',(#1000));
#1000 = ORIENTED_EDGE('',*,*,#1001,.T.);
#1001 = EDGE_CURVE('',#1002,#1002,#1004,.T.);
#1002 = VERTEX_POINT('',#1003);
#1003 = CARTESIAN_POINT('',(172.08,-108.8,0.));
#1004 = CIRCLE('',#1005,0.4);
#1005 = AXIS2_PLACEMENT_3D('',#1006,#1007,#1008);
#1006 = CARTESIAN_POINT('',(172.08,-108.4,0.));
#1007 = DIRECTION('',(-0.,0.,-1.));
#1008 = DIRECTION('',(7.105427357601E-14,-1.,-0.));
#1009 = FACE_BOUND('',#1010,.F.);
#1010 = EDGE_LOOP('',(#1011));
#1011 = ORIENTED_EDGE('',*,*,#1012,.T.);
#1012 = EDGE_CURVE('',#1013,#1013,#1015,.T.);
#1013 = VERTEX_POINT('',#1014);
#1014 = CARTESIAN_POINT('',(174.62,-108.8,0.));
#1015 = CIRCLE('',#1016,0.4);
#1016 = AXIS2_PLACEMENT_3D('',#1017,#1018,#1019);
#1017 = CARTESIAN_POINT('',(174.62,-108.4,0.));
#1018 = DIRECTION('',(-0.,0.,-1.));
#1019 = DIRECTION('',(-0.,-1.,0.));
#1020 = FACE_BOUND('',#1021,.F.);
#1021 = EDGE_LOOP('',(#1022));
#1022 = ORIENTED_EDGE('',*,*,#1023,.T.);
#1023 = EDGE_CURVE('',#1024,#1024,#1026,.T.);
#1024 = VERTEX_POINT('',#1025);
#1025 = CARTESIAN_POINT('',(179.8,-107.75,0.));
#1026 = CIRCLE('',#1027,0.55);
#1027 = AXIS2_PLACEMENT_3D('',#1028,#1029,#1030);
#1028 = CARTESIAN_POINT('',(179.8,-107.2,0.));
#1029 = DIRECTION('',(-0.,0.,-1.));
#1030 = DIRECTION('',(-0.,-1.,0.));
#1031 = FACE_BOUND('',#1032,.F.);
#1032 = EDGE_LOOP('',(#1033));
#1033 = ORIENTED_EDGE('',*,*,#1034,.T.);
#1034 = EDGE_CURVE('',#1035,#1035,#1037,.T.);
#1035 = VERTEX_POINT('',#1036);
#1036 = CARTESIAN_POINT('',(179.8,-105.21,0.));
#1037 = CIRCLE('',#1038,0.55);
#1038 = AXIS2_PLACEMENT_3D('',#1039,#1040,#1041);
#1039 = CARTESIAN_POINT('',(179.8,-104.66,0.));
#1040 = DIRECTION('',(-0.,0.,-1.));
#1041 = DIRECTION('',(-0.,-1.,0.));
#1042 = FACE_BOUND('',#1043,.F.);
#1043 = EDGE_LOOP('',(#1044));
#1044 = ORIENTED_EDGE('',*,*,#1045,.T.);
#1045 = EDGE_CURVE('',#1046,#1046,#1048,.T.);
#1046 = VERTEX_POINT('',#1047);
#1047 = CARTESIAN_POINT('',(167.,-101.18,0.));
#1048 = CIRCLE('',#1049,0.4);
#1049 = AXIS2_PLACEMENT_3D('',#1050,#1051,#1052);
#1050 = CARTESIAN_POINT('',(167.,-100.78,0.));
#1051 = DIRECTION('',(-0.,0.,-1.));
#1052 = DIRECTION('',(-0.,-1.,0.));
#1053 = FACE_BOUND('',#1054,.F.);
#1054 = EDGE_LOOP('',(#1055));
#1055 = ORIENTED_EDGE('',*,*,#1056,.T.);
#1056 = EDGE_CURVE('',#1057,#1057,#1059,.T.);
#1057 = VERTEX_POINT('',#1058);
#1058 = CARTESIAN_POINT('',(169.54,-101.18,0.));
#1059 = CIRCLE('',#1060,0.4);
#1060 = AXIS2_PLACEMENT_3D('',#1061,#1062,#1063);
#1061 = CARTESIAN_POINT('',(169.54,-100.78,0.));
#1062 = DIRECTION('',(-0.,0.,-1.));
#1063 = DIRECTION('',(-0.,-1.,0.));
#1064 = FACE_BOUND('',#1065,.F.);
#1065 = EDGE_LOOP('',(#1066));
#1066 = ORIENTED_EDGE('',*,*,#1067,.T.);
#1067 = EDGE_CURVE('',#1068,#1068,#1070,.T.);
#1068 = VERTEX_POINT('',#1069);
#1069 = CARTESIAN_POINT('',(172.08,-101.18,0.));
#1070 = CIRCLE('',#1071,0.4);
#1071 = AXIS2_PLACEMENT_3D('',#1072,#1073,#1074);
#1072 = CARTESIAN_POINT('',(172.08,-100.78,0.));
#1073 = DIRECTION('',(-0.,0.,-1.));
#1074 = DIRECTION('',(7.105427357601E-14,-1.,-0.));
#1075 = FACE_BOUND('',#1076,.F.);
#1076 = EDGE_LOOP('',(#1077));
#1077 = ORIENTED_EDGE('',*,*,#1078,.T.);
#1078 = EDGE_CURVE('',#1079,#1079,#1081,.T.);
#1079 = VERTEX_POINT('',#1080);
#1080 = CARTESIAN_POINT('',(174.62,-101.18,0.));
#1081 = CIRCLE('',#1082,0.4);
#1082 = AXIS2_PLACEMENT_3D('',#1083,#1084,#1085);
#1083 = CARTESIAN_POINT('',(174.62,-100.78,0.));
#1084 = DIRECTION('',(-0.,0.,-1.));
#1085 = DIRECTION('',(-0.,-1.,0.));
#1086 = FACE_BOUND('',#1087,.F.);
#1087 = EDGE_LOOP('',(#1088));
#1088 = ORIENTED_EDGE('',*,*,#1089,.T.);
#1089 = EDGE_CURVE('',#1090,#1090,#1092,.T.);
#1090 = VERTEX_POINT('',#1091);
#1091 = CARTESIAN_POINT('',(179.8,-102.67,0.));
#1092 = CIRCLE('',#1093,0.55);
#1093 = AXIS2_PLACEMENT_3D('',#1094,#1095,#1096);
#1094 = CARTESIAN_POINT('',(179.8,-102.12,0.));
#1095 = DIRECTION('',(-0.,0.,-1.));
#1096 = DIRECTION('',(-0.,-1.,0.));
#1097 = FACE_BOUND('',#1098,.F.);
#1098 = EDGE_LOOP('',(#1099,#1110,#1118,#1127));
#1099 = ORIENTED_EDGE('',*,*,#1100,.T.);
#1100 = EDGE_CURVE('',#1101,#1103,#1105,.T.);
#1101 = VERTEX_POINT('',#1102);
#1102 = CARTESIAN_POINT('',(206.5,-107.5,0.));
#1103 = VERTEX_POINT('',#1104);
#1104 = CARTESIAN_POINT('',(204.5,-107.5,0.));
#1105 = CIRCLE('',#1106,1.);
#1106 = AXIS2_PLACEMENT_3D('',#1107,#1108,#1109);
#1107 = CARTESIAN_POINT('',(205.5,-107.5,0.));
#1108 = DIRECTION('',(-0.,0.,-1.));
#1109 = DIRECTION('',(-1.,0.,0.));
#1110 = ORIENTED_EDGE('',*,*,#1111,.T.);
#1111 = EDGE_CURVE('',#1103,#1112,#1114,.T.);
#1112 = VERTEX_POINT('',#1113);
#1113 = CARTESIAN_POINT('',(204.5,-105.5,0.));
#1114 = LINE('',#1115,#1116);
#1115 = CARTESIAN_POINT('',(204.5,-52.75,0.));
#1116 = VECTOR('',#1117,1.);
#1117 = DIRECTION('',(-0.,1.,0.));
#1118 = ORIENTED_EDGE('',*,*,#1119,.T.);
#1119 = EDGE_CURVE('',#1112,#1120,#1122,.T.);
#1120 = VERTEX_POINT('',#1121);
#1121 = CARTESIAN_POINT('',(206.5,-105.5,0.));
#1122 = CIRCLE('',#1123,1.);
#1123 = AXIS2_PLACEMENT_3D('',#1124,#1125,#1126);
#1124 = CARTESIAN_POINT('',(205.5,-105.5,0.));
#1125 = DIRECTION('',(0.,-0.,-1.));
#1126 = DIRECTION('',(1.,0.,-0.));
#1127 = ORIENTED_EDGE('',*,*,#1128,.T.);
#1128 = EDGE_CURVE('',#1120,#1101,#1129,.T.);
#1129 = LINE('',#1130,#1131);
#1130 = CARTESIAN_POINT('',(206.5,-53.75,0.));
#1131 = VECTOR('',#1132,1.);
#1132 = DIRECTION('',(0.,-1.,0.));
#1133 = FACE_BOUND('',#1134,.F.);
#1134 = EDGE_LOOP('',(#1135,#1146,#1154,#1163));
#1135 = ORIENTED_EDGE('',*,*,#1136,.T.);
#1136 = EDGE_CURVE('',#1137,#1139,#1141,.T.);
#1137 = VERTEX_POINT('',#1138);
#1138 = CARTESIAN_POINT('',(222.5,-107.5,0.));
#1139 = VERTEX_POINT('',#1140);
#1140 = CARTESIAN_POINT('',(220.5,-107.5,0.));
#1141 = CIRCLE('',#1142,1.);
#1142 = AXIS2_PLACEMENT_3D('',#1143,#1144,#1145);
#1143 = CARTESIAN_POINT('',(221.5,-107.5,0.));
#1144 = DIRECTION('',(-0.,0.,-1.));
#1145 = DIRECTION('',(-1.,0.,0.));
#1146 = ORIENTED_EDGE('',*,*,#1147,.T.);
#1147 = EDGE_CURVE('',#1139,#1148,#1150,.T.);
#1148 = VERTEX_POINT('',#1149);
#1149 = CARTESIAN_POINT('',(220.5,-105.5,0.));
#1150 = LINE('',#1151,#1152);
#1151 = CARTESIAN_POINT('',(220.5,-52.75,0.));
#1152 = VECTOR('',#1153,1.);
#1153 = DIRECTION('',(-0.,1.,0.));
#1154 = ORIENTED_EDGE('',*,*,#1155,.T.);
#1155 = EDGE_CURVE('',#1148,#1156,#1158,.T.);
#1156 = VERTEX_POINT('',#1157);
#1157 = CARTESIAN_POINT('',(222.5,-105.5,0.));
#1158 = CIRCLE('',#1159,1.);
#1159 = AXIS2_PLACEMENT_3D('',#1160,#1161,#1162);
#1160 = CARTESIAN_POINT('',(221.5,-105.5,0.));
#1161 = DIRECTION('',(0.,-0.,-1.));
#1162 = DIRECTION('',(1.,0.,-0.));
#1163 = ORIENTED_EDGE('',*,*,#1164,.T.);
#1164 = EDGE_CURVE('',#1156,#1137,#1165,.T.);
#1165 = LINE('',#1166,#1167);
#1166 = CARTESIAN_POINT('',(222.5,-53.75,0.));
#1167 = VECTOR('',#1168,1.);
#1168 = DIRECTION('',(0.,-1.,0.));
#1169 = FACE_BOUND('',#1170,.F.);
#1170 = EDGE_LOOP('',(#1171));
#1171 = ORIENTED_EDGE('',*,*,#1172,.T.);
#1172 = EDGE_CURVE('',#1173,#1173,#1175,.T.);
#1173 = VERTEX_POINT('',#1174);
#1174 = CARTESIAN_POINT('',(231.2,-103.2,0.));
#1175 = CIRCLE('',#1176,0.4);
#1176 = AXIS2_PLACEMENT_3D('',#1177,#1178,#1179);
#1177 = CARTESIAN_POINT('',(231.2,-102.8,0.));
#1178 = DIRECTION('',(-0.,0.,-1.));
#1179 = DIRECTION('',(-0.,-1.,0.));
#1180 = FACE_BOUND('',#1181,.F.);
#1181 = EDGE_LOOP('',(#1182));
#1182 = ORIENTED_EDGE('',*,*,#1183,.T.);
#1183 = EDGE_CURVE('',#1184,#1184,#1186,.T.);
#1184 = VERTEX_POINT('',#1185);
#1185 = CARTESIAN_POINT('',(58.5,-93.15,0.));
#1186 = CIRCLE('',#1187,2.15);
#1187 = AXIS2_PLACEMENT_3D('',#1188,#1189,#1190);
#1188 = CARTESIAN_POINT('',(58.5,-91.,0.));
#1189 = DIRECTION('',(-0.,0.,-1.));
#1190 = DIRECTION('',(-0.,-1.,0.));
#1191 = FACE_BOUND('',#1192,.F.);
#1192 = EDGE_LOOP('',(#1193));
#1193 = ORIENTED_EDGE('',*,*,#1194,.T.);
#1194 = EDGE_CURVE('',#1195,#1195,#1197,.T.);
#1195 = VERTEX_POINT('',#1196);
#1196 = CARTESIAN_POINT('',(73.6,-92.,0.));
#1197 = CIRCLE('',#1198,0.4);
#1198 = AXIS2_PLACEMENT_3D('',#1199,#1200,#1201);
#1199 = CARTESIAN_POINT('',(73.6,-91.6,0.));
#1200 = DIRECTION('',(-0.,0.,-1.));
#1201 = DIRECTION('',(-0.,-1.,0.));
#1202 = FACE_BOUND('',#1203,.F.);
#1203 = EDGE_LOOP('',(#1204));
#1204 = ORIENTED_EDGE('',*,*,#1205,.T.);
#1205 = EDGE_CURVE('',#1206,#1206,#1208,.T.);
#1206 = VERTEX_POINT('',#1207);
#1207 = CARTESIAN_POINT('',(81.22,-92.,0.));
#1208 = CIRCLE('',#1209,0.4);
#1209 = AXIS2_PLACEMENT_3D('',#1210,#1211,#1212);
#1210 = CARTESIAN_POINT('',(81.22,-91.6,0.));
#1211 = DIRECTION('',(-0.,0.,-1.));
#1212 = DIRECTION('',(-0.,-1.,0.));
#1213 = FACE_BOUND('',#1214,.F.);
#1214 = EDGE_LOOP('',(#1215));
#1215 = ORIENTED_EDGE('',*,*,#1216,.T.);
#1216 = EDGE_CURVE('',#1217,#1217,#1219,.T.);
#1217 = VERTEX_POINT('',#1218);
#1218 = CARTESIAN_POINT('',(87.6,-91.95,0.));
#1219 = CIRCLE('',#1220,0.4);
#1220 = AXIS2_PLACEMENT_3D('',#1221,#1222,#1223);
#1221 = CARTESIAN_POINT('',(87.6,-91.55,0.));
#1222 = DIRECTION('',(-0.,0.,-1.));
#1223 = DIRECTION('',(-0.,-1.,0.));
#1224 = FACE_BOUND('',#1225,.F.);
#1225 = EDGE_LOOP('',(#1226));
#1226 = ORIENTED_EDGE('',*,*,#1227,.T.);
#1227 = EDGE_CURVE('',#1228,#1228,#1230,.T.);
#1228 = VERTEX_POINT('',#1229);
#1229 = CARTESIAN_POINT('',(91.5,-91.93,0.));
#1230 = CIRCLE('',#1231,0.4);
#1231 = AXIS2_PLACEMENT_3D('',#1232,#1233,#1234);
#1232 = CARTESIAN_POINT('',(91.5,-91.53,0.));
#1233 = DIRECTION('',(-0.,0.,-1.));
#1234 = DIRECTION('',(-0.,-1.,0.));
#1235 = FACE_BOUND('',#1236,.F.);
#1236 = EDGE_LOOP('',(#1237));
#1237 = ORIENTED_EDGE('',*,*,#1238,.T.);
#1238 = EDGE_CURVE('',#1239,#1239,#1241,.T.);
#1239 = VERTEX_POINT('',#1240);
#1240 = CARTESIAN_POINT('',(87.6,-89.41,0.));
#1241 = CIRCLE('',#1242,0.4);
#1242 = AXIS2_PLACEMENT_3D('',#1243,#1244,#1245);
#1243 = CARTESIAN_POINT('',(87.6,-89.01,0.));
#1244 = DIRECTION('',(-0.,0.,-1.));
#1245 = DIRECTION('',(-0.,-1.,0.));
#1246 = FACE_BOUND('',#1247,.F.);
#1247 = EDGE_LOOP('',(#1248));
#1248 = ORIENTED_EDGE('',*,*,#1249,.T.);
#1249 = EDGE_CURVE('',#1250,#1250,#1252,.T.);
#1250 = VERTEX_POINT('',#1251);
#1251 = CARTESIAN_POINT('',(91.5,-89.39,0.));
#1252 = CIRCLE('',#1253,0.4);
#1253 = AXIS2_PLACEMENT_3D('',#1254,#1255,#1256);
#1254 = CARTESIAN_POINT('',(91.5,-88.99,0.));
#1255 = DIRECTION('',(-0.,0.,-1.));
#1256 = DIRECTION('',(-0.,-1.,0.));
#1257 = FACE_BOUND('',#1258,.F.);
#1258 = EDGE_LOOP('',(#1259));
#1259 = ORIENTED_EDGE('',*,*,#1260,.T.);
#1260 = EDGE_CURVE('',#1261,#1261,#1263,.T.);
#1261 = VERTEX_POINT('',#1262);
#1262 = CARTESIAN_POINT('',(125.32,-98.35,0.));
#1263 = CIRCLE('',#1264,0.4);
#1264 = AXIS2_PLACEMENT_3D('',#1265,#1266,#1267);
#1265 = CARTESIAN_POINT('',(125.32,-97.95,0.));
#1266 = DIRECTION('',(-0.,0.,-1.));
#1267 = DIRECTION('',(-0.,-1.,0.));
#1268 = FACE_BOUND('',#1269,.F.);
#1269 = EDGE_LOOP('',(#1270));
#1270 = ORIENTED_EDGE('',*,*,#1271,.T.);
#1271 = EDGE_CURVE('',#1272,#1272,#1274,.T.);
#1272 = VERTEX_POINT('',#1273);
#1273 = CARTESIAN_POINT('',(125.25,-94.05,0.));
#1274 = CIRCLE('',#1275,0.4);
#1275 = AXIS2_PLACEMENT_3D('',#1276,#1277,#1278);
#1276 = CARTESIAN_POINT('',(125.25,-93.65,0.));
#1277 = DIRECTION('',(-0.,0.,-1.));
#1278 = DIRECTION('',(-0.,-1.,0.));
#1279 = FACE_BOUND('',#1280,.F.);
#1280 = EDGE_LOOP('',(#1281));
#1281 = ORIENTED_EDGE('',*,*,#1282,.T.);
#1282 = EDGE_CURVE('',#1283,#1283,#1285,.T.);
#1283 = VERTEX_POINT('',#1284);
#1284 = CARTESIAN_POINT('',(127.86,-98.35,0.));
#1285 = CIRCLE('',#1286,0.4);
#1286 = AXIS2_PLACEMENT_3D('',#1287,#1288,#1289);
#1287 = CARTESIAN_POINT('',(127.86,-97.95,0.));
#1288 = DIRECTION('',(-0.,0.,-1.));
#1289 = DIRECTION('',(3.5527136788E-14,-1.,-0.));
#1290 = FACE_BOUND('',#1291,.F.);
#1291 = EDGE_LOOP('',(#1292));
#1292 = ORIENTED_EDGE('',*,*,#1293,.T.);
#1293 = EDGE_CURVE('',#1294,#1294,#1296,.T.);
#1294 = VERTEX_POINT('',#1295);
#1295 = CARTESIAN_POINT('',(130.4,-98.35,0.));
#1296 = CIRCLE('',#1297,0.4);
#1297 = AXIS2_PLACEMENT_3D('',#1298,#1299,#1300);
#1298 = CARTESIAN_POINT('',(130.4,-97.95,0.));
#1299 = DIRECTION('',(-0.,0.,-1.));
#1300 = DIRECTION('',(-0.,-1.,0.));
#1301 = FACE_BOUND('',#1302,.F.);
#1302 = EDGE_LOOP('',(#1303));
#1303 = ORIENTED_EDGE('',*,*,#1304,.T.);
#1304 = EDGE_CURVE('',#1305,#1305,#1307,.T.);
#1305 = VERTEX_POINT('',#1306);
#1306 = CARTESIAN_POINT('',(127.79,-94.05,0.));
#1307 = CIRCLE('',#1308,0.4);
#1308 = AXIS2_PLACEMENT_3D('',#1309,#1310,#1311);
#1309 = CARTESIAN_POINT('',(127.79,-93.65,0.));
#1310 = DIRECTION('',(-0.,0.,-1.));
#1311 = DIRECTION('',(3.5527136788E-14,-1.,-0.));
#1312 = FACE_BOUND('',#1313,.F.);
#1313 = EDGE_LOOP('',(#1314));
#1314 = ORIENTED_EDGE('',*,*,#1315,.T.);
#1315 = EDGE_CURVE('',#1316,#1316,#1318,.T.);
#1316 = VERTEX_POINT('',#1317);
#1317 = CARTESIAN_POINT('',(130.33,-94.05,0.));
#1318 = CIRCLE('',#1319,0.4);
#1319 = AXIS2_PLACEMENT_3D('',#1320,#1321,#1322);
#1320 = CARTESIAN_POINT('',(130.33,-93.65,0.));
#1321 = DIRECTION('',(-0.,0.,-1.));
#1322 = DIRECTION('',(7.105427357601E-14,-1.,-0.));
#1323 = FACE_BOUND('',#1324,.F.);
#1324 = EDGE_LOOP('',(#1325));
#1325 = ORIENTED_EDGE('',*,*,#1326,.T.);
#1326 = EDGE_CURVE('',#1327,#1327,#1329,.T.);
#1327 = VERTEX_POINT('',#1328);
#1328 = CARTESIAN_POINT('',(141.13,-95.07,0.));
#1329 = CIRCLE('',#1330,0.4);
#1330 = AXIS2_PLACEMENT_3D('',#1331,#1332,#1333);
#1331 = CARTESIAN_POINT('',(141.13,-94.67,0.));
#1332 = DIRECTION('',(-0.,0.,-1.));
#1333 = DIRECTION('',(-0.,-1.,0.));
#1334 = FACE_BOUND('',#1335,.F.);
#1335 = EDGE_LOOP('',(#1336));
#1336 = ORIENTED_EDGE('',*,*,#1337,.T.);
#1337 = EDGE_CURVE('',#1338,#1338,#1340,.T.);
#1338 = VERTEX_POINT('',#1339);
#1339 = CARTESIAN_POINT('',(143.67,-95.07,0.));
#1340 = CIRCLE('',#1341,0.4);
#1341 = AXIS2_PLACEMENT_3D('',#1342,#1343,#1344);
#1342 = CARTESIAN_POINT('',(143.67,-94.67,0.));
#1343 = DIRECTION('',(-0.,0.,-1.));
#1344 = DIRECTION('',(-7.105427357601E-14,-1.,0.));
#1345 = FACE_BOUND('',#1346,.F.);
#1346 = EDGE_LOOP('',(#1347));
#1347 = ORIENTED_EDGE('',*,*,#1348,.T.);
#1348 = EDGE_CURVE('',#1349,#1349,#1351,.T.);
#1349 = VERTEX_POINT('',#1350);
#1350 = CARTESIAN_POINT('',(146.21,-95.07,0.));
#1351 = CIRCLE('',#1352,0.4);
#1352 = AXIS2_PLACEMENT_3D('',#1353,#1354,#1355);
#1353 = CARTESIAN_POINT('',(146.21,-94.67,0.));
#1354 = DIRECTION('',(-0.,0.,-1.));
#1355 = DIRECTION('',(-0.,-1.,0.));
#1356 = FACE_BOUND('',#1357,.F.);
#1357 = EDGE_LOOP('',(#1358));
#1358 = ORIENTED_EDGE('',*,*,#1359,.T.);
#1359 = EDGE_CURVE('',#1360,#1360,#1362,.T.);
#1360 = VERTEX_POINT('',#1361);
#1361 = CARTESIAN_POINT('',(148.93,-95.07,0.));
#1362 = CIRCLE('',#1363,0.4);
#1363 = AXIS2_PLACEMENT_3D('',#1364,#1365,#1366);
#1364 = CARTESIAN_POINT('',(148.93,-94.67,0.));
#1365 = DIRECTION('',(-0.,0.,-1.));
#1366 = DIRECTION('',(-0.,-1.,0.));
#1367 = FACE_BOUND('',#1368,.F.);
#1368 = EDGE_LOOP('',(#1369));
#1369 = ORIENTED_EDGE('',*,*,#1370,.T.);
#1370 = EDGE_CURVE('',#1371,#1371,#1373,.T.);
#1371 = VERTEX_POINT('',#1372);
#1372 = CARTESIAN_POINT('',(120.8,-92.38,0.));
#1373 = CIRCLE('',#1374,0.4);
#1374 = AXIS2_PLACEMENT_3D('',#1375,#1376,#1377);
#1375 = CARTESIAN_POINT('',(120.8,-91.98,0.));
#1376 = DIRECTION('',(-0.,0.,-1.));
#1377 = DIRECTION('',(-3.552713678801E-14,-1.,0.));
#1378 = FACE_BOUND('',#1379,.F.);
#1379 = EDGE_LOOP('',(#1380));
#1380 = ORIENTED_EDGE('',*,*,#1381,.T.);
#1381 = EDGE_CURVE('',#1382,#1382,#1384,.T.);
#1382 = VERTEX_POINT('',#1383);
#1383 = CARTESIAN_POINT('',(134.8,-92.19,0.));
#1384 = CIRCLE('',#1385,0.4);
#1385 = AXIS2_PLACEMENT_3D('',#1386,#1387,#1388);
#1386 = CARTESIAN_POINT('',(134.8,-91.79,0.));
#1387 = DIRECTION('',(-0.,0.,-1.));
#1388 = DIRECTION('',(-0.,-1.,0.));
#1389 = FACE_BOUND('',#1390,.F.);
#1390 = EDGE_LOOP('',(#1391));
#1391 = ORIENTED_EDGE('',*,*,#1392,.T.);
#1392 = EDGE_CURVE('',#1393,#1393,#1395,.T.);
#1393 = VERTEX_POINT('',#1394);
#1394 = CARTESIAN_POINT('',(141.06,-90.72,0.));
#1395 = CIRCLE('',#1396,0.4);
#1396 = AXIS2_PLACEMENT_3D('',#1397,#1398,#1399);
#1397 = CARTESIAN_POINT('',(141.06,-90.32,0.));
#1398 = DIRECTION('',(-0.,0.,-1.));
#1399 = DIRECTION('',(-0.,-1.,0.));
#1400 = FACE_BOUND('',#1401,.F.);
#1401 = EDGE_LOOP('',(#1402));
#1402 = ORIENTED_EDGE('',*,*,#1403,.T.);
#1403 = EDGE_CURVE('',#1404,#1404,#1406,.T.);
#1404 = VERTEX_POINT('',#1405);
#1405 = CARTESIAN_POINT('',(143.6,-90.72,0.));
#1406 = CIRCLE('',#1407,0.4);
#1407 = AXIS2_PLACEMENT_3D('',#1408,#1409,#1410);
#1408 = CARTESIAN_POINT('',(143.6,-90.32,0.));
#1409 = DIRECTION('',(-0.,0.,-1.));
#1410 = DIRECTION('',(-0.,-1.,0.));
#1411 = FACE_BOUND('',#1412,.F.);
#1412 = EDGE_LOOP('',(#1413));
#1413 = ORIENTED_EDGE('',*,*,#1414,.T.);
#1414 = EDGE_CURVE('',#1415,#1415,#1417,.T.);
#1415 = VERTEX_POINT('',#1416);
#1416 = CARTESIAN_POINT('',(146.14,-90.72,0.));
#1417 = CIRCLE('',#1418,0.4);
#1418 = AXIS2_PLACEMENT_3D('',#1419,#1420,#1421);
#1419 = CARTESIAN_POINT('',(146.14,-90.32,0.));
#1420 = DIRECTION('',(-0.,0.,-1.));
#1421 = DIRECTION('',(-0.,-1.,0.));
#1422 = FACE_BOUND('',#1423,.F.);
#1423 = EDGE_LOOP('',(#1424));
#1424 = ORIENTED_EDGE('',*,*,#1425,.T.);
#1425 = EDGE_CURVE('',#1426,#1426,#1428,.T.);
#1426 = VERTEX_POINT('',#1427);
#1427 = CARTESIAN_POINT('',(73.6,-87.2,0.));
#1428 = CIRCLE('',#1429,0.4);
#1429 = AXIS2_PLACEMENT_3D('',#1430,#1431,#1432);
#1430 = CARTESIAN_POINT('',(73.6,-86.8,0.));
#1431 = DIRECTION('',(-0.,0.,-1.));
#1432 = DIRECTION('',(-0.,-1.,0.));
#1433 = FACE_BOUND('',#1434,.F.);
#1434 = EDGE_LOOP('',(#1435));
#1435 = ORIENTED_EDGE('',*,*,#1436,.T.);
#1436 = EDGE_CURVE('',#1437,#1437,#1439,.T.);
#1437 = VERTEX_POINT('',#1438);
#1438 = CARTESIAN_POINT('',(81.22,-87.2,0.));
#1439 = CIRCLE('',#1440,0.4);
#1440 = AXIS2_PLACEMENT_3D('',#1441,#1442,#1443);
#1441 = CARTESIAN_POINT('',(81.22,-86.8,0.));
#1442 = DIRECTION('',(-0.,0.,-1.));
#1443 = DIRECTION('',(-0.,-1.,0.));
#1444 = FACE_BOUND('',#1445,.F.);
#1445 = EDGE_LOOP('',(#1446));
#1446 = ORIENTED_EDGE('',*,*,#1447,.T.);
#1447 = EDGE_CURVE('',#1448,#1448,#1450,.T.);
#1448 = VERTEX_POINT('',#1449);
#1449 = CARTESIAN_POINT('',(87.6,-86.87,0.));
#1450 = CIRCLE('',#1451,0.4);
#1451 = AXIS2_PLACEMENT_3D('',#1452,#1453,#1454);
#1452 = CARTESIAN_POINT('',(87.6,-86.47,0.));
#1453 = DIRECTION('',(-0.,0.,-1.));
#1454 = DIRECTION('',(-0.,-1.,0.));
#1455 = FACE_BOUND('',#1456,.F.);
#1456 = EDGE_LOOP('',(#1457));
#1457 = ORIENTED_EDGE('',*,*,#1458,.T.);
#1458 = EDGE_CURVE('',#1459,#1459,#1461,.T.);
#1459 = VERTEX_POINT('',#1460);
#1460 = CARTESIAN_POINT('',(91.5,-86.85,0.));
#1461 = CIRCLE('',#1462,0.4);
#1462 = AXIS2_PLACEMENT_3D('',#1463,#1464,#1465);
#1463 = CARTESIAN_POINT('',(91.5,-86.45,0.));
#1464 = DIRECTION('',(-0.,0.,-1.));
#1465 = DIRECTION('',(-0.,-1.,0.));
#1466 = FACE_BOUND('',#1467,.F.);
#1467 = EDGE_LOOP('',(#1468));
#1468 = ORIENTED_EDGE('',*,*,#1469,.T.);
#1469 = EDGE_CURVE('',#1470,#1470,#1472,.T.);
#1470 = VERTEX_POINT('',#1471);
#1471 = CARTESIAN_POINT('',(55.9,-77.65,0.));
#1472 = CIRCLE('',#1473,0.65);
#1473 = AXIS2_PLACEMENT_3D('',#1474,#1475,#1476);
#1474 = CARTESIAN_POINT('',(55.9,-77.,0.));
#1475 = DIRECTION('',(-0.,0.,-1.));
#1476 = DIRECTION('',(-0.,-1.,0.));
#1477 = FACE_BOUND('',#1478,.F.);
#1478 = EDGE_LOOP('',(#1479));
#1479 = ORIENTED_EDGE('',*,*,#1480,.T.);
#1480 = EDGE_CURVE('',#1481,#1481,#1483,.T.);
#1481 = VERTEX_POINT('',#1482);
#1482 = CARTESIAN_POINT('',(60.9,-77.65,0.));
#1483 = CIRCLE('',#1484,0.65);
#1484 = AXIS2_PLACEMENT_3D('',#1485,#1486,#1487);
#1485 = CARTESIAN_POINT('',(60.9,-77.,0.));
#1486 = DIRECTION('',(-0.,0.,-1.));
#1487 = DIRECTION('',(-0.,-1.,0.));
#1488 = FACE_BOUND('',#1489,.F.);
#1489 = EDGE_LOOP('',(#1490));
#1490 = ORIENTED_EDGE('',*,*,#1491,.T.);
#1491 = EDGE_CURVE('',#1492,#1492,#1494,.T.);
#1492 = VERTEX_POINT('',#1493);
#1493 = CARTESIAN_POINT('',(71.639566,-78.7397,0.));
#1494 = CIRCLE('',#1495,0.5715);
#1495 = AXIS2_PLACEMENT_3D('',#1496,#1497,#1498);
#1496 = CARTESIAN_POINT('',(71.639566,-78.1682,0.));
#1497 = DIRECTION('',(-0.,0.,-1.));
#1498 = DIRECTION('',(-0.,-1.,0.));
#1499 = FACE_BOUND('',#1500,.F.);
#1500 = EDGE_LOOP('',(#1501));
#1501 = ORIENTED_EDGE('',*,*,#1502,.T.);
#1502 = EDGE_CURVE('',#1503,#1503,#1505,.T.);
#1503 = VERTEX_POINT('',#1504);
#1504 = CARTESIAN_POINT('',(74.179566,-78.7397,0.));
#1505 = CIRCLE('',#1506,0.5715);
#1506 = AXIS2_PLACEMENT_3D('',#1507,#1508,#1509);
#1507 = CARTESIAN_POINT('',(74.179566,-78.1682,0.));
#1508 = DIRECTION('',(-0.,0.,-1.));
#1509 = DIRECTION('',(-0.,-1.,0.));
#1510 = FACE_BOUND('',#1511,.F.);
#1511 = EDGE_LOOP('',(#1512));
#1512 = ORIENTED_EDGE('',*,*,#1513,.T.);
#1513 = EDGE_CURVE('',#1514,#1514,#1516,.T.);
#1514 = VERTEX_POINT('',#1515);
#1515 = CARTESIAN_POINT('',(76.719566,-78.7397,0.));
#1516 = CIRCLE('',#1517,0.5715);
#1517 = AXIS2_PLACEMENT_3D('',#1518,#1519,#1520);
#1518 = CARTESIAN_POINT('',(76.719566,-78.1682,0.));
#1519 = DIRECTION('',(-0.,0.,-1.));
#1520 = DIRECTION('',(-0.,-1.,0.));
#1521 = FACE_BOUND('',#1522,.F.);
#1522 = EDGE_LOOP('',(#1523));
#1523 = ORIENTED_EDGE('',*,*,#1524,.T.);
#1524 = EDGE_CURVE('',#1525,#1525,#1527,.T.);
#1525 = VERTEX_POINT('',#1526);
#1526 = CARTESIAN_POINT('',(85.1329,-78.7397,0.));
#1527 = CIRCLE('',#1528,0.5715);
#1528 = AXIS2_PLACEMENT_3D('',#1529,#1530,#1531);
#1529 = CARTESIAN_POINT('',(85.1329,-78.1682,0.));
#1530 = DIRECTION('',(-0.,0.,-1.));
#1531 = DIRECTION('',(-0.,-1.,0.));
#1532 = FACE_BOUND('',#1533,.F.);
#1533 = EDGE_LOOP('',(#1534));
#1534 = ORIENTED_EDGE('',*,*,#1535,.T.);
#1535 = EDGE_CURVE('',#1536,#1536,#1538,.T.);
#1536 = VERTEX_POINT('',#1537);
#1537 = CARTESIAN_POINT('',(87.6729,-78.7397,0.));
#1538 = CIRCLE('',#1539,0.5715);
#1539 = AXIS2_PLACEMENT_3D('',#1540,#1541,#1542);
#1540 = CARTESIAN_POINT('',(87.6729,-78.1682,0.));
#1541 = DIRECTION('',(-0.,0.,-1.));
#1542 = DIRECTION('',(-0.,-1.,0.));
#1543 = FACE_BOUND('',#1544,.F.);
#1544 = EDGE_LOOP('',(#1545));
#1545 = ORIENTED_EDGE('',*,*,#1546,.T.);
#1546 = EDGE_CURVE('',#1547,#1547,#1549,.T.);
#1547 = VERTEX_POINT('',#1548);
#1548 = CARTESIAN_POINT('',(90.2129,-78.7397,0.));
#1549 = CIRCLE('',#1550,0.5715);
#1550 = AXIS2_PLACEMENT_3D('',#1551,#1552,#1553);
#1551 = CARTESIAN_POINT('',(90.2129,-78.1682,0.));
#1552 = DIRECTION('',(-0.,0.,-1.));
#1553 = DIRECTION('',(-0.,-1.,0.));
#1554 = FACE_BOUND('',#1555,.F.);
#1555 = EDGE_LOOP('',(#1556));
#1556 = ORIENTED_EDGE('',*,*,#1557,.T.);
#1557 = EDGE_CURVE('',#1558,#1558,#1560,.T.);
#1558 = VERTEX_POINT('',#1559);
#1559 = CARTESIAN_POINT('',(98.626233,-78.7397,0.));
#1560 = CIRCLE('',#1561,0.5715);
#1561 = AXIS2_PLACEMENT_3D('',#1562,#1563,#1564);
#1562 = CARTESIAN_POINT('',(98.626233,-78.1682,0.));
#1563 = DIRECTION('',(-0.,0.,-1.));
#1564 = DIRECTION('',(-0.,-1.,0.));
#1565 = FACE_BOUND('',#1566,.F.);
#1566 = EDGE_LOOP('',(#1567));
#1567 = ORIENTED_EDGE('',*,*,#1568,.T.);
#1568 = EDGE_CURVE('',#1569,#1569,#1571,.T.);
#1569 = VERTEX_POINT('',#1570);
#1570 = CARTESIAN_POINT('',(101.166233,-78.7397,0.));
#1571 = CIRCLE('',#1572,0.5715);
#1572 = AXIS2_PLACEMENT_3D('',#1573,#1574,#1575);
#1573 = CARTESIAN_POINT('',(101.166233,-78.1682,0.));
#1574 = DIRECTION('',(-0.,0.,-1.));
#1575 = DIRECTION('',(-0.,-1.,0.));
#1576 = FACE_BOUND('',#1577,.F.);
#1577 = EDGE_LOOP('',(#1578));
#1578 = ORIENTED_EDGE('',*,*,#1579,.T.);
#1579 = EDGE_CURVE('',#1580,#1580,#1582,.T.);
#1580 = VERTEX_POINT('',#1581);
#1581 = CARTESIAN_POINT('',(110.78,-85.8,0.));
#1582 = CIRCLE('',#1583,0.4);
#1583 = AXIS2_PLACEMENT_3D('',#1584,#1585,#1586);
#1584 = CARTESIAN_POINT('',(110.78,-85.4,0.));
#1585 = DIRECTION('',(-0.,0.,-1.));
#1586 = DIRECTION('',(-0.,-1.,0.));
#1587 = FACE_BOUND('',#1588,.F.);
#1588 = EDGE_LOOP('',(#1589));
#1589 = ORIENTED_EDGE('',*,*,#1590,.T.);
#1590 = EDGE_CURVE('',#1591,#1591,#1593,.T.);
#1591 = VERTEX_POINT('',#1592);
#1592 = CARTESIAN_POINT('',(118.4,-85.8,0.));
#1593 = CIRCLE('',#1594,0.4);
#1594 = AXIS2_PLACEMENT_3D('',#1595,#1596,#1597);
#1595 = CARTESIAN_POINT('',(118.4,-85.4,0.));
#1596 = DIRECTION('',(-0.,0.,-1.));
#1597 = DIRECTION('',(-0.,-1.,0.));
#1598 = FACE_BOUND('',#1599,.F.);
#1599 = EDGE_LOOP('',(#1600));
#1600 = ORIENTED_EDGE('',*,*,#1601,.T.);
#1601 = EDGE_CURVE('',#1602,#1602,#1604,.T.);
#1602 = VERTEX_POINT('',#1603);
#1603 = CARTESIAN_POINT('',(122.58,-85.8,0.));
#1604 = CIRCLE('',#1605,0.4);
#1605 = AXIS2_PLACEMENT_3D('',#1606,#1607,#1608);
#1606 = CARTESIAN_POINT('',(122.58,-85.4,0.));
#1607 = DIRECTION('',(-0.,0.,-1.));
#1608 = DIRECTION('',(-3.552713678801E-14,-1.,0.));
#1609 = FACE_BOUND('',#1610,.F.);
#1610 = EDGE_LOOP('',(#1611));
#1611 = ORIENTED_EDGE('',*,*,#1612,.T.);
#1612 = EDGE_CURVE('',#1613,#1613,#1615,.T.);
#1613 = VERTEX_POINT('',#1614);
#1614 = CARTESIAN_POINT('',(137.8,-87.9,0.));
#1615 = CIRCLE('',#1616,0.4);
#1616 = AXIS2_PLACEMENT_3D('',#1617,#1618,#1619);
#1617 = CARTESIAN_POINT('',(137.8,-87.5,0.));
#1618 = DIRECTION('',(-0.,0.,-1.));
#1619 = DIRECTION('',(-0.,-1.,0.));
#1620 = FACE_BOUND('',#1621,.F.);
#1621 = EDGE_LOOP('',(#1622));
#1622 = ORIENTED_EDGE('',*,*,#1623,.T.);
#1623 = EDGE_CURVE('',#1624,#1624,#1626,.T.);
#1624 = VERTEX_POINT('',#1625);
#1625 = CARTESIAN_POINT('',(130.2,-85.8,0.));
#1626 = CIRCLE('',#1627,0.4);
#1627 = AXIS2_PLACEMENT_3D('',#1628,#1629,#1630);
#1628 = CARTESIAN_POINT('',(130.2,-85.4,0.));
#1629 = DIRECTION('',(-0.,0.,-1.));
#1630 = DIRECTION('',(-0.,-1.,0.));
#1631 = FACE_BOUND('',#1632,.F.);
#1632 = EDGE_LOOP('',(#1633));
#1633 = ORIENTED_EDGE('',*,*,#1634,.T.);
#1634 = EDGE_CURVE('',#1635,#1635,#1637,.T.);
#1635 = VERTEX_POINT('',#1636);
#1636 = CARTESIAN_POINT('',(137.8,-82.9,0.));
#1637 = CIRCLE('',#1638,0.4);
#1638 = AXIS2_PLACEMENT_3D('',#1639,#1640,#1641);
#1639 = CARTESIAN_POINT('',(137.8,-82.5,0.));
#1640 = DIRECTION('',(-0.,0.,-1.));
#1641 = DIRECTION('',(-0.,-1.,0.));
#1642 = FACE_BOUND('',#1643,.F.);
#1643 = EDGE_LOOP('',(#1644));
#1644 = ORIENTED_EDGE('',*,*,#1645,.T.);
#1645 = EDGE_CURVE('',#1646,#1646,#1648,.T.);
#1646 = VERTEX_POINT('',#1647);
#1647 = CARTESIAN_POINT('',(141.,-82.87,0.));
#1648 = CIRCLE('',#1649,0.4);
#1649 = AXIS2_PLACEMENT_3D('',#1650,#1651,#1652);
#1650 = CARTESIAN_POINT('',(141.,-82.47,0.));
#1651 = DIRECTION('',(-0.,0.,-1.));
#1652 = DIRECTION('',(-0.,-1.,0.));
#1653 = FACE_BOUND('',#1654,.F.);
#1654 = EDGE_LOOP('',(#1655));
#1655 = ORIENTED_EDGE('',*,*,#1656,.T.);
#1656 = EDGE_CURVE('',#1657,#1657,#1659,.T.);
#1657 = VERTEX_POINT('',#1658);
#1658 = CARTESIAN_POINT('',(148.62,-82.87,0.));
#1659 = CIRCLE('',#1660,0.4);
#1660 = AXIS2_PLACEMENT_3D('',#1661,#1662,#1663);
#1661 = CARTESIAN_POINT('',(148.62,-82.47,0.));
#1662 = DIRECTION('',(-0.,0.,-1.));
#1663 = DIRECTION('',(-0.,-1.,0.));
#1664 = FACE_BOUND('',#1665,.F.);
#1665 = EDGE_LOOP('',(#1666));
#1666 = ORIENTED_EDGE('',*,*,#1667,.T.);
#1667 = EDGE_CURVE('',#1668,#1668,#1670,.T.);
#1668 = VERTEX_POINT('',#1669);
#1669 = CARTESIAN_POINT('',(103.706233,-78.7397,0.));
#1670 = CIRCLE('',#1671,0.5715);
#1671 = AXIS2_PLACEMENT_3D('',#1672,#1673,#1674);
#1672 = CARTESIAN_POINT('',(103.706233,-78.1682,0.));
#1673 = DIRECTION('',(-0.,0.,-1.));
#1674 = DIRECTION('',(-0.,-1.,0.));
#1675 = FACE_BOUND('',#1676,.F.);
#1676 = EDGE_LOOP('',(#1677));
#1677 = ORIENTED_EDGE('',*,*,#1678,.T.);
#1678 = EDGE_CURVE('',#1679,#1679,#1681,.T.);
#1679 = VERTEX_POINT('',#1680);
#1680 = CARTESIAN_POINT('',(112.119566,-78.7397,0.));
#1681 = CIRCLE('',#1682,0.5715);
#1682 = AXIS2_PLACEMENT_3D('',#1683,#1684,#1685);
#1683 = CARTESIAN_POINT('',(112.119566,-78.1682,0.));
#1684 = DIRECTION('',(-0.,0.,-1.));
#1685 = DIRECTION('',(-0.,-1.,0.));
#1686 = FACE_BOUND('',#1687,.F.);
#1687 = EDGE_LOOP('',(#1688));
#1688 = ORIENTED_EDGE('',*,*,#1689,.T.);
#1689 = EDGE_CURVE('',#1690,#1690,#1692,.T.);
#1690 = VERTEX_POINT('',#1691);
#1691 = CARTESIAN_POINT('',(114.659566,-78.7397,0.));
#1692 = CIRCLE('',#1693,0.5715);
#1693 = AXIS2_PLACEMENT_3D('',#1694,#1695,#1696);
#1694 = CARTESIAN_POINT('',(114.659566,-78.1682,0.));
#1695 = DIRECTION('',(-0.,0.,-1.));
#1696 = DIRECTION('',(-0.,-1.,0.));
#1697 = FACE_BOUND('',#1698,.F.);
#1698 = EDGE_LOOP('',(#1699));
#1699 = ORIENTED_EDGE('',*,*,#1700,.T.);
#1700 = EDGE_CURVE('',#1701,#1701,#1703,.T.);
#1701 = VERTEX_POINT('',#1702);
#1702 = CARTESIAN_POINT('',(117.199566,-78.7397,0.));
#1703 = CIRCLE('',#1704,0.5715);
#1704 = AXIS2_PLACEMENT_3D('',#1705,#1706,#1707);
#1705 = CARTESIAN_POINT('',(117.199566,-78.1682,0.));
#1706 = DIRECTION('',(-0.,0.,-1.));
#1707 = DIRECTION('',(-0.,-1.,0.));
#1708 = FACE_BOUND('',#1709,.F.);
#1709 = EDGE_LOOP('',(#1710));
#1710 = ORIENTED_EDGE('',*,*,#1711,.T.);
#1711 = EDGE_CURVE('',#1712,#1712,#1714,.T.);
#1712 = VERTEX_POINT('',#1713);
#1713 = CARTESIAN_POINT('',(151.47,-95.07,0.));
#1714 = CIRCLE('',#1715,0.4);
#1715 = AXIS2_PLACEMENT_3D('',#1716,#1717,#1718);
#1716 = CARTESIAN_POINT('',(151.47,-94.67,0.));
#1717 = DIRECTION('',(-0.,0.,-1.));
#1718 = DIRECTION('',(-0.,-1.,0.));
#1719 = FACE_BOUND('',#1720,.F.);
#1720 = EDGE_LOOP('',(#1721));
#1721 = ORIENTED_EDGE('',*,*,#1722,.T.);
#1722 = EDGE_CURVE('',#1723,#1723,#1725,.T.);
#1723 = VERTEX_POINT('',#1724);
#1724 = CARTESIAN_POINT('',(154.01,-95.07,0.));
#1725 = CIRCLE('',#1726,0.4);
#1726 = AXIS2_PLACEMENT_3D('',#1727,#1728,#1729);
#1727 = CARTESIAN_POINT('',(154.01,-94.67,0.));
#1728 = DIRECTION('',(-0.,0.,-1.));
#1729 = DIRECTION('',(-0.,-1.,0.));
#1730 = FACE_BOUND('',#1731,.F.);
#1731 = EDGE_LOOP('',(#1732));
#1732 = ORIENTED_EDGE('',*,*,#1733,.T.);
#1733 = EDGE_CURVE('',#1734,#1734,#1736,.T.);
#1734 = VERTEX_POINT('',#1735);
#1735 = CARTESIAN_POINT('',(186.14,-98.32,0.));
#1736 = CIRCLE('',#1737,0.4);
#1737 = AXIS2_PLACEMENT_3D('',#1738,#1739,#1740);
#1738 = CARTESIAN_POINT('',(186.14,-97.92,0.));
#1739 = DIRECTION('',(-0.,0.,-1.));
#1740 = DIRECTION('',(-0.,-1.,0.));
#1741 = FACE_BOUND('',#1742,.F.);
#1742 = EDGE_LOOP('',(#1743));
#1743 = ORIENTED_EDGE('',*,*,#1744,.T.);
#1744 = EDGE_CURVE('',#1745,#1745,#1747,.T.);
#1745 = VERTEX_POINT('',#1746);
#1746 = CARTESIAN_POINT('',(193.76,-98.32,0.));
#1747 = CIRCLE('',#1748,0.4);
#1748 = AXIS2_PLACEMENT_3D('',#1749,#1750,#1751);
#1749 = CARTESIAN_POINT('',(193.76,-97.92,0.));
#1750 = DIRECTION('',(-0.,0.,-1.));
#1751 = DIRECTION('',(-0.,-1.,0.));
#1752 = FACE_BOUND('',#1753,.F.);
#1753 = EDGE_LOOP('',(#1754));
#1754 = ORIENTED_EDGE('',*,*,#1755,.T.);
#1755 = EDGE_CURVE('',#1756,#1756,#1758,.T.);
#1756 = VERTEX_POINT('',#1757);
#1757 = CARTESIAN_POINT('',(151.61,-90.48,0.));
#1758 = CIRCLE('',#1759,0.4);
#1759 = AXIS2_PLACEMENT_3D('',#1760,#1761,#1762);
#1760 = CARTESIAN_POINT('',(151.61,-90.08,0.));
#1761 = DIRECTION('',(-0.,0.,-1.));
#1762 = DIRECTION('',(-0.,-1.,0.));
#1763 = FACE_BOUND('',#1764,.F.);
#1764 = EDGE_LOOP('',(#1765));
#1765 = ORIENTED_EDGE('',*,*,#1766,.T.);
#1766 = EDGE_CURVE('',#1767,#1767,#1769,.T.);
#1767 = VERTEX_POINT('',#1768);
#1768 = CARTESIAN_POINT('',(158.08,-90.49,0.));
#1769 = CIRCLE('',#1770,0.4);
#1770 = AXIS2_PLACEMENT_3D('',#1771,#1772,#1773);
#1771 = CARTESIAN_POINT('',(158.08,-90.09,0.));
#1772 = DIRECTION('',(-0.,0.,-1.));
#1773 = DIRECTION('',(7.105427357601E-14,-1.,-0.));
#1774 = FACE_BOUND('',#1775,.F.);
#1775 = EDGE_LOOP('',(#1776));
#1776 = ORIENTED_EDGE('',*,*,#1777,.T.);
#1777 = EDGE_CURVE('',#1778,#1778,#1780,.T.);
#1778 = VERTEX_POINT('',#1779);
#1779 = CARTESIAN_POINT('',(161.48,-89.08,0.));
#1780 = CIRCLE('',#1781,0.4);
#1781 = AXIS2_PLACEMENT_3D('',#1782,#1783,#1784);
#1782 = CARTESIAN_POINT('',(161.48,-88.68,0.));
#1783 = DIRECTION('',(-0.,0.,-1.));
#1784 = DIRECTION('',(-7.105427357601E-14,-1.,0.));
#1785 = FACE_BOUND('',#1786,.F.);
#1786 = EDGE_LOOP('',(#1787));
#1787 = ORIENTED_EDGE('',*,*,#1788,.T.);
#1788 = EDGE_CURVE('',#1789,#1789,#1791,.T.);
#1789 = VERTEX_POINT('',#1790);
#1790 = CARTESIAN_POINT('',(169.88,-90.49,0.));
#1791 = CIRCLE('',#1792,0.4);
#1792 = AXIS2_PLACEMENT_3D('',#1793,#1794,#1795);
#1793 = CARTESIAN_POINT('',(169.88,-90.09,0.));
#1794 = DIRECTION('',(-0.,0.,-1.));
#1795 = DIRECTION('',(-0.,-1.,0.));
#1796 = FACE_BOUND('',#1797,.F.);
#1797 = EDGE_LOOP('',(#1798));
#1798 = ORIENTED_EDGE('',*,*,#1799,.T.);
#1799 = EDGE_CURVE('',#1800,#1800,#1802,.T.);
#1800 = VERTEX_POINT('',#1801);
#1801 = CARTESIAN_POINT('',(164.02,-89.08,0.));
#1802 = CIRCLE('',#1803,0.4);
#1803 = AXIS2_PLACEMENT_3D('',#1804,#1805,#1806);
#1804 = CARTESIAN_POINT('',(164.02,-88.68,0.));
#1805 = DIRECTION('',(-0.,0.,-1.));
#1806 = DIRECTION('',(7.105427357601E-14,-1.,-0.));
#1807 = FACE_BOUND('',#1808,.F.);
#1808 = EDGE_LOOP('',(#1809));
#1809 = ORIENTED_EDGE('',*,*,#1810,.T.);
#1810 = EDGE_CURVE('',#1811,#1811,#1813,.T.);
#1811 = VERTEX_POINT('',#1812);
#1812 = CARTESIAN_POINT('',(166.56,-89.08,0.));
#1813 = CIRCLE('',#1814,0.4);
#1814 = AXIS2_PLACEMENT_3D('',#1815,#1816,#1817);
#1815 = CARTESIAN_POINT('',(166.56,-88.68,0.));
#1816 = DIRECTION('',(-0.,0.,-1.));
#1817 = DIRECTION('',(-0.,-1.,0.));
#1818 = FACE_BOUND('',#1819,.F.);
#1819 = EDGE_LOOP('',(#1820));
#1820 = ORIENTED_EDGE('',*,*,#1821,.T.);
#1821 = EDGE_CURVE('',#1822,#1822,#1824,.T.);
#1822 = VERTEX_POINT('',#1823);
#1823 = CARTESIAN_POINT('',(186.14,-93.32,0.));
#1824 = CIRCLE('',#1825,0.4);
#1825 = AXIS2_PLACEMENT_3D('',#1826,#1827,#1828);
#1826 = CARTESIAN_POINT('',(186.14,-92.92,0.));
#1827 = DIRECTION('',(-0.,0.,-1.));
#1828 = DIRECTION('',(-0.,-1.,0.));
#1829 = FACE_BOUND('',#1830,.F.);
#1830 = EDGE_LOOP('',(#1831));
#1831 = ORIENTED_EDGE('',*,*,#1832,.T.);
#1832 = EDGE_CURVE('',#1833,#1833,#1835,.T.);
#1833 = VERTEX_POINT('',#1834);
#1834 = CARTESIAN_POINT('',(193.76,-93.32,0.));
#1835 = CIRCLE('',#1836,0.4);
#1836 = AXIS2_PLACEMENT_3D('',#1837,#1838,#1839);
#1837 = CARTESIAN_POINT('',(193.76,-92.92,0.));
#1838 = DIRECTION('',(-0.,0.,-1.));
#1839 = DIRECTION('',(-0.,-1.,0.));
#1840 = FACE_BOUND('',#1841,.F.);
#1841 = EDGE_LOOP('',(#1842));
#1842 = ORIENTED_EDGE('',*,*,#1843,.T.);
#1843 = EDGE_CURVE('',#1844,#1844,#1846,.T.);
#1844 = VERTEX_POINT('',#1845);
#1845 = CARTESIAN_POINT('',(175.95,-88.83,0.));
#1846 = CIRCLE('',#1847,0.4);
#1847 = AXIS2_PLACEMENT_3D('',#1848,#1849,#1850);
#1848 = CARTESIAN_POINT('',(175.95,-88.43,0.));
#1849 = DIRECTION('',(-0.,0.,-1.));
#1850 = DIRECTION('',(-0.,-1.,0.));
#1851 = FACE_BOUND('',#1852,.F.);
#1852 = EDGE_LOOP('',(#1853));
#1853 = ORIENTED_EDGE('',*,*,#1854,.T.);
#1854 = EDGE_CURVE('',#1855,#1855,#1857,.T.);
#1855 = VERTEX_POINT('',#1856);
#1856 = CARTESIAN_POINT('',(178.49,-88.83,0.));
#1857 = CIRCLE('',#1858,0.4);
#1858 = AXIS2_PLACEMENT_3D('',#1859,#1860,#1861);
#1859 = CARTESIAN_POINT('',(178.49,-88.43,0.));
#1860 = DIRECTION('',(-0.,0.,-1.));
#1861 = DIRECTION('',(-0.,-1.,0.));
#1862 = FACE_BOUND('',#1863,.F.);
#1863 = EDGE_LOOP('',(#1864));
#1864 = ORIENTED_EDGE('',*,*,#1865,.T.);
#1865 = EDGE_CURVE('',#1866,#1866,#1868,.T.);
#1866 = VERTEX_POINT('',#1867);
#1867 = CARTESIAN_POINT('',(181.03,-88.83,0.));
#1868 = CIRCLE('',#1869,0.4);
#1869 = AXIS2_PLACEMENT_3D('',#1870,#1871,#1872);
#1870 = CARTESIAN_POINT('',(181.03,-88.43,0.));
#1871 = DIRECTION('',(-0.,0.,-1.));
#1872 = DIRECTION('',(-0.,-1.,0.));
#1873 = FACE_BOUND('',#1874,.F.);
#1874 = EDGE_LOOP('',(#1875));
#1875 = ORIENTED_EDGE('',*,*,#1876,.T.);
#1876 = EDGE_CURVE('',#1877,#1877,#1879,.T.);
#1877 = VERTEX_POINT('',#1878);
#1878 = CARTESIAN_POINT('',(186.2,-88.61,0.));
#1879 = CIRCLE('',#1880,0.4);
#1880 = AXIS2_PLACEMENT_3D('',#1881,#1882,#1883);
#1881 = CARTESIAN_POINT('',(186.2,-88.21,0.));
#1882 = DIRECTION('',(-0.,0.,-1.));
#1883 = DIRECTION('',(-0.,-1.,0.));
#1884 = FACE_BOUND('',#1885,.F.);
#1885 = EDGE_LOOP('',(#1886));
#1886 = ORIENTED_EDGE('',*,*,#1887,.T.);
#1887 = EDGE_CURVE('',#1888,#1888,#1890,.T.);
#1888 = VERTEX_POINT('',#1889);
#1889 = CARTESIAN_POINT('',(197.8,-88.62,0.));
#1890 = CIRCLE('',#1891,0.4);
#1891 = AXIS2_PLACEMENT_3D('',#1892,#1893,#1894);
#1892 = CARTESIAN_POINT('',(197.8,-88.22,0.));
#1893 = DIRECTION('',(-0.,0.,-1.));
#1894 = DIRECTION('',(-0.,-1.,0.));
#1895 = FACE_BOUND('',#1896,.F.);
#1896 = EDGE_LOOP('',(#1897));
#1897 = ORIENTED_EDGE('',*,*,#1898,.T.);
#1898 = EDGE_CURVE('',#1899,#1899,#1901,.T.);
#1899 = VERTEX_POINT('',#1900);
#1900 = CARTESIAN_POINT('',(161.46,-84.6,0.));
#1901 = CIRCLE('',#1902,0.4);
#1902 = AXIS2_PLACEMENT_3D('',#1903,#1904,#1905);
#1903 = CARTESIAN_POINT('',(161.46,-84.2,0.));
#1904 = DIRECTION('',(-0.,0.,-1.));
#1905 = DIRECTION('',(-0.,-1.,0.));
#1906 = FACE_BOUND('',#1907,.F.);
#1907 = EDGE_LOOP('',(#1908));
#1908 = ORIENTED_EDGE('',*,*,#1909,.T.);
#1909 = EDGE_CURVE('',#1910,#1910,#1912,.T.);
#1910 = VERTEX_POINT('',#1911);
#1911 = CARTESIAN_POINT('',(151.61,-82.86,0.));
#1912 = CIRCLE('',#1913,0.4);
#1913 = AXIS2_PLACEMENT_3D('',#1914,#1915,#1916);
#1914 = CARTESIAN_POINT('',(151.61,-82.46,0.));
#1915 = DIRECTION('',(-0.,0.,-1.));
#1916 = DIRECTION('',(-0.,-1.,0.));
#1917 = FACE_BOUND('',#1918,.F.);
#1918 = EDGE_LOOP('',(#1919));
#1919 = ORIENTED_EDGE('',*,*,#1920,.T.);
#1920 = EDGE_CURVE('',#1921,#1921,#1923,.T.);
#1921 = VERTEX_POINT('',#1922);
#1922 = CARTESIAN_POINT('',(158.08,-82.87,0.));
#1923 = CIRCLE('',#1924,0.4);
#1924 = AXIS2_PLACEMENT_3D('',#1925,#1926,#1927);
#1925 = CARTESIAN_POINT('',(158.08,-82.47,0.));
#1926 = DIRECTION('',(-0.,0.,-1.));
#1927 = DIRECTION('',(7.105427357601E-14,-1.,-0.));
#1928 = FACE_BOUND('',#1929,.F.);
#1929 = EDGE_LOOP('',(#1930));
#1930 = ORIENTED_EDGE('',*,*,#1931,.T.);
#1931 = EDGE_CURVE('',#1932,#1932,#1934,.T.);
#1932 = VERTEX_POINT('',#1933);
#1933 = CARTESIAN_POINT('',(164.,-84.6,0.));
#1934 = CIRCLE('',#1935,0.4);
#1935 = AXIS2_PLACEMENT_3D('',#1936,#1937,#1938);
#1936 = CARTESIAN_POINT('',(164.,-84.2,0.));
#1937 = DIRECTION('',(-0.,0.,-1.));
#1938 = DIRECTION('',(-0.,-1.,0.));
#1939 = FACE_BOUND('',#1940,.F.);
#1940 = EDGE_LOOP('',(#1941));
#1941 = ORIENTED_EDGE('',*,*,#1942,.T.);
#1942 = EDGE_CURVE('',#1943,#1943,#1945,.T.);
#1943 = VERTEX_POINT('',#1944);
#1944 = CARTESIAN_POINT('',(166.54,-84.6,0.));
#1945 = CIRCLE('',#1946,0.4);
#1946 = AXIS2_PLACEMENT_3D('',#1947,#1948,#1949);
#1947 = CARTESIAN_POINT('',(166.54,-84.2,0.));
#1948 = DIRECTION('',(-0.,0.,-1.));
#1949 = DIRECTION('',(-0.,-1.,0.));
#1950 = FACE_BOUND('',#1951,.F.);
#1951 = EDGE_LOOP('',(#1952));
#1952 = ORIENTED_EDGE('',*,*,#1953,.T.);
#1953 = EDGE_CURVE('',#1954,#1954,#1956,.T.);
#1954 = VERTEX_POINT('',#1955);
#1955 = CARTESIAN_POINT('',(169.88,-82.87,0.));
#1956 = CIRCLE('',#1957,0.4);
#1957 = AXIS2_PLACEMENT_3D('',#1958,#1959,#1960);
#1958 = CARTESIAN_POINT('',(169.88,-82.47,0.));
#1959 = DIRECTION('',(-0.,0.,-1.));
#1960 = DIRECTION('',(-0.,-1.,0.));
#1961 = FACE_BOUND('',#1962,.F.);
#1962 = EDGE_LOOP('',(#1963));
#1963 = ORIENTED_EDGE('',*,*,#1964,.T.);
#1964 = EDGE_CURVE('',#1965,#1965,#1967,.T.);
#1965 = VERTEX_POINT('',#1966);
#1966 = CARTESIAN_POINT('',(189.48,-87.01,0.));
#1967 = CIRCLE('',#1968,0.4);
#1968 = AXIS2_PLACEMENT_3D('',#1969,#1970,#1971);
#1969 = CARTESIAN_POINT('',(189.48,-86.61,0.));
#1970 = DIRECTION('',(-0.,0.,-1.));
#1971 = DIRECTION('',(-7.105427357601E-14,-1.,0.));
#1972 = FACE_BOUND('',#1973,.F.);
#1973 = EDGE_LOOP('',(#1974));
#1974 = ORIENTED_EDGE('',*,*,#1975,.T.);
#1975 = EDGE_CURVE('',#1976,#1976,#1978,.T.);
#1976 = VERTEX_POINT('',#1977);
#1977 = CARTESIAN_POINT('',(192.02,-87.01,0.));
#1978 = CIRCLE('',#1979,0.4);
#1979 = AXIS2_PLACEMENT_3D('',#1980,#1981,#1982);
#1980 = CARTESIAN_POINT('',(192.02,-86.61,0.));
#1981 = DIRECTION('',(-0.,0.,-1.));
#1982 = DIRECTION('',(7.105427357601E-14,-1.,-0.));
#1983 = FACE_BOUND('',#1984,.F.);
#1984 = EDGE_LOOP('',(#1985));
#1985 = ORIENTED_EDGE('',*,*,#1986,.T.);
#1986 = EDGE_CURVE('',#1987,#1987,#1989,.T.);
#1987 = VERTEX_POINT('',#1988);
#1988 = CARTESIAN_POINT('',(194.56,-87.01,0.));
#1989 = CIRCLE('',#1990,0.4);
#1990 = AXIS2_PLACEMENT_3D('',#1991,#1992,#1993);
#1991 = CARTESIAN_POINT('',(194.56,-86.61,0.));
#1992 = DIRECTION('',(-0.,0.,-1.));
#1993 = DIRECTION('',(-0.,-1.,0.));
#1994 = FACE_BOUND('',#1995,.F.);
#1995 = EDGE_LOOP('',(#1996));
#1996 = ORIENTED_EDGE('',*,*,#1997,.T.);
#1997 = EDGE_CURVE('',#1998,#1998,#2000,.T.);
#1998 = VERTEX_POINT('',#1999);
#1999 = CARTESIAN_POINT('',(175.88,-84.45,0.));
#2000 = CIRCLE('',#2001,0.4);
#2001 = AXIS2_PLACEMENT_3D('',#2002,#2003,#2004);
#2002 = CARTESIAN_POINT('',(175.88,-84.05,0.));
#2003 = DIRECTION('',(-0.,0.,-1.));
#2004 = DIRECTION('',(-0.,-1.,0.));
#2005 = FACE_BOUND('',#2006,.F.);
#2006 = EDGE_LOOP('',(#2007));
#2007 = ORIENTED_EDGE('',*,*,#2008,.T.);
#2008 = EDGE_CURVE('',#2009,#2009,#2011,.T.);
#2009 = VERTEX_POINT('',#2010);
#2010 = CARTESIAN_POINT('',(178.42,-84.45,0.));
#2011 = CIRCLE('',#2012,0.4);
#2012 = AXIS2_PLACEMENT_3D('',#2013,#2014,#2015);
#2013 = CARTESIAN_POINT('',(178.42,-84.05,0.));
#2014 = DIRECTION('',(-0.,0.,-1.));
#2015 = DIRECTION('',(-7.105427357601E-14,-1.,0.));
#2016 = FACE_BOUND('',#2017,.F.);
#2017 = EDGE_LOOP('',(#2018));
#2018 = ORIENTED_EDGE('',*,*,#2019,.T.);
#2019 = EDGE_CURVE('',#2020,#2020,#2022,.T.);
#2020 = VERTEX_POINT('',#2021);
#2021 = CARTESIAN_POINT('',(180.96,-84.45,0.));
#2022 = CIRCLE('',#2023,0.4);
#2023 = AXIS2_PLACEMENT_3D('',#2024,#2025,#2026);
#2024 = CARTESIAN_POINT('',(180.96,-84.05,0.));
#2025 = DIRECTION('',(-0.,0.,-1.));
#2026 = DIRECTION('',(-0.,-1.,0.));
#2027 = FACE_BOUND('',#2028,.F.);
#2028 = EDGE_LOOP('',(#2029));
#2029 = ORIENTED_EDGE('',*,*,#2030,.T.);
#2030 = EDGE_CURVE('',#2031,#2031,#2033,.T.);
#2031 = VERTEX_POINT('',#2032);
#2032 = CARTESIAN_POINT('',(189.46,-82.61,0.));
#2033 = CIRCLE('',#2034,0.4);
#2034 = AXIS2_PLACEMENT_3D('',#2035,#2036,#2037);
#2035 = CARTESIAN_POINT('',(189.46,-82.21,0.));
#2036 = DIRECTION('',(-0.,0.,-1.));
#2037 = DIRECTION('',(-0.,-1.,0.));
#2038 = FACE_BOUND('',#2039,.F.);
#2039 = EDGE_LOOP('',(#2040));
#2040 = ORIENTED_EDGE('',*,*,#2041,.T.);
#2041 = EDGE_CURVE('',#2042,#2042,#2044,.T.);
#2042 = VERTEX_POINT('',#2043);
#2043 = CARTESIAN_POINT('',(192.,-82.61,0.));
#2044 = CIRCLE('',#2045,0.4);
#2045 = AXIS2_PLACEMENT_3D('',#2046,#2047,#2048);
#2046 = CARTESIAN_POINT('',(192.,-82.21,0.));
#2047 = DIRECTION('',(-0.,0.,-1.));
#2048 = DIRECTION('',(-0.,-1.,0.));
#2049 = FACE_BOUND('',#2050,.F.);
#2050 = EDGE_LOOP('',(#2051));
#2051 = ORIENTED_EDGE('',*,*,#2052,.T.);
#2052 = EDGE_CURVE('',#2053,#2053,#2055,.T.);
#2053 = VERTEX_POINT('',#2054);
#2054 = CARTESIAN_POINT('',(194.54,-82.61,0.));
#2055 = CIRCLE('',#2056,0.4);
#2056 = AXIS2_PLACEMENT_3D('',#2057,#2058,#2059);
#2057 = CARTESIAN_POINT('',(194.54,-82.21,0.));
#2058 = DIRECTION('',(-0.,0.,-1.));
#2059 = DIRECTION('',(-0.,-1.,0.));
#2060 = FACE_BOUND('',#2061,.F.);
#2061 = EDGE_LOOP('',(#2062));
#2062 = ORIENTED_EDGE('',*,*,#2063,.T.);
#2063 = EDGE_CURVE('',#2064,#2064,#2066,.T.);
#2064 = VERTEX_POINT('',#2065);
#2065 = CARTESIAN_POINT('',(186.2,-80.99,0.));
#2066 = CIRCLE('',#2067,0.4);
#2067 = AXIS2_PLACEMENT_3D('',#2068,#2069,#2070);
#2068 = CARTESIAN_POINT('',(186.2,-80.59,0.));
#2069 = DIRECTION('',(-0.,0.,-1.));
#2070 = DIRECTION('',(-0.,-1.,0.));
#2071 = FACE_BOUND('',#2072,.F.);
#2072 = EDGE_LOOP('',(#2073));
#2073 = ORIENTED_EDGE('',*,*,#2074,.T.);
#2074 = EDGE_CURVE('',#2075,#2075,#2077,.T.);
#2075 = VERTEX_POINT('',#2076);
#2076 = CARTESIAN_POINT('',(197.8,-81.,0.));
#2077 = CIRCLE('',#2078,0.4);
#2078 = AXIS2_PLACEMENT_3D('',#2079,#2080,#2081);
#2079 = CARTESIAN_POINT('',(197.8,-80.6,0.));
#2080 = DIRECTION('',(-0.,0.,-1.));
#2081 = DIRECTION('',(-0.,-1.,0.));
#2082 = FACE_BOUND('',#2083,.F.);
#2083 = EDGE_LOOP('',(#2084));
#2084 = ORIENTED_EDGE('',*,*,#2085,.T.);
#2085 = EDGE_CURVE('',#2086,#2086,#2088,.T.);
#2086 = VERTEX_POINT('',#2087);
#2087 = CARTESIAN_POINT('',(209.5,-84.65,0.));
#2088 = CIRCLE('',#2089,2.15);
#2089 = AXIS2_PLACEMENT_3D('',#2090,#2091,#2092);
#2090 = CARTESIAN_POINT('',(209.5,-82.5,0.));
#2091 = DIRECTION('',(-0.,0.,-1.));
#2092 = DIRECTION('',(-0.,-1.,0.));
#2093 = FACE_BOUND('',#2094,.F.);
#2094 = EDGE_LOOP('',(#2095));
#2095 = ORIENTED_EDGE('',*,*,#2096,.T.);
#2096 = EDGE_CURVE('',#2097,#2097,#2099,.T.);
#2097 = VERTEX_POINT('',#2098);
#2098 = CARTESIAN_POINT('',(236.8,-78.85,0.));
#2099 = CIRCLE('',#2100,0.65);
#2100 = AXIS2_PLACEMENT_3D('',#2101,#2102,#2103);
#2101 = CARTESIAN_POINT('',(236.8,-78.2,0.));
#2102 = DIRECTION('',(-0.,0.,-1.));
#2103 = DIRECTION('',(-0.,-1.,0.));
#2104 = FACE_BOUND('',#2105,.F.);
#2105 = EDGE_LOOP('',(#2106));
#2106 = ORIENTED_EDGE('',*,*,#2107,.T.);
#2107 = EDGE_CURVE('',#2108,#2108,#2110,.T.);
#2108 = VERTEX_POINT('',#2109);
#2109 = CARTESIAN_POINT('',(241.8,-78.85,0.));
#2110 = CIRCLE('',#2111,0.65);
#2111 = AXIS2_PLACEMENT_3D('',#2112,#2113,#2114);
#2112 = CARTESIAN_POINT('',(241.8,-78.2,0.));
#2113 = DIRECTION('',(-0.,0.,-1.));
#2114 = DIRECTION('',(-0.,-1.,0.));
#2115 = FACE_BOUND('',#2116,.F.);
#2116 = EDGE_LOOP('',(#2117));
#2117 = ORIENTED_EDGE('',*,*,#2118,.T.);
#2118 = EDGE_CURVE('',#2119,#2119,#2121,.T.);
#2119 = VERTEX_POINT('',#2120);
#2120 = CARTESIAN_POINT('',(246.8,-78.85,0.));
#2121 = CIRCLE('',#2122,0.65);
#2122 = AXIS2_PLACEMENT_3D('',#2123,#2124,#2125);
#2123 = CARTESIAN_POINT('',(246.8,-78.2,0.));
#2124 = DIRECTION('',(-0.,0.,-1.));
#2125 = DIRECTION('',(-0.,-1.,0.));
#2126 = PLANE('',#2127);
#2127 = AXIS2_PLACEMENT_3D('',#2128,#2129,#2130);
#2128 = CARTESIAN_POINT('',(0.,0.,0.));
#2129 = DIRECTION('',(0.,0.,1.));
#2130 = DIRECTION('',(1.,0.,-0.));
#2131 = ADVANCED_FACE('',(#2132,#2143,#2154,#2165,#2176,#2187,#2198,
    #2209,#2220,#2231,#2242,#2253,#2264,#2275,#2286,#2297,#2308,#2319,
    #2330,#2341,#2352,#2363,#2374,#2385,#2396,#2407,#2418,#2429,#2440,
    #2451,#2462,#2473,#2484,#2495,#2506,#2517,#2528,#2539,#2550,#2561,
    #2572,#2583,#2619,#2655,#2666,#2677,#2688,#2699,#2710,#2746,#2782,
    #2818,#2829,#2840,#2876,#2912,#2948,#2959,#2970,#2981,#2992,#3003,
    #3014,#3025,#3036,#3047,#3058,#3069,#3080,#3091,#3127,#3163,#3174,
    #3185,#3196,#3207,#3218,#3229,#3240,#3251,#3262,#3273,#3284,#3295,
    #3306,#3317,#3328,#3339,#3350,#3361,#3372,#3383,#3394,#3405,#3416,
    #3427,#3438,#3449,#3460,#3471,#3482,#3493,#3504,#3515,#3526,#3537,
    #3548,#3559,#3570,#3581,#3592,#3603,#3614,#3625,#3636,#3647,#3658,
    #3669,#3680,#3691,#3702,#3713,#3724,#3735,#3746,#3757,#3768,#3779,
    #3790,#3801,#3812,#3823,#3834,#3845,#3856,#3867,#3878,#3889,#3900,
    #3911,#3922,#3933,#3944,#3955,#3966,#3977,#3988,#3999,#4010,#4021,
    #4032,#4043,#4054,#4065,#4076,#4087,#4098,#4109),#4120,.T.);
#2132 = FACE_BOUND('',#2133,.T.);
#2133 = EDGE_LOOP('',(#2134,#2135,#2136,#2142));
#2134 = ORIENTED_EDGE('',*,*,#49,.F.);
#2135 = ORIENTED_EDGE('',*,*,#89,.F.);
#2136 = ORIENTED_EDGE('',*,*,#2137,.F.);
#2137 = EDGE_CURVE('',#112,#82,#2138,.T.);
#2138 = LINE('',#2139,#2140);
#2139 = CARTESIAN_POINT('',(51.3,-71.4,1.51));
#2140 = VECTOR('',#2141,1.);
#2141 = DIRECTION('',(1.,0.,0.));
#2142 = ORIENTED_EDGE('',*,*,#111,.F.);
#2143 = FACE_BOUND('',#2144,.T.);
#2144 = EDGE_LOOP('',(#2145));
#2145 = ORIENTED_EDGE('',*,*,#2146,.T.);
#2146 = EDGE_CURVE('',#2147,#2147,#2149,.T.);
#2147 = VERTEX_POINT('',#2148);
#2148 = CARTESIAN_POINT('',(55.8,-119.35,1.51));
#2149 = CIRCLE('',#2150,0.6);
#2150 = AXIS2_PLACEMENT_3D('',#2151,#2152,#2153);
#2151 = CARTESIAN_POINT('',(55.8,-118.75,1.51));
#2152 = DIRECTION('',(-0.,0.,-1.));
#2153 = DIRECTION('',(-0.,-1.,0.));
#2154 = FACE_BOUND('',#2155,.T.);
#2155 = EDGE_LOOP('',(#2156));
#2156 = ORIENTED_EDGE('',*,*,#2157,.T.);
#2157 = EDGE_CURVE('',#2158,#2158,#2160,.T.);
#2158 = VERTEX_POINT('',#2159);
#2159 = CARTESIAN_POINT('',(60.8,-119.35,1.51));
#2160 = CIRCLE('',#2161,0.6);
#2161 = AXIS2_PLACEMENT_3D('',#2162,#2163,#2164);
#2162 = CARTESIAN_POINT('',(60.8,-118.75,1.51));
#2163 = DIRECTION('',(-0.,0.,-1.));
#2164 = DIRECTION('',(-0.,-1.,0.));
#2165 = FACE_BOUND('',#2166,.T.);
#2166 = EDGE_LOOP('',(#2167));
#2167 = ORIENTED_EDGE('',*,*,#2168,.T.);
#2168 = EDGE_CURVE('',#2169,#2169,#2171,.T.);
#2169 = VERTEX_POINT('',#2170);
#2170 = CARTESIAN_POINT('',(65.8,-119.35,1.51));
#2171 = CIRCLE('',#2172,0.6);
#2172 = AXIS2_PLACEMENT_3D('',#2173,#2174,#2175);
#2173 = CARTESIAN_POINT('',(65.8,-118.75,1.51));
#2174 = DIRECTION('',(-0.,0.,-1.));
#2175 = DIRECTION('',(-2.368475785867E-14,-1.,0.));
#2176 = FACE_BOUND('',#2177,.T.);
#2177 = EDGE_LOOP('',(#2178));
#2178 = ORIENTED_EDGE('',*,*,#2179,.T.);
#2179 = EDGE_CURVE('',#2180,#2180,#2182,.T.);
#2180 = VERTEX_POINT('',#2181);
#2181 = CARTESIAN_POINT('',(78.25,-119.35,1.51));
#2182 = CIRCLE('',#2183,0.6);
#2183 = AXIS2_PLACEMENT_3D('',#2184,#2185,#2186);
#2184 = CARTESIAN_POINT('',(78.25,-118.75,1.51));
#2185 = DIRECTION('',(-0.,0.,-1.));
#2186 = DIRECTION('',(-0.,-1.,0.));
#2187 = FACE_BOUND('',#2188,.T.);
#2188 = EDGE_LOOP('',(#2189));
#2189 = ORIENTED_EDGE('',*,*,#2190,.T.);
#2190 = EDGE_CURVE('',#2191,#2191,#2193,.T.);
#2191 = VERTEX_POINT('',#2192);
#2192 = CARTESIAN_POINT('',(83.25,-119.35,1.51));
#2193 = CIRCLE('',#2194,0.6);
#2194 = AXIS2_PLACEMENT_3D('',#2195,#2196,#2197);
#2195 = CARTESIAN_POINT('',(83.25,-118.75,1.51));
#2196 = DIRECTION('',(-0.,0.,-1.));
#2197 = DIRECTION('',(-0.,-1.,0.));
#2198 = FACE_BOUND('',#2199,.T.);
#2199 = EDGE_LOOP('',(#2200));
#2200 = ORIENTED_EDGE('',*,*,#2201,.T.);
#2201 = EDGE_CURVE('',#2202,#2202,#2204,.T.);
#2202 = VERTEX_POINT('',#2203);
#2203 = CARTESIAN_POINT('',(88.25,-119.35,1.51));
#2204 = CIRCLE('',#2205,0.6);
#2205 = AXIS2_PLACEMENT_3D('',#2206,#2207,#2208);
#2206 = CARTESIAN_POINT('',(88.25,-118.75,1.51));
#2207 = DIRECTION('',(-0.,0.,-1.));
#2208 = DIRECTION('',(-0.,-1.,0.));
#2209 = FACE_BOUND('',#2210,.T.);
#2210 = EDGE_LOOP('',(#2211));
#2211 = ORIENTED_EDGE('',*,*,#2212,.T.);
#2212 = EDGE_CURVE('',#2213,#2213,#2215,.T.);
#2213 = VERTEX_POINT('',#2214);
#2214 = CARTESIAN_POINT('',(100.7,-119.35,1.51));
#2215 = CIRCLE('',#2216,0.6);
#2216 = AXIS2_PLACEMENT_3D('',#2217,#2218,#2219);
#2217 = CARTESIAN_POINT('',(100.7,-118.75,1.51));
#2218 = DIRECTION('',(-0.,0.,-1.));
#2219 = DIRECTION('',(2.368475785867E-14,-1.,-0.));
#2220 = FACE_BOUND('',#2221,.T.);
#2221 = EDGE_LOOP('',(#2222));
#2222 = ORIENTED_EDGE('',*,*,#2223,.T.);
#2223 = EDGE_CURVE('',#2224,#2224,#2226,.T.);
#2224 = VERTEX_POINT('',#2225);
#2225 = CARTESIAN_POINT('',(105.7,-119.35,1.51));
#2226 = CIRCLE('',#2227,0.6);
#2227 = AXIS2_PLACEMENT_3D('',#2228,#2229,#2230);
#2228 = CARTESIAN_POINT('',(105.7,-118.75,1.51));
#2229 = DIRECTION('',(-0.,0.,-1.));
#2230 = DIRECTION('',(2.368475785867E-14,-1.,-0.));
#2231 = FACE_BOUND('',#2232,.T.);
#2232 = EDGE_LOOP('',(#2233));
#2233 = ORIENTED_EDGE('',*,*,#2234,.T.);
#2234 = EDGE_CURVE('',#2235,#2235,#2237,.T.);
#2235 = VERTEX_POINT('',#2236);
#2236 = CARTESIAN_POINT('',(110.7,-119.35,1.51));
#2237 = CIRCLE('',#2238,0.6);
#2238 = AXIS2_PLACEMENT_3D('',#2239,#2240,#2241);
#2239 = CARTESIAN_POINT('',(110.7,-118.75,1.51));
#2240 = DIRECTION('',(-0.,0.,-1.));
#2241 = DIRECTION('',(2.368475785867E-14,-1.,-0.));
#2242 = FACE_BOUND('',#2243,.T.);
#2243 = EDGE_LOOP('',(#2244));
#2244 = ORIENTED_EDGE('',*,*,#2245,.T.);
#2245 = EDGE_CURVE('',#2246,#2246,#2248,.T.);
#2246 = VERTEX_POINT('',#2247);
#2247 = CARTESIAN_POINT('',(123.15,-119.35,1.51));
#2248 = CIRCLE('',#2249,0.6);
#2249 = AXIS2_PLACEMENT_3D('',#2250,#2251,#2252);
#2250 = CARTESIAN_POINT('',(123.15,-118.75,1.51));
#2251 = DIRECTION('',(-0.,0.,-1.));
#2252 = DIRECTION('',(-0.,-1.,0.));
#2253 = FACE_BOUND('',#2254,.T.);
#2254 = EDGE_LOOP('',(#2255));
#2255 = ORIENTED_EDGE('',*,*,#2256,.T.);
#2256 = EDGE_CURVE('',#2257,#2257,#2259,.T.);
#2257 = VERTEX_POINT('',#2258);
#2258 = CARTESIAN_POINT('',(128.15,-119.35,1.51));
#2259 = CIRCLE('',#2260,0.6);
#2260 = AXIS2_PLACEMENT_3D('',#2261,#2262,#2263);
#2261 = CARTESIAN_POINT('',(128.15,-118.75,1.51));
#2262 = DIRECTION('',(-0.,0.,-1.));
#2263 = DIRECTION('',(-0.,-1.,0.));
#2264 = FACE_BOUND('',#2265,.T.);
#2265 = EDGE_LOOP('',(#2266));
#2266 = ORIENTED_EDGE('',*,*,#2267,.T.);
#2267 = EDGE_CURVE('',#2268,#2268,#2270,.T.);
#2268 = VERTEX_POINT('',#2269);
#2269 = CARTESIAN_POINT('',(133.15,-119.35,1.51));
#2270 = CIRCLE('',#2271,0.6);
#2271 = AXIS2_PLACEMENT_3D('',#2272,#2273,#2274);
#2272 = CARTESIAN_POINT('',(133.15,-118.75,1.51));
#2273 = DIRECTION('',(-0.,0.,-1.));
#2274 = DIRECTION('',(-0.,-1.,0.));
#2275 = FACE_BOUND('',#2276,.T.);
#2276 = EDGE_LOOP('',(#2277));
#2277 = ORIENTED_EDGE('',*,*,#2278,.T.);
#2278 = EDGE_CURVE('',#2279,#2279,#2281,.T.);
#2279 = VERTEX_POINT('',#2280);
#2280 = CARTESIAN_POINT('',(145.6,-119.35,1.51));
#2281 = CIRCLE('',#2282,0.6);
#2282 = AXIS2_PLACEMENT_3D('',#2283,#2284,#2285);
#2283 = CARTESIAN_POINT('',(145.6,-118.75,1.51));
#2284 = DIRECTION('',(-0.,0.,-1.));
#2285 = DIRECTION('',(-0.,-1.,0.));
#2286 = FACE_BOUND('',#2287,.T.);
#2287 = EDGE_LOOP('',(#2288));
#2288 = ORIENTED_EDGE('',*,*,#2289,.T.);
#2289 = EDGE_CURVE('',#2290,#2290,#2292,.T.);
#2290 = VERTEX_POINT('',#2291);
#2291 = CARTESIAN_POINT('',(150.6,-119.35,1.51));
#2292 = CIRCLE('',#2293,0.6);
#2293 = AXIS2_PLACEMENT_3D('',#2294,#2295,#2296);
#2294 = CARTESIAN_POINT('',(150.6,-118.75,1.51));
#2295 = DIRECTION('',(-0.,0.,-1.));
#2296 = DIRECTION('',(-0.,-1.,0.));
#2297 = FACE_BOUND('',#2298,.T.);
#2298 = EDGE_LOOP('',(#2299));
#2299 = ORIENTED_EDGE('',*,*,#2300,.T.);
#2300 = EDGE_CURVE('',#2301,#2301,#2303,.T.);
#2301 = VERTEX_POINT('',#2302);
#2302 = CARTESIAN_POINT('',(60.79,-109.8,1.51));
#2303 = CIRCLE('',#2304,0.4);
#2304 = AXIS2_PLACEMENT_3D('',#2305,#2306,#2307);
#2305 = CARTESIAN_POINT('',(60.79,-109.4,1.51));
#2306 = DIRECTION('',(-0.,0.,-1.));
#2307 = DIRECTION('',(-0.,-1.,0.));
#2308 = FACE_BOUND('',#2309,.T.);
#2309 = EDGE_LOOP('',(#2310));
#2310 = ORIENTED_EDGE('',*,*,#2311,.T.);
#2311 = EDGE_CURVE('',#2312,#2312,#2314,.T.);
#2312 = VERTEX_POINT('',#2313);
#2313 = CARTESIAN_POINT('',(68.41,-109.8,1.51));
#2314 = CIRCLE('',#2315,0.4);
#2315 = AXIS2_PLACEMENT_3D('',#2316,#2317,#2318);
#2316 = CARTESIAN_POINT('',(68.41,-109.4,1.51));
#2317 = DIRECTION('',(-0.,0.,-1.));
#2318 = DIRECTION('',(-0.,-1.,0.));
#2319 = FACE_BOUND('',#2320,.T.);
#2320 = EDGE_LOOP('',(#2321));
#2321 = ORIENTED_EDGE('',*,*,#2322,.T.);
#2322 = EDGE_CURVE('',#2323,#2323,#2325,.T.);
#2323 = VERTEX_POINT('',#2324);
#2324 = CARTESIAN_POINT('',(74.1,-109.8,1.51));
#2325 = CIRCLE('',#2326,0.4);
#2326 = AXIS2_PLACEMENT_3D('',#2327,#2328,#2329);
#2327 = CARTESIAN_POINT('',(74.1,-109.4,1.51));
#2328 = DIRECTION('',(-0.,0.,-1.));
#2329 = DIRECTION('',(-0.,-1.,0.));
#2330 = FACE_BOUND('',#2331,.T.);
#2331 = EDGE_LOOP('',(#2332));
#2332 = ORIENTED_EDGE('',*,*,#2333,.T.);
#2333 = EDGE_CURVE('',#2334,#2334,#2336,.T.);
#2334 = VERTEX_POINT('',#2335);
#2335 = CARTESIAN_POINT('',(79.1,-109.8,1.51));
#2336 = CIRCLE('',#2337,0.4);
#2337 = AXIS2_PLACEMENT_3D('',#2338,#2339,#2340);
#2338 = CARTESIAN_POINT('',(79.1,-109.4,1.51));
#2339 = DIRECTION('',(-0.,0.,-1.));
#2340 = DIRECTION('',(-0.,-1.,0.));
#2341 = FACE_BOUND('',#2342,.T.);
#2342 = EDGE_LOOP('',(#2343));
#2343 = ORIENTED_EDGE('',*,*,#2344,.T.);
#2344 = EDGE_CURVE('',#2345,#2345,#2347,.T.);
#2345 = VERTEX_POINT('',#2346);
#2346 = CARTESIAN_POINT('',(56.6,-106.1,1.51));
#2347 = CIRCLE('',#2348,0.4);
#2348 = AXIS2_PLACEMENT_3D('',#2349,#2350,#2351);
#2349 = CARTESIAN_POINT('',(56.6,-105.7,1.51));
#2350 = DIRECTION('',(-0.,0.,-1.));
#2351 = DIRECTION('',(-0.,-1.,0.));
#2352 = FACE_BOUND('',#2353,.T.);
#2353 = EDGE_LOOP('',(#2354));
#2354 = ORIENTED_EDGE('',*,*,#2355,.T.);
#2355 = EDGE_CURVE('',#2356,#2356,#2358,.T.);
#2356 = VERTEX_POINT('',#2357);
#2357 = CARTESIAN_POINT('',(60.79,-106.2,1.51));
#2358 = CIRCLE('',#2359,0.4);
#2359 = AXIS2_PLACEMENT_3D('',#2360,#2361,#2362);
#2360 = CARTESIAN_POINT('',(60.79,-105.8,1.51));
#2361 = DIRECTION('',(-0.,0.,-1.));
#2362 = DIRECTION('',(-0.,-1.,0.));
#2363 = FACE_BOUND('',#2364,.T.);
#2364 = EDGE_LOOP('',(#2365));
#2365 = ORIENTED_EDGE('',*,*,#2366,.T.);
#2366 = EDGE_CURVE('',#2367,#2367,#2369,.T.);
#2367 = VERTEX_POINT('',#2368);
#2368 = CARTESIAN_POINT('',(68.41,-106.2,1.51));
#2369 = CIRCLE('',#2370,0.4);
#2370 = AXIS2_PLACEMENT_3D('',#2371,#2372,#2373);
#2371 = CARTESIAN_POINT('',(68.41,-105.8,1.51));
#2372 = DIRECTION('',(-0.,0.,-1.));
#2373 = DIRECTION('',(-0.,-1.,0.));
#2374 = FACE_BOUND('',#2375,.T.);
#2375 = EDGE_LOOP('',(#2376));
#2376 = ORIENTED_EDGE('',*,*,#2377,.T.);
#2377 = EDGE_CURVE('',#2378,#2378,#2380,.T.);
#2378 = VERTEX_POINT('',#2379);
#2379 = CARTESIAN_POINT('',(83.8,-109.8,1.51));
#2380 = CIRCLE('',#2381,0.4);
#2381 = AXIS2_PLACEMENT_3D('',#2382,#2383,#2384);
#2382 = CARTESIAN_POINT('',(83.8,-109.4,1.51));
#2383 = DIRECTION('',(-0.,0.,-1.));
#2384 = DIRECTION('',(-3.552713678801E-14,-1.,0.));
#2385 = FACE_BOUND('',#2386,.T.);
#2386 = EDGE_LOOP('',(#2387));
#2387 = ORIENTED_EDGE('',*,*,#2388,.T.);
#2388 = EDGE_CURVE('',#2389,#2389,#2391,.T.);
#2389 = VERTEX_POINT('',#2390);
#2390 = CARTESIAN_POINT('',(91.42,-109.8,1.51));
#2391 = CIRCLE('',#2392,0.4);
#2392 = AXIS2_PLACEMENT_3D('',#2393,#2394,#2395);
#2393 = CARTESIAN_POINT('',(91.42,-109.4,1.51));
#2394 = DIRECTION('',(-0.,0.,-1.));
#2395 = DIRECTION('',(3.5527136788E-14,-1.,-0.));
#2396 = FACE_BOUND('',#2397,.T.);
#2397 = EDGE_LOOP('',(#2398));
#2398 = ORIENTED_EDGE('',*,*,#2399,.T.);
#2399 = EDGE_CURVE('',#2400,#2400,#2402,.T.);
#2400 = VERTEX_POINT('',#2401);
#2401 = CARTESIAN_POINT('',(56.6,-101.1,1.51));
#2402 = CIRCLE('',#2403,0.4);
#2403 = AXIS2_PLACEMENT_3D('',#2404,#2405,#2406);
#2404 = CARTESIAN_POINT('',(56.6,-100.7,1.51));
#2405 = DIRECTION('',(-0.,0.,-1.));
#2406 = DIRECTION('',(-0.,-1.,0.));
#2407 = FACE_BOUND('',#2408,.T.);
#2408 = EDGE_LOOP('',(#2409));
#2409 = ORIENTED_EDGE('',*,*,#2410,.T.);
#2410 = EDGE_CURVE('',#2411,#2411,#2413,.T.);
#2411 = VERTEX_POINT('',#2412);
#2412 = CARTESIAN_POINT('',(73.6,-100.,1.51));
#2413 = CIRCLE('',#2414,0.4);
#2414 = AXIS2_PLACEMENT_3D('',#2415,#2416,#2417);
#2415 = CARTESIAN_POINT('',(73.6,-99.6,1.51));
#2416 = DIRECTION('',(-0.,0.,-1.));
#2417 = DIRECTION('',(-0.,-1.,0.));
#2418 = FACE_BOUND('',#2419,.T.);
#2419 = EDGE_LOOP('',(#2420));
#2420 = ORIENTED_EDGE('',*,*,#2421,.T.);
#2421 = EDGE_CURVE('',#2422,#2422,#2424,.T.);
#2422 = VERTEX_POINT('',#2423);
#2423 = CARTESIAN_POINT('',(81.22,-100.,1.51));
#2424 = CIRCLE('',#2425,0.4);
#2425 = AXIS2_PLACEMENT_3D('',#2426,#2427,#2428);
#2426 = CARTESIAN_POINT('',(81.22,-99.6,1.51));
#2427 = DIRECTION('',(-0.,0.,-1.));
#2428 = DIRECTION('',(-0.,-1.,0.));
#2429 = FACE_BOUND('',#2430,.T.);
#2430 = EDGE_LOOP('',(#2431));
#2431 = ORIENTED_EDGE('',*,*,#2432,.T.);
#2432 = EDGE_CURVE('',#2433,#2433,#2435,.T.);
#2433 = VERTEX_POINT('',#2434);
#2434 = CARTESIAN_POINT('',(87.06,-100.,1.51));
#2435 = CIRCLE('',#2436,0.4);
#2436 = AXIS2_PLACEMENT_3D('',#2437,#2438,#2439);
#2437 = CARTESIAN_POINT('',(87.06,-99.6,1.51));
#2438 = DIRECTION('',(-0.,0.,-1.));
#2439 = DIRECTION('',(-0.,-1.,0.));
#2440 = FACE_BOUND('',#2441,.T.);
#2441 = EDGE_LOOP('',(#2442));
#2442 = ORIENTED_EDGE('',*,*,#2443,.T.);
#2443 = EDGE_CURVE('',#2444,#2444,#2446,.T.);
#2444 = VERTEX_POINT('',#2445);
#2445 = CARTESIAN_POINT('',(89.6,-100.,1.51));
#2446 = CIRCLE('',#2447,0.4);
#2447 = AXIS2_PLACEMENT_3D('',#2448,#2449,#2450);
#2448 = CARTESIAN_POINT('',(89.6,-99.6,1.51));
#2449 = DIRECTION('',(-0.,0.,-1.));
#2450 = DIRECTION('',(-0.,-1.,0.));
#2451 = FACE_BOUND('',#2452,.T.);
#2452 = EDGE_LOOP('',(#2453));
#2453 = ORIENTED_EDGE('',*,*,#2454,.T.);
#2454 = EDGE_CURVE('',#2455,#2455,#2457,.T.);
#2455 = VERTEX_POINT('',#2456);
#2456 = CARTESIAN_POINT('',(92.14,-100.,1.51));
#2457 = CIRCLE('',#2458,0.4);
#2458 = AXIS2_PLACEMENT_3D('',#2459,#2460,#2461);
#2459 = CARTESIAN_POINT('',(92.14,-99.6,1.51));
#2460 = DIRECTION('',(-0.,0.,-1.));
#2461 = DIRECTION('',(-0.,-1.,0.));
#2462 = FACE_BOUND('',#2463,.T.);
#2463 = EDGE_LOOP('',(#2464));
#2464 = ORIENTED_EDGE('',*,*,#2465,.T.);
#2465 = EDGE_CURVE('',#2466,#2466,#2468,.T.);
#2466 = VERTEX_POINT('',#2467);
#2467 = CARTESIAN_POINT('',(98.,-100.,1.51));
#2468 = CIRCLE('',#2469,0.4);
#2469 = AXIS2_PLACEMENT_3D('',#2470,#2471,#2472);
#2470 = CARTESIAN_POINT('',(98.,-99.6,1.51));
#2471 = DIRECTION('',(-0.,0.,-1.));
#2472 = DIRECTION('',(-0.,-1.,0.));
#2473 = FACE_BOUND('',#2474,.T.);
#2474 = EDGE_LOOP('',(#2475));
#2475 = ORIENTED_EDGE('',*,*,#2476,.T.);
#2476 = EDGE_CURVE('',#2477,#2477,#2479,.T.);
#2477 = VERTEX_POINT('',#2478);
#2478 = CARTESIAN_POINT('',(106.,-109.8,1.51));
#2479 = CIRCLE('',#2480,0.4);
#2480 = AXIS2_PLACEMENT_3D('',#2481,#2482,#2483);
#2481 = CARTESIAN_POINT('',(106.,-109.4,1.51));
#2482 = DIRECTION('',(-0.,0.,-1.));
#2483 = DIRECTION('',(-0.,-1.,0.));
#2484 = FACE_BOUND('',#2485,.T.);
#2485 = EDGE_LOOP('',(#2486));
#2486 = ORIENTED_EDGE('',*,*,#2487,.T.);
#2487 = EDGE_CURVE('',#2488,#2488,#2490,.T.);
#2488 = VERTEX_POINT('',#2489);
#2489 = CARTESIAN_POINT('',(113.62,-109.8,1.51));
#2490 = CIRCLE('',#2491,0.4);
#2491 = AXIS2_PLACEMENT_3D('',#2492,#2493,#2494);
#2492 = CARTESIAN_POINT('',(113.62,-109.4,1.51));
#2493 = DIRECTION('',(-0.,0.,-1.));
#2494 = DIRECTION('',(-0.,-1.,0.));
#2495 = FACE_BOUND('',#2496,.T.);
#2496 = EDGE_LOOP('',(#2497));
#2497 = ORIENTED_EDGE('',*,*,#2498,.T.);
#2498 = EDGE_CURVE('',#2499,#2499,#2501,.T.);
#2499 = VERTEX_POINT('',#2500);
#2500 = CARTESIAN_POINT('',(106.,-106.2,1.51));
#2501 = CIRCLE('',#2502,0.4);
#2502 = AXIS2_PLACEMENT_3D('',#2503,#2504,#2505);
#2503 = CARTESIAN_POINT('',(106.,-105.8,1.51));
#2504 = DIRECTION('',(-0.,0.,-1.));
#2505 = DIRECTION('',(-0.,-1.,0.));
#2506 = FACE_BOUND('',#2507,.T.);
#2507 = EDGE_LOOP('',(#2508));
#2508 = ORIENTED_EDGE('',*,*,#2509,.T.);
#2509 = EDGE_CURVE('',#2510,#2510,#2512,.T.);
#2510 = VERTEX_POINT('',#2511);
#2511 = CARTESIAN_POINT('',(113.62,-106.2,1.51));
#2512 = CIRCLE('',#2513,0.4);
#2513 = AXIS2_PLACEMENT_3D('',#2514,#2515,#2516);
#2514 = CARTESIAN_POINT('',(113.62,-105.8,1.51));
#2515 = DIRECTION('',(-0.,0.,-1.));
#2516 = DIRECTION('',(-0.,-1.,0.));
#2517 = FACE_BOUND('',#2518,.T.);
#2518 = EDGE_LOOP('',(#2519));
#2519 = ORIENTED_EDGE('',*,*,#2520,.T.);
#2520 = EDGE_CURVE('',#2521,#2521,#2523,.T.);
#2521 = VERTEX_POINT('',#2522);
#2522 = CARTESIAN_POINT('',(105.62,-100.,1.51));
#2523 = CIRCLE('',#2524,0.4);
#2524 = AXIS2_PLACEMENT_3D('',#2525,#2526,#2527);
#2525 = CARTESIAN_POINT('',(105.62,-99.6,1.51));
#2526 = DIRECTION('',(-0.,0.,-1.));
#2527 = DIRECTION('',(-0.,-1.,0.));
#2528 = FACE_BOUND('',#2529,.T.);
#2529 = EDGE_LOOP('',(#2530));
#2530 = ORIENTED_EDGE('',*,*,#2531,.T.);
#2531 = EDGE_CURVE('',#2532,#2532,#2534,.T.);
#2532 = VERTEX_POINT('',#2533);
#2533 = CARTESIAN_POINT('',(120.8,-100.,1.51));
#2534 = CIRCLE('',#2535,0.4);
#2535 = AXIS2_PLACEMENT_3D('',#2536,#2537,#2538);
#2536 = CARTESIAN_POINT('',(120.8,-99.6,1.51));
#2537 = DIRECTION('',(-0.,0.,-1.));
#2538 = DIRECTION('',(-3.552713678801E-14,-1.,0.));
#2539 = FACE_BOUND('',#2540,.T.);
#2540 = EDGE_LOOP('',(#2541));
#2541 = ORIENTED_EDGE('',*,*,#2542,.T.);
#2542 = EDGE_CURVE('',#2543,#2543,#2545,.T.);
#2543 = VERTEX_POINT('',#2544);
#2544 = CARTESIAN_POINT('',(134.8,-99.81,1.51));
#2545 = CIRCLE('',#2546,0.4);
#2546 = AXIS2_PLACEMENT_3D('',#2547,#2548,#2549);
#2547 = CARTESIAN_POINT('',(134.8,-99.41,1.51));
#2548 = DIRECTION('',(-0.,0.,-1.));
#2549 = DIRECTION('',(-0.,-1.,0.));
#2550 = FACE_BOUND('',#2551,.T.);
#2551 = EDGE_LOOP('',(#2552));
#2552 = ORIENTED_EDGE('',*,*,#2553,.T.);
#2553 = EDGE_CURVE('',#2554,#2554,#2556,.T.);
#2554 = VERTEX_POINT('',#2555);
#2555 = CARTESIAN_POINT('',(155.6,-119.35,1.51));
#2556 = CIRCLE('',#2557,0.6);
#2557 = AXIS2_PLACEMENT_3D('',#2558,#2559,#2560);
#2558 = CARTESIAN_POINT('',(155.6,-118.75,1.51));
#2559 = DIRECTION('',(-0.,0.,-1.));
#2560 = DIRECTION('',(-0.,-1.,0.));
#2561 = FACE_BOUND('',#2562,.T.);
#2562 = EDGE_LOOP('',(#2563));
#2563 = ORIENTED_EDGE('',*,*,#2564,.T.);
#2564 = EDGE_CURVE('',#2565,#2565,#2567,.T.);
#2565 = VERTEX_POINT('',#2566);
#2566 = CARTESIAN_POINT('',(188.05,-120.485,1.51));
#2567 = CIRCLE('',#2568,0.4);
#2568 = AXIS2_PLACEMENT_3D('',#2569,#2570,#2571);
#2569 = CARTESIAN_POINT('',(188.05,-120.085,1.51));
#2570 = DIRECTION('',(-0.,0.,-1.));
#2571 = DIRECTION('',(-0.,-1.,0.));
#2572 = FACE_BOUND('',#2573,.T.);
#2573 = EDGE_LOOP('',(#2574));
#2574 = ORIENTED_EDGE('',*,*,#2575,.T.);
#2575 = EDGE_CURVE('',#2576,#2576,#2578,.T.);
#2576 = VERTEX_POINT('',#2577);
#2577 = CARTESIAN_POINT('',(192.25,-120.495,1.51));
#2578 = CIRCLE('',#2579,0.4);
#2579 = AXIS2_PLACEMENT_3D('',#2580,#2581,#2582);
#2580 = CARTESIAN_POINT('',(192.25,-120.095,1.51));
#2581 = DIRECTION('',(-0.,0.,-1.));
#2582 = DIRECTION('',(-0.,-1.,0.));
#2583 = FACE_BOUND('',#2584,.T.);
#2584 = EDGE_LOOP('',(#2585,#2596,#2604,#2613));
#2585 = ORIENTED_EDGE('',*,*,#2586,.T.);
#2586 = EDGE_CURVE('',#2587,#2589,#2591,.T.);
#2587 = VERTEX_POINT('',#2588);
#2588 = CARTESIAN_POINT('',(196.1,-120.15,1.51));
#2589 = VERTEX_POINT('',#2590);
#2590 = CARTESIAN_POINT('',(194.9,-120.15,1.51));
#2591 = CIRCLE('',#2592,0.6);
#2592 = AXIS2_PLACEMENT_3D('',#2593,#2594,#2595);
#2593 = CARTESIAN_POINT('',(195.5,-120.15,1.51));
#2594 = DIRECTION('',(-0.,0.,-1.));
#2595 = DIRECTION('',(-1.,-2.368475785867E-14,0.));
#2596 = ORIENTED_EDGE('',*,*,#2597,.T.);
#2597 = EDGE_CURVE('',#2589,#2598,#2600,.T.);
#2598 = VERTEX_POINT('',#2599);
#2599 = CARTESIAN_POINT('',(194.9,-119.85,1.51));
#2600 = LINE('',#2601,#2602);
#2601 = CARTESIAN_POINT('',(194.9,-59.925,1.51));
#2602 = VECTOR('',#2603,1.);
#2603 = DIRECTION('',(-0.,1.,0.));
#2604 = ORIENTED_EDGE('',*,*,#2605,.T.);
#2605 = EDGE_CURVE('',#2598,#2606,#2608,.T.);
#2606 = VERTEX_POINT('',#2607);
#2607 = CARTESIAN_POINT('',(196.1,-119.85,1.51));
#2608 = CIRCLE('',#2609,0.6);
#2609 = AXIS2_PLACEMENT_3D('',#2610,#2611,#2612);
#2610 = CARTESIAN_POINT('',(195.5,-119.85,1.51));
#2611 = DIRECTION('',(0.,-0.,-1.));
#2612 = DIRECTION('',(1.,2.368475785867E-14,-0.));
#2613 = ORIENTED_EDGE('',*,*,#2614,.T.);
#2614 = EDGE_CURVE('',#2606,#2587,#2615,.T.);
#2615 = LINE('',#2616,#2617);
#2616 = CARTESIAN_POINT('',(196.1,-60.075,1.51));
#2617 = VECTOR('',#2618,1.);
#2618 = DIRECTION('',(0.,-1.,0.));
#2619 = FACE_BOUND('',#2620,.T.);
#2620 = EDGE_LOOP('',(#2621,#2632,#2640,#2649));
#2621 = ORIENTED_EDGE('',*,*,#2622,.T.);
#2622 = EDGE_CURVE('',#2623,#2625,#2627,.T.);
#2623 = VERTEX_POINT('',#2624);
#2624 = CARTESIAN_POINT('',(196.1,-116.15,1.51));
#2625 = VERTEX_POINT('',#2626);
#2626 = CARTESIAN_POINT('',(194.9,-116.15,1.51));
#2627 = CIRCLE('',#2628,0.6);
#2628 = AXIS2_PLACEMENT_3D('',#2629,#2630,#2631);
#2629 = CARTESIAN_POINT('',(195.5,-116.15,1.51));
#2630 = DIRECTION('',(-0.,0.,-1.));
#2631 = DIRECTION('',(-1.,-2.368475785867E-14,0.));
#2632 = ORIENTED_EDGE('',*,*,#2633,.T.);
#2633 = EDGE_CURVE('',#2625,#2634,#2636,.T.);
#2634 = VERTEX_POINT('',#2635);
#2635 = CARTESIAN_POINT('',(194.9,-115.85,1.51));
#2636 = LINE('',#2637,#2638);
#2637 = CARTESIAN_POINT('',(194.9,-57.925,1.51));
#2638 = VECTOR('',#2639,1.);
#2639 = DIRECTION('',(-0.,1.,0.));
#2640 = ORIENTED_EDGE('',*,*,#2641,.T.);
#2641 = EDGE_CURVE('',#2634,#2642,#2644,.T.);
#2642 = VERTEX_POINT('',#2643);
#2643 = CARTESIAN_POINT('',(196.1,-115.85,1.51));
#2644 = CIRCLE('',#2645,0.6);
#2645 = AXIS2_PLACEMENT_3D('',#2646,#2647,#2648);
#2646 = CARTESIAN_POINT('',(195.5,-115.85,1.51));
#2647 = DIRECTION('',(0.,-0.,-1.));
#2648 = DIRECTION('',(1.,2.368475785867E-14,-0.));
#2649 = ORIENTED_EDGE('',*,*,#2650,.T.);
#2650 = EDGE_CURVE('',#2642,#2623,#2651,.T.);
#2651 = LINE('',#2652,#2653);
#2652 = CARTESIAN_POINT('',(196.1,-58.075,1.51));
#2653 = VECTOR('',#2654,1.);
#2654 = DIRECTION('',(0.,-1.,0.));
#2655 = FACE_BOUND('',#2656,.T.);
#2656 = EDGE_LOOP('',(#2657));
#2657 = ORIENTED_EDGE('',*,*,#2658,.T.);
#2658 = EDGE_CURVE('',#2659,#2659,#2661,.T.);
#2659 = VERTEX_POINT('',#2660);
#2660 = CARTESIAN_POINT('',(168.46,-115.295,1.51));
#2661 = CIRCLE('',#2662,0.55);
#2662 = AXIS2_PLACEMENT_3D('',#2663,#2664,#2665);
#2663 = CARTESIAN_POINT('',(168.46,-114.745,1.51));
#2664 = DIRECTION('',(-0.,0.,-1.));
#2665 = DIRECTION('',(5.167583532801E-14,-1.,-0.));
#2666 = FACE_BOUND('',#2667,.T.);
#2667 = EDGE_LOOP('',(#2668));
#2668 = ORIENTED_EDGE('',*,*,#2669,.T.);
#2669 = EDGE_CURVE('',#2670,#2670,#2672,.T.);
#2670 = VERTEX_POINT('',#2671);
#2671 = CARTESIAN_POINT('',(171.,-115.295,1.51));
#2672 = CIRCLE('',#2673,0.55);
#2673 = AXIS2_PLACEMENT_3D('',#2674,#2675,#2676);
#2674 = CARTESIAN_POINT('',(171.,-114.745,1.51));
#2675 = DIRECTION('',(-0.,0.,-1.));
#2676 = DIRECTION('',(-0.,-1.,0.));
#2677 = FACE_BOUND('',#2678,.T.);
#2678 = EDGE_LOOP('',(#2679));
#2679 = ORIENTED_EDGE('',*,*,#2680,.T.);
#2680 = EDGE_CURVE('',#2681,#2681,#2683,.T.);
#2681 = VERTEX_POINT('',#2682);
#2682 = CARTESIAN_POINT('',(173.54,-115.295,1.51));
#2683 = CIRCLE('',#2684,0.55);
#2684 = AXIS2_PLACEMENT_3D('',#2685,#2686,#2687);
#2685 = CARTESIAN_POINT('',(173.54,-114.745,1.51));
#2686 = DIRECTION('',(-0.,0.,-1.));
#2687 = DIRECTION('',(-5.167583532801E-14,-1.,0.));
#2688 = FACE_BOUND('',#2689,.T.);
#2689 = EDGE_LOOP('',(#2690));
#2690 = ORIENTED_EDGE('',*,*,#2691,.T.);
#2691 = EDGE_CURVE('',#2692,#2692,#2694,.T.);
#2692 = VERTEX_POINT('',#2693);
#2693 = CARTESIAN_POINT('',(188.05,-112.865,1.51));
#2694 = CIRCLE('',#2695,0.4);
#2695 = AXIS2_PLACEMENT_3D('',#2696,#2697,#2698);
#2696 = CARTESIAN_POINT('',(188.05,-112.465,1.51));
#2697 = DIRECTION('',(-0.,0.,-1.));
#2698 = DIRECTION('',(-0.,-1.,0.));
#2699 = FACE_BOUND('',#2700,.T.);
#2700 = EDGE_LOOP('',(#2701));
#2701 = ORIENTED_EDGE('',*,*,#2702,.T.);
#2702 = EDGE_CURVE('',#2703,#2703,#2705,.T.);
#2703 = VERTEX_POINT('',#2704);
#2704 = CARTESIAN_POINT('',(192.25,-112.875,1.51));
#2705 = CIRCLE('',#2706,0.4);
#2706 = AXIS2_PLACEMENT_3D('',#2707,#2708,#2709);
#2707 = CARTESIAN_POINT('',(192.25,-112.475,1.51));
#2708 = DIRECTION('',(-0.,0.,-1.));
#2709 = DIRECTION('',(-0.,-1.,0.));
#2710 = FACE_BOUND('',#2711,.T.);
#2711 = EDGE_LOOP('',(#2712,#2723,#2731,#2740));
#2712 = ORIENTED_EDGE('',*,*,#2713,.T.);
#2713 = EDGE_CURVE('',#2714,#2716,#2718,.T.);
#2714 = VERTEX_POINT('',#2715);
#2715 = CARTESIAN_POINT('',(196.1,-111.15,1.51));
#2716 = VERTEX_POINT('',#2717);
#2717 = CARTESIAN_POINT('',(194.9,-111.15,1.51));
#2718 = CIRCLE('',#2719,0.6);
#2719 = AXIS2_PLACEMENT_3D('',#2720,#2721,#2722);
#2720 = CARTESIAN_POINT('',(195.5,-111.15,1.51));
#2721 = DIRECTION('',(-0.,0.,-1.));
#2722 = DIRECTION('',(-1.,-2.368475785867E-14,0.));
#2723 = ORIENTED_EDGE('',*,*,#2724,.T.);
#2724 = EDGE_CURVE('',#2716,#2725,#2727,.T.);
#2725 = VERTEX_POINT('',#2726);
#2726 = CARTESIAN_POINT('',(194.9,-110.85,1.51));
#2727 = LINE('',#2728,#2729);
#2728 = CARTESIAN_POINT('',(194.9,-55.425,1.51));
#2729 = VECTOR('',#2730,1.);
#2730 = DIRECTION('',(-0.,1.,0.));
#2731 = ORIENTED_EDGE('',*,*,#2732,.T.);
#2732 = EDGE_CURVE('',#2725,#2733,#2735,.T.);
#2733 = VERTEX_POINT('',#2734);
#2734 = CARTESIAN_POINT('',(196.1,-110.85,1.51));
#2735 = CIRCLE('',#2736,0.6);
#2736 = AXIS2_PLACEMENT_3D('',#2737,#2738,#2739);
#2737 = CARTESIAN_POINT('',(195.5,-110.85,1.51));
#2738 = DIRECTION('',(0.,-0.,-1.));
#2739 = DIRECTION('',(1.,2.368475785867E-14,-0.));
#2740 = ORIENTED_EDGE('',*,*,#2741,.T.);
#2741 = EDGE_CURVE('',#2733,#2714,#2742,.T.);
#2742 = LINE('',#2743,#2744);
#2743 = CARTESIAN_POINT('',(196.1,-55.575,1.51));
#2744 = VECTOR('',#2745,1.);
#2745 = DIRECTION('',(0.,-1.,0.));
#2746 = FACE_BOUND('',#2747,.T.);
#2747 = EDGE_LOOP('',(#2748,#2759,#2767,#2776));
#2748 = ORIENTED_EDGE('',*,*,#2749,.T.);
#2749 = EDGE_CURVE('',#2750,#2752,#2754,.T.);
#2750 = VERTEX_POINT('',#2751);
#2751 = CARTESIAN_POINT('',(206.5,-119.5,1.51));
#2752 = VERTEX_POINT('',#2753);
#2753 = CARTESIAN_POINT('',(204.5,-119.5,1.51));
#2754 = CIRCLE('',#2755,1.);
#2755 = AXIS2_PLACEMENT_3D('',#2756,#2757,#2758);
#2756 = CARTESIAN_POINT('',(205.5,-119.5,1.51));
#2757 = DIRECTION('',(-0.,0.,-1.));
#2758 = DIRECTION('',(-1.,0.,0.));
#2759 = ORIENTED_EDGE('',*,*,#2760,.T.);
#2760 = EDGE_CURVE('',#2752,#2761,#2763,.T.);
#2761 = VERTEX_POINT('',#2762);
#2762 = CARTESIAN_POINT('',(204.5,-117.5,1.51));
#2763 = LINE('',#2764,#2765);
#2764 = CARTESIAN_POINT('',(204.5,-58.75,1.51));
#2765 = VECTOR('',#2766,1.);
#2766 = DIRECTION('',(-0.,1.,0.));
#2767 = ORIENTED_EDGE('',*,*,#2768,.T.);
#2768 = EDGE_CURVE('',#2761,#2769,#2771,.T.);
#2769 = VERTEX_POINT('',#2770);
#2770 = CARTESIAN_POINT('',(206.5,-117.5,1.51));
#2771 = CIRCLE('',#2772,1.);
#2772 = AXIS2_PLACEMENT_3D('',#2773,#2774,#2775);
#2773 = CARTESIAN_POINT('',(205.5,-117.5,1.51));
#2774 = DIRECTION('',(0.,-0.,-1.));
#2775 = DIRECTION('',(1.,0.,-0.));
#2776 = ORIENTED_EDGE('',*,*,#2777,.T.);
#2777 = EDGE_CURVE('',#2769,#2750,#2778,.T.);
#2778 = LINE('',#2779,#2780);
#2779 = CARTESIAN_POINT('',(206.5,-59.75,1.51));
#2780 = VECTOR('',#2781,1.);
#2781 = DIRECTION('',(0.,-1.,0.));
#2782 = FACE_BOUND('',#2783,.T.);
#2783 = EDGE_LOOP('',(#2784,#2795,#2803,#2812));
#2784 = ORIENTED_EDGE('',*,*,#2785,.T.);
#2785 = EDGE_CURVE('',#2786,#2788,#2790,.T.);
#2786 = VERTEX_POINT('',#2787);
#2787 = CARTESIAN_POINT('',(222.5,-119.5,1.51));
#2788 = VERTEX_POINT('',#2789);
#2789 = CARTESIAN_POINT('',(220.5,-119.5,1.51));
#2790 = CIRCLE('',#2791,1.);
#2791 = AXIS2_PLACEMENT_3D('',#2792,#2793,#2794);
#2792 = CARTESIAN_POINT('',(221.5,-119.5,1.51));
#2793 = DIRECTION('',(-0.,0.,-1.));
#2794 = DIRECTION('',(-1.,0.,0.));
#2795 = ORIENTED_EDGE('',*,*,#2796,.T.);
#2796 = EDGE_CURVE('',#2788,#2797,#2799,.T.);
#2797 = VERTEX_POINT('',#2798);
#2798 = CARTESIAN_POINT('',(220.5,-117.5,1.51));
#2799 = LINE('',#2800,#2801);
#2800 = CARTESIAN_POINT('',(220.5,-58.75,1.51));
#2801 = VECTOR('',#2802,1.);
#2802 = DIRECTION('',(-0.,1.,0.));
#2803 = ORIENTED_EDGE('',*,*,#2804,.T.);
#2804 = EDGE_CURVE('',#2797,#2805,#2807,.T.);
#2805 = VERTEX_POINT('',#2806);
#2806 = CARTESIAN_POINT('',(222.5,-117.5,1.51));
#2807 = CIRCLE('',#2808,1.);
#2808 = AXIS2_PLACEMENT_3D('',#2809,#2810,#2811);
#2809 = CARTESIAN_POINT('',(221.5,-117.5,1.51));
#2810 = DIRECTION('',(0.,-0.,-1.));
#2811 = DIRECTION('',(1.,0.,-0.));
#2812 = ORIENTED_EDGE('',*,*,#2813,.T.);
#2813 = EDGE_CURVE('',#2805,#2786,#2814,.T.);
#2814 = LINE('',#2815,#2816);
#2815 = CARTESIAN_POINT('',(222.5,-59.75,1.51));
#2816 = VECTOR('',#2817,1.);
#2817 = DIRECTION('',(0.,-1.,0.));
#2818 = FACE_BOUND('',#2819,.T.);
#2819 = EDGE_LOOP('',(#2820));
#2820 = ORIENTED_EDGE('',*,*,#2821,.T.);
#2821 = EDGE_CURVE('',#2822,#2822,#2824,.T.);
#2822 = VERTEX_POINT('',#2823);
#2823 = CARTESIAN_POINT('',(231.,-121.49,1.51));
#2824 = CIRCLE('',#2825,0.45);
#2825 = AXIS2_PLACEMENT_3D('',#2826,#2827,#2828);
#2826 = CARTESIAN_POINT('',(231.,-121.04,1.51));
#2827 = DIRECTION('',(-0.,0.,-1.));
#2828 = DIRECTION('',(-0.,-1.,0.));
#2829 = FACE_BOUND('',#2830,.T.);
#2830 = EDGE_LOOP('',(#2831));
#2831 = ORIENTED_EDGE('',*,*,#2832,.T.);
#2832 = EDGE_CURVE('',#2833,#2833,#2835,.T.);
#2833 = VERTEX_POINT('',#2834);
#2834 = CARTESIAN_POINT('',(231.,-118.95,1.51));
#2835 = CIRCLE('',#2836,0.45);
#2836 = AXIS2_PLACEMENT_3D('',#2837,#2838,#2839);
#2837 = CARTESIAN_POINT('',(231.,-118.5,1.51));
#2838 = DIRECTION('',(-0.,0.,-1.));
#2839 = DIRECTION('',(-0.,-1.,0.));
#2840 = FACE_BOUND('',#2841,.T.);
#2841 = EDGE_LOOP('',(#2842,#2853,#2861,#2870));
#2842 = ORIENTED_EDGE('',*,*,#2843,.T.);
#2843 = EDGE_CURVE('',#2844,#2846,#2848,.T.);
#2844 = VERTEX_POINT('',#2845);
#2845 = CARTESIAN_POINT('',(206.5,-113.5,1.51));
#2846 = VERTEX_POINT('',#2847);
#2847 = CARTESIAN_POINT('',(204.5,-113.5,1.51));
#2848 = CIRCLE('',#2849,1.);
#2849 = AXIS2_PLACEMENT_3D('',#2850,#2851,#2852);
#2850 = CARTESIAN_POINT('',(205.5,-113.5,1.51));
#2851 = DIRECTION('',(-0.,0.,-1.));
#2852 = DIRECTION('',(-1.,0.,0.));
#2853 = ORIENTED_EDGE('',*,*,#2854,.T.);
#2854 = EDGE_CURVE('',#2846,#2855,#2857,.T.);
#2855 = VERTEX_POINT('',#2856);
#2856 = CARTESIAN_POINT('',(204.5,-111.5,1.51));
#2857 = LINE('',#2858,#2859);
#2858 = CARTESIAN_POINT('',(204.5,-55.75,1.51));
#2859 = VECTOR('',#2860,1.);
#2860 = DIRECTION('',(-0.,1.,0.));
#2861 = ORIENTED_EDGE('',*,*,#2862,.T.);
#2862 = EDGE_CURVE('',#2855,#2863,#2865,.T.);
#2863 = VERTEX_POINT('',#2864);
#2864 = CARTESIAN_POINT('',(206.5,-111.5,1.51));
#2865 = CIRCLE('',#2866,1.);
#2866 = AXIS2_PLACEMENT_3D('',#2867,#2868,#2869);
#2867 = CARTESIAN_POINT('',(205.5,-111.5,1.51));
#2868 = DIRECTION('',(0.,-0.,-1.));
#2869 = DIRECTION('',(1.,0.,-0.));
#2870 = ORIENTED_EDGE('',*,*,#2871,.T.);
#2871 = EDGE_CURVE('',#2863,#2844,#2872,.T.);
#2872 = LINE('',#2873,#2874);
#2873 = CARTESIAN_POINT('',(206.5,-56.75,1.51));
#2874 = VECTOR('',#2875,1.);
#2875 = DIRECTION('',(0.,-1.,0.));
#2876 = FACE_BOUND('',#2877,.T.);
#2877 = EDGE_LOOP('',(#2878,#2889,#2897,#2906));
#2878 = ORIENTED_EDGE('',*,*,#2879,.T.);
#2879 = EDGE_CURVE('',#2880,#2882,#2884,.T.);
#2880 = VERTEX_POINT('',#2881);
#2881 = CARTESIAN_POINT('',(201.6,-110.65,1.51));
#2882 = VERTEX_POINT('',#2883);
#2883 = CARTESIAN_POINT('',(200.4,-110.65,1.51));
#2884 = CIRCLE('',#2885,0.6);
#2885 = AXIS2_PLACEMENT_3D('',#2886,#2887,#2888);
#2886 = CARTESIAN_POINT('',(201.,-110.65,1.51));
#2887 = DIRECTION('',(-0.,0.,-1.));
#2888 = DIRECTION('',(-1.,-2.368475785867E-14,0.));
#2889 = ORIENTED_EDGE('',*,*,#2890,.T.);
#2890 = EDGE_CURVE('',#2882,#2891,#2893,.T.);
#2891 = VERTEX_POINT('',#2892);
#2892 = CARTESIAN_POINT('',(200.4,-110.35,1.51));
#2893 = LINE('',#2894,#2895);
#2894 = CARTESIAN_POINT('',(200.4,-55.175,1.51));
#2895 = VECTOR('',#2896,1.);
#2896 = DIRECTION('',(-0.,1.,0.));
#2897 = ORIENTED_EDGE('',*,*,#2898,.T.);
#2898 = EDGE_CURVE('',#2891,#2899,#2901,.T.);
#2899 = VERTEX_POINT('',#2900);
#2900 = CARTESIAN_POINT('',(201.6,-110.35,1.51));
#2901 = CIRCLE('',#2902,0.6);
#2902 = AXIS2_PLACEMENT_3D('',#2903,#2904,#2905);
#2903 = CARTESIAN_POINT('',(201.,-110.35,1.51));
#2904 = DIRECTION('',(0.,-0.,-1.));
#2905 = DIRECTION('',(1.,2.368475785867E-14,-0.));
#2906 = ORIENTED_EDGE('',*,*,#2907,.T.);
#2907 = EDGE_CURVE('',#2899,#2880,#2908,.T.);
#2908 = LINE('',#2909,#2910);
#2909 = CARTESIAN_POINT('',(201.6,-55.325,1.51));
#2910 = VECTOR('',#2911,1.);
#2911 = DIRECTION('',(0.,-1.,0.));
#2912 = FACE_BOUND('',#2913,.T.);
#2913 = EDGE_LOOP('',(#2914,#2925,#2933,#2942));
#2914 = ORIENTED_EDGE('',*,*,#2915,.T.);
#2915 = EDGE_CURVE('',#2916,#2918,#2920,.T.);
#2916 = VERTEX_POINT('',#2917);
#2917 = CARTESIAN_POINT('',(222.5,-113.5,1.51));
#2918 = VERTEX_POINT('',#2919);
#2919 = CARTESIAN_POINT('',(220.5,-113.5,1.51));
#2920 = CIRCLE('',#2921,1.);
#2921 = AXIS2_PLACEMENT_3D('',#2922,#2923,#2924);
#2922 = CARTESIAN_POINT('',(221.5,-113.5,1.51));
#2923 = DIRECTION('',(-0.,0.,-1.));
#2924 = DIRECTION('',(-1.,0.,0.));
#2925 = ORIENTED_EDGE('',*,*,#2926,.T.);
#2926 = EDGE_CURVE('',#2918,#2927,#2929,.T.);
#2927 = VERTEX_POINT('',#2928);
#2928 = CARTESIAN_POINT('',(220.5,-111.5,1.51));
#2929 = LINE('',#2930,#2931);
#2930 = CARTESIAN_POINT('',(220.5,-55.75,1.51));
#2931 = VECTOR('',#2932,1.);
#2932 = DIRECTION('',(-0.,1.,0.));
#2933 = ORIENTED_EDGE('',*,*,#2934,.T.);
#2934 = EDGE_CURVE('',#2927,#2935,#2937,.T.);
#2935 = VERTEX_POINT('',#2936);
#2936 = CARTESIAN_POINT('',(222.5,-111.5,1.51));
#2937 = CIRCLE('',#2938,1.);
#2938 = AXIS2_PLACEMENT_3D('',#2939,#2940,#2941);
#2939 = CARTESIAN_POINT('',(221.5,-111.5,1.51));
#2940 = DIRECTION('',(0.,-0.,-1.));
#2941 = DIRECTION('',(1.,0.,-0.));
#2942 = ORIENTED_EDGE('',*,*,#2943,.T.);
#2943 = EDGE_CURVE('',#2935,#2916,#2944,.T.);
#2944 = LINE('',#2945,#2946);
#2945 = CARTESIAN_POINT('',(222.5,-56.75,1.51));
#2946 = VECTOR('',#2947,1.);
#2947 = DIRECTION('',(0.,-1.,0.));
#2948 = FACE_BOUND('',#2949,.T.);
#2949 = EDGE_LOOP('',(#2950));
#2950 = ORIENTED_EDGE('',*,*,#2951,.T.);
#2951 = EDGE_CURVE('',#2952,#2952,#2954,.T.);
#2952 = VERTEX_POINT('',#2953);
#2953 = CARTESIAN_POINT('',(231.2,-110.82,1.51));
#2954 = CIRCLE('',#2955,0.4);
#2955 = AXIS2_PLACEMENT_3D('',#2956,#2957,#2958);
#2956 = CARTESIAN_POINT('',(231.2,-110.42,1.51));
#2957 = DIRECTION('',(-0.,0.,-1.));
#2958 = DIRECTION('',(-0.,-1.,0.));
#2959 = FACE_BOUND('',#2960,.T.);
#2960 = EDGE_LOOP('',(#2961));
#2961 = ORIENTED_EDGE('',*,*,#2962,.T.);
#2962 = EDGE_CURVE('',#2963,#2963,#2965,.T.);
#2963 = VERTEX_POINT('',#2964);
#2964 = CARTESIAN_POINT('',(243.5,-114.15,1.51));
#2965 = CIRCLE('',#2966,2.15);
#2966 = AXIS2_PLACEMENT_3D('',#2967,#2968,#2969);
#2967 = CARTESIAN_POINT('',(243.5,-112.,1.51));
#2968 = DIRECTION('',(-0.,0.,-1.));
#2969 = DIRECTION('',(-0.,-1.,0.));
#2970 = FACE_BOUND('',#2971,.T.);
#2971 = EDGE_LOOP('',(#2972));
#2972 = ORIENTED_EDGE('',*,*,#2973,.T.);
#2973 = EDGE_CURVE('',#2974,#2974,#2976,.T.);
#2974 = VERTEX_POINT('',#2975);
#2975 = CARTESIAN_POINT('',(167.,-108.8,1.51));
#2976 = CIRCLE('',#2977,0.4);
#2977 = AXIS2_PLACEMENT_3D('',#2978,#2979,#2980);
#2978 = CARTESIAN_POINT('',(167.,-108.4,1.51));
#2979 = DIRECTION('',(-0.,0.,-1.));
#2980 = DIRECTION('',(-0.,-1.,0.));
#2981 = FACE_BOUND('',#2982,.T.);
#2982 = EDGE_LOOP('',(#2983));
#2983 = ORIENTED_EDGE('',*,*,#2984,.T.);
#2984 = EDGE_CURVE('',#2985,#2985,#2987,.T.);
#2985 = VERTEX_POINT('',#2986);
#2986 = CARTESIAN_POINT('',(169.54,-108.8,1.51));
#2987 = CIRCLE('',#2988,0.4);
#2988 = AXIS2_PLACEMENT_3D('',#2989,#2990,#2991);
#2989 = CARTESIAN_POINT('',(169.54,-108.4,1.51));
#2990 = DIRECTION('',(-0.,0.,-1.));
#2991 = DIRECTION('',(-0.,-1.,0.));
#2992 = FACE_BOUND('',#2993,.T.);
#2993 = EDGE_LOOP('',(#2994));
#2994 = ORIENTED_EDGE('',*,*,#2995,.T.);
#2995 = EDGE_CURVE('',#2996,#2996,#2998,.T.);
#2996 = VERTEX_POINT('',#2997);
#2997 = CARTESIAN_POINT('',(172.08,-108.8,1.51));
#2998 = CIRCLE('',#2999,0.4);
#2999 = AXIS2_PLACEMENT_3D('',#3000,#3001,#3002);
#3000 = CARTESIAN_POINT('',(172.08,-108.4,1.51));
#3001 = DIRECTION('',(-0.,0.,-1.));
#3002 = DIRECTION('',(7.105427357601E-14,-1.,-0.));
#3003 = FACE_BOUND('',#3004,.T.);
#3004 = EDGE_LOOP('',(#3005));
#3005 = ORIENTED_EDGE('',*,*,#3006,.T.);
#3006 = EDGE_CURVE('',#3007,#3007,#3009,.T.);
#3007 = VERTEX_POINT('',#3008);
#3008 = CARTESIAN_POINT('',(174.62,-108.8,1.51));
#3009 = CIRCLE('',#3010,0.4);
#3010 = AXIS2_PLACEMENT_3D('',#3011,#3012,#3013);
#3011 = CARTESIAN_POINT('',(174.62,-108.4,1.51));
#3012 = DIRECTION('',(-0.,0.,-1.));
#3013 = DIRECTION('',(-0.,-1.,0.));
#3014 = FACE_BOUND('',#3015,.T.);
#3015 = EDGE_LOOP('',(#3016));
#3016 = ORIENTED_EDGE('',*,*,#3017,.T.);
#3017 = EDGE_CURVE('',#3018,#3018,#3020,.T.);
#3018 = VERTEX_POINT('',#3019);
#3019 = CARTESIAN_POINT('',(179.8,-107.75,1.51));
#3020 = CIRCLE('',#3021,0.55);
#3021 = AXIS2_PLACEMENT_3D('',#3022,#3023,#3024);
#3022 = CARTESIAN_POINT('',(179.8,-107.2,1.51));
#3023 = DIRECTION('',(-0.,0.,-1.));
#3024 = DIRECTION('',(-0.,-1.,0.));
#3025 = FACE_BOUND('',#3026,.T.);
#3026 = EDGE_LOOP('',(#3027));
#3027 = ORIENTED_EDGE('',*,*,#3028,.T.);
#3028 = EDGE_CURVE('',#3029,#3029,#3031,.T.);
#3029 = VERTEX_POINT('',#3030);
#3030 = CARTESIAN_POINT('',(179.8,-105.21,1.51));
#3031 = CIRCLE('',#3032,0.55);
#3032 = AXIS2_PLACEMENT_3D('',#3033,#3034,#3035);
#3033 = CARTESIAN_POINT('',(179.8,-104.66,1.51));
#3034 = DIRECTION('',(-0.,0.,-1.));
#3035 = DIRECTION('',(-0.,-1.,0.));
#3036 = FACE_BOUND('',#3037,.T.);
#3037 = EDGE_LOOP('',(#3038));
#3038 = ORIENTED_EDGE('',*,*,#3039,.T.);
#3039 = EDGE_CURVE('',#3040,#3040,#3042,.T.);
#3040 = VERTEX_POINT('',#3041);
#3041 = CARTESIAN_POINT('',(167.,-101.18,1.51));
#3042 = CIRCLE('',#3043,0.4);
#3043 = AXIS2_PLACEMENT_3D('',#3044,#3045,#3046);
#3044 = CARTESIAN_POINT('',(167.,-100.78,1.51));
#3045 = DIRECTION('',(-0.,0.,-1.));
#3046 = DIRECTION('',(-0.,-1.,0.));
#3047 = FACE_BOUND('',#3048,.T.);
#3048 = EDGE_LOOP('',(#3049));
#3049 = ORIENTED_EDGE('',*,*,#3050,.T.);
#3050 = EDGE_CURVE('',#3051,#3051,#3053,.T.);
#3051 = VERTEX_POINT('',#3052);
#3052 = CARTESIAN_POINT('',(169.54,-101.18,1.51));
#3053 = CIRCLE('',#3054,0.4);
#3054 = AXIS2_PLACEMENT_3D('',#3055,#3056,#3057);
#3055 = CARTESIAN_POINT('',(169.54,-100.78,1.51));
#3056 = DIRECTION('',(-0.,0.,-1.));
#3057 = DIRECTION('',(-0.,-1.,0.));
#3058 = FACE_BOUND('',#3059,.T.);
#3059 = EDGE_LOOP('',(#3060));
#3060 = ORIENTED_EDGE('',*,*,#3061,.T.);
#3061 = EDGE_CURVE('',#3062,#3062,#3064,.T.);
#3062 = VERTEX_POINT('',#3063);
#3063 = CARTESIAN_POINT('',(172.08,-101.18,1.51));
#3064 = CIRCLE('',#3065,0.4);
#3065 = AXIS2_PLACEMENT_3D('',#3066,#3067,#3068);
#3066 = CARTESIAN_POINT('',(172.08,-100.78,1.51));
#3067 = DIRECTION('',(-0.,0.,-1.));
#3068 = DIRECTION('',(7.105427357601E-14,-1.,-0.));
#3069 = FACE_BOUND('',#3070,.T.);
#3070 = EDGE_LOOP('',(#3071));
#3071 = ORIENTED_EDGE('',*,*,#3072,.T.);
#3072 = EDGE_CURVE('',#3073,#3073,#3075,.T.);
#3073 = VERTEX_POINT('',#3074);
#3074 = CARTESIAN_POINT('',(174.62,-101.18,1.51));
#3075 = CIRCLE('',#3076,0.4);
#3076 = AXIS2_PLACEMENT_3D('',#3077,#3078,#3079);
#3077 = CARTESIAN_POINT('',(174.62,-100.78,1.51));
#3078 = DIRECTION('',(-0.,0.,-1.));
#3079 = DIRECTION('',(-0.,-1.,0.));
#3080 = FACE_BOUND('',#3081,.T.);
#3081 = EDGE_LOOP('',(#3082));
#3082 = ORIENTED_EDGE('',*,*,#3083,.T.);
#3083 = EDGE_CURVE('',#3084,#3084,#3086,.T.);
#3084 = VERTEX_POINT('',#3085);
#3085 = CARTESIAN_POINT('',(179.8,-102.67,1.51));
#3086 = CIRCLE('',#3087,0.55);
#3087 = AXIS2_PLACEMENT_3D('',#3088,#3089,#3090);
#3088 = CARTESIAN_POINT('',(179.8,-102.12,1.51));
#3089 = DIRECTION('',(-0.,0.,-1.));
#3090 = DIRECTION('',(-0.,-1.,0.));
#3091 = FACE_BOUND('',#3092,.T.);
#3092 = EDGE_LOOP('',(#3093,#3104,#3112,#3121));
#3093 = ORIENTED_EDGE('',*,*,#3094,.T.);
#3094 = EDGE_CURVE('',#3095,#3097,#3099,.T.);
#3095 = VERTEX_POINT('',#3096);
#3096 = CARTESIAN_POINT('',(206.5,-107.5,1.51));
#3097 = VERTEX_POINT('',#3098);
#3098 = CARTESIAN_POINT('',(204.5,-107.5,1.51));
#3099 = CIRCLE('',#3100,1.);
#3100 = AXIS2_PLACEMENT_3D('',#3101,#3102,#3103);
#3101 = CARTESIAN_POINT('',(205.5,-107.5,1.51));
#3102 = DIRECTION('',(-0.,0.,-1.));
#3103 = DIRECTION('',(-1.,0.,0.));
#3104 = ORIENTED_EDGE('',*,*,#3105,.T.);
#3105 = EDGE_CURVE('',#3097,#3106,#3108,.T.);
#3106 = VERTEX_POINT('',#3107);
#3107 = CARTESIAN_POINT('',(204.5,-105.5,1.51));
#3108 = LINE('',#3109,#3110);
#3109 = CARTESIAN_POINT('',(204.5,-52.75,1.51));
#3110 = VECTOR('',#3111,1.);
#3111 = DIRECTION('',(-0.,1.,0.));
#3112 = ORIENTED_EDGE('',*,*,#3113,.T.);
#3113 = EDGE_CURVE('',#3106,#3114,#3116,.T.);
#3114 = VERTEX_POINT('',#3115);
#3115 = CARTESIAN_POINT('',(206.5,-105.5,1.51));
#3116 = CIRCLE('',#3117,1.);
#3117 = AXIS2_PLACEMENT_3D('',#3118,#3119,#3120);
#3118 = CARTESIAN_POINT('',(205.5,-105.5,1.51));
#3119 = DIRECTION('',(0.,-0.,-1.));
#3120 = DIRECTION('',(1.,0.,-0.));
#3121 = ORIENTED_EDGE('',*,*,#3122,.T.);
#3122 = EDGE_CURVE('',#3114,#3095,#3123,.T.);
#3123 = LINE('',#3124,#3125);
#3124 = CARTESIAN_POINT('',(206.5,-53.75,1.51));
#3125 = VECTOR('',#3126,1.);
#3126 = DIRECTION('',(0.,-1.,0.));
#3127 = FACE_BOUND('',#3128,.T.);
#3128 = EDGE_LOOP('',(#3129,#3140,#3148,#3157));
#3129 = ORIENTED_EDGE('',*,*,#3130,.T.);
#3130 = EDGE_CURVE('',#3131,#3133,#3135,.T.);
#3131 = VERTEX_POINT('',#3132);
#3132 = CARTESIAN_POINT('',(222.5,-107.5,1.51));
#3133 = VERTEX_POINT('',#3134);
#3134 = CARTESIAN_POINT('',(220.5,-107.5,1.51));
#3135 = CIRCLE('',#3136,1.);
#3136 = AXIS2_PLACEMENT_3D('',#3137,#3138,#3139);
#3137 = CARTESIAN_POINT('',(221.5,-107.5,1.51));
#3138 = DIRECTION('',(-0.,0.,-1.));
#3139 = DIRECTION('',(-1.,0.,0.));
#3140 = ORIENTED_EDGE('',*,*,#3141,.T.);
#3141 = EDGE_CURVE('',#3133,#3142,#3144,.T.);
#3142 = VERTEX_POINT('',#3143);
#3143 = CARTESIAN_POINT('',(220.5,-105.5,1.51));
#3144 = LINE('',#3145,#3146);
#3145 = CARTESIAN_POINT('',(220.5,-52.75,1.51));
#3146 = VECTOR('',#3147,1.);
#3147 = DIRECTION('',(-0.,1.,0.));
#3148 = ORIENTED_EDGE('',*,*,#3149,.T.);
#3149 = EDGE_CURVE('',#3142,#3150,#3152,.T.);
#3150 = VERTEX_POINT('',#3151);
#3151 = CARTESIAN_POINT('',(222.5,-105.5,1.51));
#3152 = CIRCLE('',#3153,1.);
#3153 = AXIS2_PLACEMENT_3D('',#3154,#3155,#3156);
#3154 = CARTESIAN_POINT('',(221.5,-105.5,1.51));
#3155 = DIRECTION('',(0.,-0.,-1.));
#3156 = DIRECTION('',(1.,0.,-0.));
#3157 = ORIENTED_EDGE('',*,*,#3158,.T.);
#3158 = EDGE_CURVE('',#3150,#3131,#3159,.T.);
#3159 = LINE('',#3160,#3161);
#3160 = CARTESIAN_POINT('',(222.5,-53.75,1.51));
#3161 = VECTOR('',#3162,1.);
#3162 = DIRECTION('',(0.,-1.,0.));
#3163 = FACE_BOUND('',#3164,.T.);
#3164 = EDGE_LOOP('',(#3165));
#3165 = ORIENTED_EDGE('',*,*,#3166,.T.);
#3166 = EDGE_CURVE('',#3167,#3167,#3169,.T.);
#3167 = VERTEX_POINT('',#3168);
#3168 = CARTESIAN_POINT('',(231.2,-103.2,1.51));
#3169 = CIRCLE('',#3170,0.4);
#3170 = AXIS2_PLACEMENT_3D('',#3171,#3172,#3173);
#3171 = CARTESIAN_POINT('',(231.2,-102.8,1.51));
#3172 = DIRECTION('',(-0.,0.,-1.));
#3173 = DIRECTION('',(-0.,-1.,0.));
#3174 = FACE_BOUND('',#3175,.T.);
#3175 = EDGE_LOOP('',(#3176));
#3176 = ORIENTED_EDGE('',*,*,#3177,.T.);
#3177 = EDGE_CURVE('',#3178,#3178,#3180,.T.);
#3178 = VERTEX_POINT('',#3179);
#3179 = CARTESIAN_POINT('',(58.5,-93.15,1.51));
#3180 = CIRCLE('',#3181,2.15);
#3181 = AXIS2_PLACEMENT_3D('',#3182,#3183,#3184);
#3182 = CARTESIAN_POINT('',(58.5,-91.,1.51));
#3183 = DIRECTION('',(-0.,0.,-1.));
#3184 = DIRECTION('',(-0.,-1.,0.));
#3185 = FACE_BOUND('',#3186,.T.);
#3186 = EDGE_LOOP('',(#3187));
#3187 = ORIENTED_EDGE('',*,*,#3188,.T.);
#3188 = EDGE_CURVE('',#3189,#3189,#3191,.T.);
#3189 = VERTEX_POINT('',#3190);
#3190 = CARTESIAN_POINT('',(73.6,-92.,1.51));
#3191 = CIRCLE('',#3192,0.4);
#3192 = AXIS2_PLACEMENT_3D('',#3193,#3194,#3195);
#3193 = CARTESIAN_POINT('',(73.6,-91.6,1.51));
#3194 = DIRECTION('',(-0.,0.,-1.));
#3195 = DIRECTION('',(-0.,-1.,0.));
#3196 = FACE_BOUND('',#3197,.T.);
#3197 = EDGE_LOOP('',(#3198));
#3198 = ORIENTED_EDGE('',*,*,#3199,.T.);
#3199 = EDGE_CURVE('',#3200,#3200,#3202,.T.);
#3200 = VERTEX_POINT('',#3201);
#3201 = CARTESIAN_POINT('',(81.22,-92.,1.51));
#3202 = CIRCLE('',#3203,0.4);
#3203 = AXIS2_PLACEMENT_3D('',#3204,#3205,#3206);
#3204 = CARTESIAN_POINT('',(81.22,-91.6,1.51));
#3205 = DIRECTION('',(-0.,0.,-1.));
#3206 = DIRECTION('',(-0.,-1.,0.));
#3207 = FACE_BOUND('',#3208,.T.);
#3208 = EDGE_LOOP('',(#3209));
#3209 = ORIENTED_EDGE('',*,*,#3210,.T.);
#3210 = EDGE_CURVE('',#3211,#3211,#3213,.T.);
#3211 = VERTEX_POINT('',#3212);
#3212 = CARTESIAN_POINT('',(87.6,-91.95,1.51));
#3213 = CIRCLE('',#3214,0.4);
#3214 = AXIS2_PLACEMENT_3D('',#3215,#3216,#3217);
#3215 = CARTESIAN_POINT('',(87.6,-91.55,1.51));
#3216 = DIRECTION('',(-0.,0.,-1.));
#3217 = DIRECTION('',(-0.,-1.,0.));
#3218 = FACE_BOUND('',#3219,.T.);
#3219 = EDGE_LOOP('',(#3220));
#3220 = ORIENTED_EDGE('',*,*,#3221,.T.);
#3221 = EDGE_CURVE('',#3222,#3222,#3224,.T.);
#3222 = VERTEX_POINT('',#3223);
#3223 = CARTESIAN_POINT('',(91.5,-91.93,1.51));
#3224 = CIRCLE('',#3225,0.4);
#3225 = AXIS2_PLACEMENT_3D('',#3226,#3227,#3228);
#3226 = CARTESIAN_POINT('',(91.5,-91.53,1.51));
#3227 = DIRECTION('',(-0.,0.,-1.));
#3228 = DIRECTION('',(-0.,-1.,0.));
#3229 = FACE_BOUND('',#3230,.T.);
#3230 = EDGE_LOOP('',(#3231));
#3231 = ORIENTED_EDGE('',*,*,#3232,.T.);
#3232 = EDGE_CURVE('',#3233,#3233,#3235,.T.);
#3233 = VERTEX_POINT('',#3234);
#3234 = CARTESIAN_POINT('',(87.6,-89.41,1.51));
#3235 = CIRCLE('',#3236,0.4);
#3236 = AXIS2_PLACEMENT_3D('',#3237,#3238,#3239);
#3237 = CARTESIAN_POINT('',(87.6,-89.01,1.51));
#3238 = DIRECTION('',(-0.,0.,-1.));
#3239 = DIRECTION('',(-0.,-1.,0.));
#3240 = FACE_BOUND('',#3241,.T.);
#3241 = EDGE_LOOP('',(#3242));
#3242 = ORIENTED_EDGE('',*,*,#3243,.T.);
#3243 = EDGE_CURVE('',#3244,#3244,#3246,.T.);
#3244 = VERTEX_POINT('',#3245);
#3245 = CARTESIAN_POINT('',(91.5,-89.39,1.51));
#3246 = CIRCLE('',#3247,0.4);
#3247 = AXIS2_PLACEMENT_3D('',#3248,#3249,#3250);
#3248 = CARTESIAN_POINT('',(91.5,-88.99,1.51));
#3249 = DIRECTION('',(-0.,0.,-1.));
#3250 = DIRECTION('',(-0.,-1.,0.));
#3251 = FACE_BOUND('',#3252,.T.);
#3252 = EDGE_LOOP('',(#3253));
#3253 = ORIENTED_EDGE('',*,*,#3254,.T.);
#3254 = EDGE_CURVE('',#3255,#3255,#3257,.T.);
#3255 = VERTEX_POINT('',#3256);
#3256 = CARTESIAN_POINT('',(125.32,-98.35,1.51));
#3257 = CIRCLE('',#3258,0.4);
#3258 = AXIS2_PLACEMENT_3D('',#3259,#3260,#3261);
#3259 = CARTESIAN_POINT('',(125.32,-97.95,1.51));
#3260 = DIRECTION('',(-0.,0.,-1.));
#3261 = DIRECTION('',(-0.,-1.,0.));
#3262 = FACE_BOUND('',#3263,.T.);
#3263 = EDGE_LOOP('',(#3264));
#3264 = ORIENTED_EDGE('',*,*,#3265,.T.);
#3265 = EDGE_CURVE('',#3266,#3266,#3268,.T.);
#3266 = VERTEX_POINT('',#3267);
#3267 = CARTESIAN_POINT('',(125.25,-94.05,1.51));
#3268 = CIRCLE('',#3269,0.4);
#3269 = AXIS2_PLACEMENT_3D('',#3270,#3271,#3272);
#3270 = CARTESIAN_POINT('',(125.25,-93.65,1.51));
#3271 = DIRECTION('',(-0.,0.,-1.));
#3272 = DIRECTION('',(-0.,-1.,0.));
#3273 = FACE_BOUND('',#3274,.T.);
#3274 = EDGE_LOOP('',(#3275));
#3275 = ORIENTED_EDGE('',*,*,#3276,.T.);
#3276 = EDGE_CURVE('',#3277,#3277,#3279,.T.);
#3277 = VERTEX_POINT('',#3278);
#3278 = CARTESIAN_POINT('',(127.86,-98.35,1.51));
#3279 = CIRCLE('',#3280,0.4);
#3280 = AXIS2_PLACEMENT_3D('',#3281,#3282,#3283);
#3281 = CARTESIAN_POINT('',(127.86,-97.95,1.51));
#3282 = DIRECTION('',(-0.,0.,-1.));
#3283 = DIRECTION('',(3.5527136788E-14,-1.,-0.));
#3284 = FACE_BOUND('',#3285,.T.);
#3285 = EDGE_LOOP('',(#3286));
#3286 = ORIENTED_EDGE('',*,*,#3287,.T.);
#3287 = EDGE_CURVE('',#3288,#3288,#3290,.T.);
#3288 = VERTEX_POINT('',#3289);
#3289 = CARTESIAN_POINT('',(130.4,-98.35,1.51));
#3290 = CIRCLE('',#3291,0.4);
#3291 = AXIS2_PLACEMENT_3D('',#3292,#3293,#3294);
#3292 = CARTESIAN_POINT('',(130.4,-97.95,1.51));
#3293 = DIRECTION('',(-0.,0.,-1.));
#3294 = DIRECTION('',(-0.,-1.,0.));
#3295 = FACE_BOUND('',#3296,.T.);
#3296 = EDGE_LOOP('',(#3297));
#3297 = ORIENTED_EDGE('',*,*,#3298,.T.);
#3298 = EDGE_CURVE('',#3299,#3299,#3301,.T.);
#3299 = VERTEX_POINT('',#3300);
#3300 = CARTESIAN_POINT('',(127.79,-94.05,1.51));
#3301 = CIRCLE('',#3302,0.4);
#3302 = AXIS2_PLACEMENT_3D('',#3303,#3304,#3305);
#3303 = CARTESIAN_POINT('',(127.79,-93.65,1.51));
#3304 = DIRECTION('',(-0.,0.,-1.));
#3305 = DIRECTION('',(3.5527136788E-14,-1.,-0.));
#3306 = FACE_BOUND('',#3307,.T.);
#3307 = EDGE_LOOP('',(#3308));
#3308 = ORIENTED_EDGE('',*,*,#3309,.T.);
#3309 = EDGE_CURVE('',#3310,#3310,#3312,.T.);
#3310 = VERTEX_POINT('',#3311);
#3311 = CARTESIAN_POINT('',(130.33,-94.05,1.51));
#3312 = CIRCLE('',#3313,0.4);
#3313 = AXIS2_PLACEMENT_3D('',#3314,#3315,#3316);
#3314 = CARTESIAN_POINT('',(130.33,-93.65,1.51));
#3315 = DIRECTION('',(-0.,0.,-1.));
#3316 = DIRECTION('',(7.105427357601E-14,-1.,-0.));
#3317 = FACE_BOUND('',#3318,.T.);
#3318 = EDGE_LOOP('',(#3319));
#3319 = ORIENTED_EDGE('',*,*,#3320,.T.);
#3320 = EDGE_CURVE('',#3321,#3321,#3323,.T.);
#3321 = VERTEX_POINT('',#3322);
#3322 = CARTESIAN_POINT('',(141.13,-95.07,1.51));
#3323 = CIRCLE('',#3324,0.4);
#3324 = AXIS2_PLACEMENT_3D('',#3325,#3326,#3327);
#3325 = CARTESIAN_POINT('',(141.13,-94.67,1.51));
#3326 = DIRECTION('',(-0.,0.,-1.));
#3327 = DIRECTION('',(-0.,-1.,0.));
#3328 = FACE_BOUND('',#3329,.T.);
#3329 = EDGE_LOOP('',(#3330));
#3330 = ORIENTED_EDGE('',*,*,#3331,.T.);
#3331 = EDGE_CURVE('',#3332,#3332,#3334,.T.);
#3332 = VERTEX_POINT('',#3333);
#3333 = CARTESIAN_POINT('',(143.67,-95.07,1.51));
#3334 = CIRCLE('',#3335,0.4);
#3335 = AXIS2_PLACEMENT_3D('',#3336,#3337,#3338);
#3336 = CARTESIAN_POINT('',(143.67,-94.67,1.51));
#3337 = DIRECTION('',(-0.,0.,-1.));
#3338 = DIRECTION('',(-7.105427357601E-14,-1.,0.));
#3339 = FACE_BOUND('',#3340,.T.);
#3340 = EDGE_LOOP('',(#3341));
#3341 = ORIENTED_EDGE('',*,*,#3342,.T.);
#3342 = EDGE_CURVE('',#3343,#3343,#3345,.T.);
#3343 = VERTEX_POINT('',#3344);
#3344 = CARTESIAN_POINT('',(146.21,-95.07,1.51));
#3345 = CIRCLE('',#3346,0.4);
#3346 = AXIS2_PLACEMENT_3D('',#3347,#3348,#3349);
#3347 = CARTESIAN_POINT('',(146.21,-94.67,1.51));
#3348 = DIRECTION('',(-0.,0.,-1.));
#3349 = DIRECTION('',(-0.,-1.,0.));
#3350 = FACE_BOUND('',#3351,.T.);
#3351 = EDGE_LOOP('',(#3352));
#3352 = ORIENTED_EDGE('',*,*,#3353,.T.);
#3353 = EDGE_CURVE('',#3354,#3354,#3356,.T.);
#3354 = VERTEX_POINT('',#3355);
#3355 = CARTESIAN_POINT('',(148.93,-95.07,1.51));
#3356 = CIRCLE('',#3357,0.4);
#3357 = AXIS2_PLACEMENT_3D('',#3358,#3359,#3360);
#3358 = CARTESIAN_POINT('',(148.93,-94.67,1.51));
#3359 = DIRECTION('',(-0.,0.,-1.));
#3360 = DIRECTION('',(-0.,-1.,0.));
#3361 = FACE_BOUND('',#3362,.T.);
#3362 = EDGE_LOOP('',(#3363));
#3363 = ORIENTED_EDGE('',*,*,#3364,.T.);
#3364 = EDGE_CURVE('',#3365,#3365,#3367,.T.);
#3365 = VERTEX_POINT('',#3366);
#3366 = CARTESIAN_POINT('',(120.8,-92.38,1.51));
#3367 = CIRCLE('',#3368,0.4);
#3368 = AXIS2_PLACEMENT_3D('',#3369,#3370,#3371);
#3369 = CARTESIAN_POINT('',(120.8,-91.98,1.51));
#3370 = DIRECTION('',(-0.,0.,-1.));
#3371 = DIRECTION('',(-3.552713678801E-14,-1.,0.));
#3372 = FACE_BOUND('',#3373,.T.);
#3373 = EDGE_LOOP('',(#3374));
#3374 = ORIENTED_EDGE('',*,*,#3375,.T.);
#3375 = EDGE_CURVE('',#3376,#3376,#3378,.T.);
#3376 = VERTEX_POINT('',#3377);
#3377 = CARTESIAN_POINT('',(134.8,-92.19,1.51));
#3378 = CIRCLE('',#3379,0.4);
#3379 = AXIS2_PLACEMENT_3D('',#3380,#3381,#3382);
#3380 = CARTESIAN_POINT('',(134.8,-91.79,1.51));
#3381 = DIRECTION('',(-0.,0.,-1.));
#3382 = DIRECTION('',(-0.,-1.,0.));
#3383 = FACE_BOUND('',#3384,.T.);
#3384 = EDGE_LOOP('',(#3385));
#3385 = ORIENTED_EDGE('',*,*,#3386,.T.);
#3386 = EDGE_CURVE('',#3387,#3387,#3389,.T.);
#3387 = VERTEX_POINT('',#3388);
#3388 = CARTESIAN_POINT('',(141.06,-90.72,1.51));
#3389 = CIRCLE('',#3390,0.4);
#3390 = AXIS2_PLACEMENT_3D('',#3391,#3392,#3393);
#3391 = CARTESIAN_POINT('',(141.06,-90.32,1.51));
#3392 = DIRECTION('',(-0.,0.,-1.));
#3393 = DIRECTION('',(-0.,-1.,0.));
#3394 = FACE_BOUND('',#3395,.T.);
#3395 = EDGE_LOOP('',(#3396));
#3396 = ORIENTED_EDGE('',*,*,#3397,.T.);
#3397 = EDGE_CURVE('',#3398,#3398,#3400,.T.);
#3398 = VERTEX_POINT('',#3399);
#3399 = CARTESIAN_POINT('',(143.6,-90.72,1.51));
#3400 = CIRCLE('',#3401,0.4);
#3401 = AXIS2_PLACEMENT_3D('',#3402,#3403,#3404);
#3402 = CARTESIAN_POINT('',(143.6,-90.32,1.51));
#3403 = DIRECTION('',(-0.,0.,-1.));
#3404 = DIRECTION('',(-0.,-1.,0.));
#3405 = FACE_BOUND('',#3406,.T.);
#3406 = EDGE_LOOP('',(#3407));
#3407 = ORIENTED_EDGE('',*,*,#3408,.T.);
#3408 = EDGE_CURVE('',#3409,#3409,#3411,.T.);
#3409 = VERTEX_POINT('',#3410);
#3410 = CARTESIAN_POINT('',(146.14,-90.72,1.51));
#3411 = CIRCLE('',#3412,0.4);
#3412 = AXIS2_PLACEMENT_3D('',#3413,#3414,#3415);
#3413 = CARTESIAN_POINT('',(146.14,-90.32,1.51));
#3414 = DIRECTION('',(-0.,0.,-1.));
#3415 = DIRECTION('',(-0.,-1.,0.));
#3416 = FACE_BOUND('',#3417,.T.);
#3417 = EDGE_LOOP('',(#3418));
#3418 = ORIENTED_EDGE('',*,*,#3419,.T.);
#3419 = EDGE_CURVE('',#3420,#3420,#3422,.T.);
#3420 = VERTEX_POINT('',#3421);
#3421 = CARTESIAN_POINT('',(73.6,-87.2,1.51));
#3422 = CIRCLE('',#3423,0.4);
#3423 = AXIS2_PLACEMENT_3D('',#3424,#3425,#3426);
#3424 = CARTESIAN_POINT('',(73.6,-86.8,1.51));
#3425 = DIRECTION('',(-0.,0.,-1.));
#3426 = DIRECTION('',(-0.,-1.,0.));
#3427 = FACE_BOUND('',#3428,.T.);
#3428 = EDGE_LOOP('',(#3429));
#3429 = ORIENTED_EDGE('',*,*,#3430,.T.);
#3430 = EDGE_CURVE('',#3431,#3431,#3433,.T.);
#3431 = VERTEX_POINT('',#3432);
#3432 = CARTESIAN_POINT('',(81.22,-87.2,1.51));
#3433 = CIRCLE('',#3434,0.4);
#3434 = AXIS2_PLACEMENT_3D('',#3435,#3436,#3437);
#3435 = CARTESIAN_POINT('',(81.22,-86.8,1.51));
#3436 = DIRECTION('',(-0.,0.,-1.));
#3437 = DIRECTION('',(-0.,-1.,0.));
#3438 = FACE_BOUND('',#3439,.T.);
#3439 = EDGE_LOOP('',(#3440));
#3440 = ORIENTED_EDGE('',*,*,#3441,.T.);
#3441 = EDGE_CURVE('',#3442,#3442,#3444,.T.);
#3442 = VERTEX_POINT('',#3443);
#3443 = CARTESIAN_POINT('',(87.6,-86.87,1.51));
#3444 = CIRCLE('',#3445,0.4);
#3445 = AXIS2_PLACEMENT_3D('',#3446,#3447,#3448);
#3446 = CARTESIAN_POINT('',(87.6,-86.47,1.51));
#3447 = DIRECTION('',(-0.,0.,-1.));
#3448 = DIRECTION('',(-0.,-1.,0.));
#3449 = FACE_BOUND('',#3450,.T.);
#3450 = EDGE_LOOP('',(#3451));
#3451 = ORIENTED_EDGE('',*,*,#3452,.T.);
#3452 = EDGE_CURVE('',#3453,#3453,#3455,.T.);
#3453 = VERTEX_POINT('',#3454);
#3454 = CARTESIAN_POINT('',(91.5,-86.85,1.51));
#3455 = CIRCLE('',#3456,0.4);
#3456 = AXIS2_PLACEMENT_3D('',#3457,#3458,#3459);
#3457 = CARTESIAN_POINT('',(91.5,-86.45,1.51));
#3458 = DIRECTION('',(-0.,0.,-1.));
#3459 = DIRECTION('',(-0.,-1.,0.));
#3460 = FACE_BOUND('',#3461,.T.);
#3461 = EDGE_LOOP('',(#3462));
#3462 = ORIENTED_EDGE('',*,*,#3463,.T.);
#3463 = EDGE_CURVE('',#3464,#3464,#3466,.T.);
#3464 = VERTEX_POINT('',#3465);
#3465 = CARTESIAN_POINT('',(55.9,-77.65,1.51));
#3466 = CIRCLE('',#3467,0.65);
#3467 = AXIS2_PLACEMENT_3D('',#3468,#3469,#3470);
#3468 = CARTESIAN_POINT('',(55.9,-77.,1.51));
#3469 = DIRECTION('',(-0.,0.,-1.));
#3470 = DIRECTION('',(-0.,-1.,0.));
#3471 = FACE_BOUND('',#3472,.T.);
#3472 = EDGE_LOOP('',(#3473));
#3473 = ORIENTED_EDGE('',*,*,#3474,.T.);
#3474 = EDGE_CURVE('',#3475,#3475,#3477,.T.);
#3475 = VERTEX_POINT('',#3476);
#3476 = CARTESIAN_POINT('',(60.9,-77.65,1.51));
#3477 = CIRCLE('',#3478,0.65);
#3478 = AXIS2_PLACEMENT_3D('',#3479,#3480,#3481);
#3479 = CARTESIAN_POINT('',(60.9,-77.,1.51));
#3480 = DIRECTION('',(-0.,0.,-1.));
#3481 = DIRECTION('',(-0.,-1.,0.));
#3482 = FACE_BOUND('',#3483,.T.);
#3483 = EDGE_LOOP('',(#3484));
#3484 = ORIENTED_EDGE('',*,*,#3485,.T.);
#3485 = EDGE_CURVE('',#3486,#3486,#3488,.T.);
#3486 = VERTEX_POINT('',#3487);
#3487 = CARTESIAN_POINT('',(71.639566,-78.7397,1.51));
#3488 = CIRCLE('',#3489,0.5715);
#3489 = AXIS2_PLACEMENT_3D('',#3490,#3491,#3492);
#3490 = CARTESIAN_POINT('',(71.639566,-78.1682,1.51));
#3491 = DIRECTION('',(-0.,0.,-1.));
#3492 = DIRECTION('',(-0.,-1.,0.));
#3493 = FACE_BOUND('',#3494,.T.);
#3494 = EDGE_LOOP('',(#3495));
#3495 = ORIENTED_EDGE('',*,*,#3496,.T.);
#3496 = EDGE_CURVE('',#3497,#3497,#3499,.T.);
#3497 = VERTEX_POINT('',#3498);
#3498 = CARTESIAN_POINT('',(74.179566,-78.7397,1.51));
#3499 = CIRCLE('',#3500,0.5715);
#3500 = AXIS2_PLACEMENT_3D('',#3501,#3502,#3503);
#3501 = CARTESIAN_POINT('',(74.179566,-78.1682,1.51));
#3502 = DIRECTION('',(-0.,0.,-1.));
#3503 = DIRECTION('',(-0.,-1.,0.));
#3504 = FACE_BOUND('',#3505,.T.);
#3505 = EDGE_LOOP('',(#3506));
#3506 = ORIENTED_EDGE('',*,*,#3507,.T.);
#3507 = EDGE_CURVE('',#3508,#3508,#3510,.T.);
#3508 = VERTEX_POINT('',#3509);
#3509 = CARTESIAN_POINT('',(76.719566,-78.7397,1.51));
#3510 = CIRCLE('',#3511,0.5715);
#3511 = AXIS2_PLACEMENT_3D('',#3512,#3513,#3514);
#3512 = CARTESIAN_POINT('',(76.719566,-78.1682,1.51));
#3513 = DIRECTION('',(-0.,0.,-1.));
#3514 = DIRECTION('',(-0.,-1.,0.));
#3515 = FACE_BOUND('',#3516,.T.);
#3516 = EDGE_LOOP('',(#3517));
#3517 = ORIENTED_EDGE('',*,*,#3518,.T.);
#3518 = EDGE_CURVE('',#3519,#3519,#3521,.T.);
#3519 = VERTEX_POINT('',#3520);
#3520 = CARTESIAN_POINT('',(85.1329,-78.7397,1.51));
#3521 = CIRCLE('',#3522,0.5715);
#3522 = AXIS2_PLACEMENT_3D('',#3523,#3524,#3525);
#3523 = CARTESIAN_POINT('',(85.1329,-78.1682,1.51));
#3524 = DIRECTION('',(-0.,0.,-1.));
#3525 = DIRECTION('',(-0.,-1.,0.));
#3526 = FACE_BOUND('',#3527,.T.);
#3527 = EDGE_LOOP('',(#3528));
#3528 = ORIENTED_EDGE('',*,*,#3529,.T.);
#3529 = EDGE_CURVE('',#3530,#3530,#3532,.T.);
#3530 = VERTEX_POINT('',#3531);
#3531 = CARTESIAN_POINT('',(87.6729,-78.7397,1.51));
#3532 = CIRCLE('',#3533,0.5715);
#3533 = AXIS2_PLACEMENT_3D('',#3534,#3535,#3536);
#3534 = CARTESIAN_POINT('',(87.6729,-78.1682,1.51));
#3535 = DIRECTION('',(-0.,0.,-1.));
#3536 = DIRECTION('',(-0.,-1.,0.));
#3537 = FACE_BOUND('',#3538,.T.);
#3538 = EDGE_LOOP('',(#3539));
#3539 = ORIENTED_EDGE('',*,*,#3540,.T.);
#3540 = EDGE_CURVE('',#3541,#3541,#3543,.T.);
#3541 = VERTEX_POINT('',#3542);
#3542 = CARTESIAN_POINT('',(90.2129,-78.7397,1.51));
#3543 = CIRCLE('',#3544,0.5715);
#3544 = AXIS2_PLACEMENT_3D('',#3545,#3546,#3547);
#3545 = CARTESIAN_POINT('',(90.2129,-78.1682,1.51));
#3546 = DIRECTION('',(-0.,0.,-1.));
#3547 = DIRECTION('',(-0.,-1.,0.));
#3548 = FACE_BOUND('',#3549,.T.);
#3549 = EDGE_LOOP('',(#3550));
#3550 = ORIENTED_EDGE('',*,*,#3551,.T.);
#3551 = EDGE_CURVE('',#3552,#3552,#3554,.T.);
#3552 = VERTEX_POINT('',#3553);
#3553 = CARTESIAN_POINT('',(98.626233,-78.7397,1.51));
#3554 = CIRCLE('',#3555,0.5715);
#3555 = AXIS2_PLACEMENT_3D('',#3556,#3557,#3558);
#3556 = CARTESIAN_POINT('',(98.626233,-78.1682,1.51));
#3557 = DIRECTION('',(-0.,0.,-1.));
#3558 = DIRECTION('',(-0.,-1.,0.));
#3559 = FACE_BOUND('',#3560,.T.);
#3560 = EDGE_LOOP('',(#3561));
#3561 = ORIENTED_EDGE('',*,*,#3562,.T.);
#3562 = EDGE_CURVE('',#3563,#3563,#3565,.T.);
#3563 = VERTEX_POINT('',#3564);
#3564 = CARTESIAN_POINT('',(101.166233,-78.7397,1.51));
#3565 = CIRCLE('',#3566,0.5715);
#3566 = AXIS2_PLACEMENT_3D('',#3567,#3568,#3569);
#3567 = CARTESIAN_POINT('',(101.166233,-78.1682,1.51));
#3568 = DIRECTION('',(-0.,0.,-1.));
#3569 = DIRECTION('',(-0.,-1.,0.));
#3570 = FACE_BOUND('',#3571,.T.);
#3571 = EDGE_LOOP('',(#3572));
#3572 = ORIENTED_EDGE('',*,*,#3573,.T.);
#3573 = EDGE_CURVE('',#3574,#3574,#3576,.T.);
#3574 = VERTEX_POINT('',#3575);
#3575 = CARTESIAN_POINT('',(110.78,-85.8,1.51));
#3576 = CIRCLE('',#3577,0.4);
#3577 = AXIS2_PLACEMENT_3D('',#3578,#3579,#3580);
#3578 = CARTESIAN_POINT('',(110.78,-85.4,1.51));
#3579 = DIRECTION('',(-0.,0.,-1.));
#3580 = DIRECTION('',(-0.,-1.,0.));
#3581 = FACE_BOUND('',#3582,.T.);
#3582 = EDGE_LOOP('',(#3583));
#3583 = ORIENTED_EDGE('',*,*,#3584,.T.);
#3584 = EDGE_CURVE('',#3585,#3585,#3587,.T.);
#3585 = VERTEX_POINT('',#3586);
#3586 = CARTESIAN_POINT('',(118.4,-85.8,1.51));
#3587 = CIRCLE('',#3588,0.4);
#3588 = AXIS2_PLACEMENT_3D('',#3589,#3590,#3591);
#3589 = CARTESIAN_POINT('',(118.4,-85.4,1.51));
#3590 = DIRECTION('',(-0.,0.,-1.));
#3591 = DIRECTION('',(-0.,-1.,0.));
#3592 = FACE_BOUND('',#3593,.T.);
#3593 = EDGE_LOOP('',(#3594));
#3594 = ORIENTED_EDGE('',*,*,#3595,.T.);
#3595 = EDGE_CURVE('',#3596,#3596,#3598,.T.);
#3596 = VERTEX_POINT('',#3597);
#3597 = CARTESIAN_POINT('',(122.58,-85.8,1.51));
#3598 = CIRCLE('',#3599,0.4);
#3599 = AXIS2_PLACEMENT_3D('',#3600,#3601,#3602);
#3600 = CARTESIAN_POINT('',(122.58,-85.4,1.51));
#3601 = DIRECTION('',(-0.,0.,-1.));
#3602 = DIRECTION('',(-3.552713678801E-14,-1.,0.));
#3603 = FACE_BOUND('',#3604,.T.);
#3604 = EDGE_LOOP('',(#3605));
#3605 = ORIENTED_EDGE('',*,*,#3606,.T.);
#3606 = EDGE_CURVE('',#3607,#3607,#3609,.T.);
#3607 = VERTEX_POINT('',#3608);
#3608 = CARTESIAN_POINT('',(137.8,-87.9,1.51));
#3609 = CIRCLE('',#3610,0.4);
#3610 = AXIS2_PLACEMENT_3D('',#3611,#3612,#3613);
#3611 = CARTESIAN_POINT('',(137.8,-87.5,1.51));
#3612 = DIRECTION('',(-0.,0.,-1.));
#3613 = DIRECTION('',(-0.,-1.,0.));
#3614 = FACE_BOUND('',#3615,.T.);
#3615 = EDGE_LOOP('',(#3616));
#3616 = ORIENTED_EDGE('',*,*,#3617,.T.);
#3617 = EDGE_CURVE('',#3618,#3618,#3620,.T.);
#3618 = VERTEX_POINT('',#3619);
#3619 = CARTESIAN_POINT('',(130.2,-85.8,1.51));
#3620 = CIRCLE('',#3621,0.4);
#3621 = AXIS2_PLACEMENT_3D('',#3622,#3623,#3624);
#3622 = CARTESIAN_POINT('',(130.2,-85.4,1.51));
#3623 = DIRECTION('',(-0.,0.,-1.));
#3624 = DIRECTION('',(-0.,-1.,0.));
#3625 = FACE_BOUND('',#3626,.T.);
#3626 = EDGE_LOOP('',(#3627));
#3627 = ORIENTED_EDGE('',*,*,#3628,.T.);
#3628 = EDGE_CURVE('',#3629,#3629,#3631,.T.);
#3629 = VERTEX_POINT('',#3630);
#3630 = CARTESIAN_POINT('',(137.8,-82.9,1.51));
#3631 = CIRCLE('',#3632,0.4);
#3632 = AXIS2_PLACEMENT_3D('',#3633,#3634,#3635);
#3633 = CARTESIAN_POINT('',(137.8,-82.5,1.51));
#3634 = DIRECTION('',(-0.,0.,-1.));
#3635 = DIRECTION('',(-0.,-1.,0.));
#3636 = FACE_BOUND('',#3637,.T.);
#3637 = EDGE_LOOP('',(#3638));
#3638 = ORIENTED_EDGE('',*,*,#3639,.T.);
#3639 = EDGE_CURVE('',#3640,#3640,#3642,.T.);
#3640 = VERTEX_POINT('',#3641);
#3641 = CARTESIAN_POINT('',(141.,-82.87,1.51));
#3642 = CIRCLE('',#3643,0.4);
#3643 = AXIS2_PLACEMENT_3D('',#3644,#3645,#3646);
#3644 = CARTESIAN_POINT('',(141.,-82.47,1.51));
#3645 = DIRECTION('',(-0.,0.,-1.));
#3646 = DIRECTION('',(-0.,-1.,0.));
#3647 = FACE_BOUND('',#3648,.T.);
#3648 = EDGE_LOOP('',(#3649));
#3649 = ORIENTED_EDGE('',*,*,#3650,.T.);
#3650 = EDGE_CURVE('',#3651,#3651,#3653,.T.);
#3651 = VERTEX_POINT('',#3652);
#3652 = CARTESIAN_POINT('',(148.62,-82.87,1.51));
#3653 = CIRCLE('',#3654,0.4);
#3654 = AXIS2_PLACEMENT_3D('',#3655,#3656,#3657);
#3655 = CARTESIAN_POINT('',(148.62,-82.47,1.51));
#3656 = DIRECTION('',(-0.,0.,-1.));
#3657 = DIRECTION('',(-0.,-1.,0.));
#3658 = FACE_BOUND('',#3659,.T.);
#3659 = EDGE_LOOP('',(#3660));
#3660 = ORIENTED_EDGE('',*,*,#3661,.T.);
#3661 = EDGE_CURVE('',#3662,#3662,#3664,.T.);
#3662 = VERTEX_POINT('',#3663);
#3663 = CARTESIAN_POINT('',(103.706233,-78.7397,1.51));
#3664 = CIRCLE('',#3665,0.5715);
#3665 = AXIS2_PLACEMENT_3D('',#3666,#3667,#3668);
#3666 = CARTESIAN_POINT('',(103.706233,-78.1682,1.51));
#3667 = DIRECTION('',(-0.,0.,-1.));
#3668 = DIRECTION('',(-0.,-1.,0.));
#3669 = FACE_BOUND('',#3670,.T.);
#3670 = EDGE_LOOP('',(#3671));
#3671 = ORIENTED_EDGE('',*,*,#3672,.T.);
#3672 = EDGE_CURVE('',#3673,#3673,#3675,.T.);
#3673 = VERTEX_POINT('',#3674);
#3674 = CARTESIAN_POINT('',(112.119566,-78.7397,1.51));
#3675 = CIRCLE('',#3676,0.5715);
#3676 = AXIS2_PLACEMENT_3D('',#3677,#3678,#3679);
#3677 = CARTESIAN_POINT('',(112.119566,-78.1682,1.51));
#3678 = DIRECTION('',(-0.,0.,-1.));
#3679 = DIRECTION('',(-0.,-1.,0.));
#3680 = FACE_BOUND('',#3681,.T.);
#3681 = EDGE_LOOP('',(#3682));
#3682 = ORIENTED_EDGE('',*,*,#3683,.T.);
#3683 = EDGE_CURVE('',#3684,#3684,#3686,.T.);
#3684 = VERTEX_POINT('',#3685);
#3685 = CARTESIAN_POINT('',(114.659566,-78.7397,1.51));
#3686 = CIRCLE('',#3687,0.5715);
#3687 = AXIS2_PLACEMENT_3D('',#3688,#3689,#3690);
#3688 = CARTESIAN_POINT('',(114.659566,-78.1682,1.51));
#3689 = DIRECTION('',(-0.,0.,-1.));
#3690 = DIRECTION('',(-0.,-1.,0.));
#3691 = FACE_BOUND('',#3692,.T.);
#3692 = EDGE_LOOP('',(#3693));
#3693 = ORIENTED_EDGE('',*,*,#3694,.T.);
#3694 = EDGE_CURVE('',#3695,#3695,#3697,.T.);
#3695 = VERTEX_POINT('',#3696);
#3696 = CARTESIAN_POINT('',(117.199566,-78.7397,1.51));
#3697 = CIRCLE('',#3698,0.5715);
#3698 = AXIS2_PLACEMENT_3D('',#3699,#3700,#3701);
#3699 = CARTESIAN_POINT('',(117.199566,-78.1682,1.51));
#3700 = DIRECTION('',(-0.,0.,-1.));
#3701 = DIRECTION('',(-0.,-1.,0.));
#3702 = FACE_BOUND('',#3703,.T.);
#3703 = EDGE_LOOP('',(#3704));
#3704 = ORIENTED_EDGE('',*,*,#3705,.T.);
#3705 = EDGE_CURVE('',#3706,#3706,#3708,.T.);
#3706 = VERTEX_POINT('',#3707);
#3707 = CARTESIAN_POINT('',(151.47,-95.07,1.51));
#3708 = CIRCLE('',#3709,0.4);
#3709 = AXIS2_PLACEMENT_3D('',#3710,#3711,#3712);
#3710 = CARTESIAN_POINT('',(151.47,-94.67,1.51));
#3711 = DIRECTION('',(-0.,0.,-1.));
#3712 = DIRECTION('',(-0.,-1.,0.));
#3713 = FACE_BOUND('',#3714,.T.);
#3714 = EDGE_LOOP('',(#3715));
#3715 = ORIENTED_EDGE('',*,*,#3716,.T.);
#3716 = EDGE_CURVE('',#3717,#3717,#3719,.T.);
#3717 = VERTEX_POINT('',#3718);
#3718 = CARTESIAN_POINT('',(154.01,-95.07,1.51));
#3719 = CIRCLE('',#3720,0.4);
#3720 = AXIS2_PLACEMENT_3D('',#3721,#3722,#3723);
#3721 = CARTESIAN_POINT('',(154.01,-94.67,1.51));
#3722 = DIRECTION('',(-0.,0.,-1.));
#3723 = DIRECTION('',(-0.,-1.,0.));
#3724 = FACE_BOUND('',#3725,.T.);
#3725 = EDGE_LOOP('',(#3726));
#3726 = ORIENTED_EDGE('',*,*,#3727,.T.);
#3727 = EDGE_CURVE('',#3728,#3728,#3730,.T.);
#3728 = VERTEX_POINT('',#3729);
#3729 = CARTESIAN_POINT('',(186.14,-98.32,1.51));
#3730 = CIRCLE('',#3731,0.4);
#3731 = AXIS2_PLACEMENT_3D('',#3732,#3733,#3734);
#3732 = CARTESIAN_POINT('',(186.14,-97.92,1.51));
#3733 = DIRECTION('',(-0.,0.,-1.));
#3734 = DIRECTION('',(-0.,-1.,0.));
#3735 = FACE_BOUND('',#3736,.T.);
#3736 = EDGE_LOOP('',(#3737));
#3737 = ORIENTED_EDGE('',*,*,#3738,.T.);
#3738 = EDGE_CURVE('',#3739,#3739,#3741,.T.);
#3739 = VERTEX_POINT('',#3740);
#3740 = CARTESIAN_POINT('',(193.76,-98.32,1.51));
#3741 = CIRCLE('',#3742,0.4);
#3742 = AXIS2_PLACEMENT_3D('',#3743,#3744,#3745);
#3743 = CARTESIAN_POINT('',(193.76,-97.92,1.51));
#3744 = DIRECTION('',(-0.,0.,-1.));
#3745 = DIRECTION('',(-0.,-1.,0.));
#3746 = FACE_BOUND('',#3747,.T.);
#3747 = EDGE_LOOP('',(#3748));
#3748 = ORIENTED_EDGE('',*,*,#3749,.T.);
#3749 = EDGE_CURVE('',#3750,#3750,#3752,.T.);
#3750 = VERTEX_POINT('',#3751);
#3751 = CARTESIAN_POINT('',(151.61,-90.48,1.51));
#3752 = CIRCLE('',#3753,0.4);
#3753 = AXIS2_PLACEMENT_3D('',#3754,#3755,#3756);
#3754 = CARTESIAN_POINT('',(151.61,-90.08,1.51));
#3755 = DIRECTION('',(-0.,0.,-1.));
#3756 = DIRECTION('',(-0.,-1.,0.));
#3757 = FACE_BOUND('',#3758,.T.);
#3758 = EDGE_LOOP('',(#3759));
#3759 = ORIENTED_EDGE('',*,*,#3760,.T.);
#3760 = EDGE_CURVE('',#3761,#3761,#3763,.T.);
#3761 = VERTEX_POINT('',#3762);
#3762 = CARTESIAN_POINT('',(158.08,-90.49,1.51));
#3763 = CIRCLE('',#3764,0.4);
#3764 = AXIS2_PLACEMENT_3D('',#3765,#3766,#3767);
#3765 = CARTESIAN_POINT('',(158.08,-90.09,1.51));
#3766 = DIRECTION('',(-0.,0.,-1.));
#3767 = DIRECTION('',(7.105427357601E-14,-1.,-0.));
#3768 = FACE_BOUND('',#3769,.T.);
#3769 = EDGE_LOOP('',(#3770));
#3770 = ORIENTED_EDGE('',*,*,#3771,.T.);
#3771 = EDGE_CURVE('',#3772,#3772,#3774,.T.);
#3772 = VERTEX_POINT('',#3773);
#3773 = CARTESIAN_POINT('',(161.48,-89.08,1.51));
#3774 = CIRCLE('',#3775,0.4);
#3775 = AXIS2_PLACEMENT_3D('',#3776,#3777,#3778);
#3776 = CARTESIAN_POINT('',(161.48,-88.68,1.51));
#3777 = DIRECTION('',(-0.,0.,-1.));
#3778 = DIRECTION('',(-7.105427357601E-14,-1.,0.));
#3779 = FACE_BOUND('',#3780,.T.);
#3780 = EDGE_LOOP('',(#3781));
#3781 = ORIENTED_EDGE('',*,*,#3782,.T.);
#3782 = EDGE_CURVE('',#3783,#3783,#3785,.T.);
#3783 = VERTEX_POINT('',#3784);
#3784 = CARTESIAN_POINT('',(169.88,-90.49,1.51));
#3785 = CIRCLE('',#3786,0.4);
#3786 = AXIS2_PLACEMENT_3D('',#3787,#3788,#3789);
#3787 = CARTESIAN_POINT('',(169.88,-90.09,1.51));
#3788 = DIRECTION('',(-0.,0.,-1.));
#3789 = DIRECTION('',(-0.,-1.,0.));
#3790 = FACE_BOUND('',#3791,.T.);
#3791 = EDGE_LOOP('',(#3792));
#3792 = ORIENTED_EDGE('',*,*,#3793,.T.);
#3793 = EDGE_CURVE('',#3794,#3794,#3796,.T.);
#3794 = VERTEX_POINT('',#3795);
#3795 = CARTESIAN_POINT('',(164.02,-89.08,1.51));
#3796 = CIRCLE('',#3797,0.4);
#3797 = AXIS2_PLACEMENT_3D('',#3798,#3799,#3800);
#3798 = CARTESIAN_POINT('',(164.02,-88.68,1.51));
#3799 = DIRECTION('',(-0.,0.,-1.));
#3800 = DIRECTION('',(7.105427357601E-14,-1.,-0.));
#3801 = FACE_BOUND('',#3802,.T.);
#3802 = EDGE_LOOP('',(#3803));
#3803 = ORIENTED_EDGE('',*,*,#3804,.T.);
#3804 = EDGE_CURVE('',#3805,#3805,#3807,.T.);
#3805 = VERTEX_POINT('',#3806);
#3806 = CARTESIAN_POINT('',(166.56,-89.08,1.51));
#3807 = CIRCLE('',#3808,0.4);
#3808 = AXIS2_PLACEMENT_3D('',#3809,#3810,#3811);
#3809 = CARTESIAN_POINT('',(166.56,-88.68,1.51));
#3810 = DIRECTION('',(-0.,0.,-1.));
#3811 = DIRECTION('',(-0.,-1.,0.));
#3812 = FACE_BOUND('',#3813,.T.);
#3813 = EDGE_LOOP('',(#3814));
#3814 = ORIENTED_EDGE('',*,*,#3815,.T.);
#3815 = EDGE_CURVE('',#3816,#3816,#3818,.T.);
#3816 = VERTEX_POINT('',#3817);
#3817 = CARTESIAN_POINT('',(186.14,-93.32,1.51));
#3818 = CIRCLE('',#3819,0.4);
#3819 = AXIS2_PLACEMENT_3D('',#3820,#3821,#3822);
#3820 = CARTESIAN_POINT('',(186.14,-92.92,1.51));
#3821 = DIRECTION('',(-0.,0.,-1.));
#3822 = DIRECTION('',(-0.,-1.,0.));
#3823 = FACE_BOUND('',#3824,.T.);
#3824 = EDGE_LOOP('',(#3825));
#3825 = ORIENTED_EDGE('',*,*,#3826,.T.);
#3826 = EDGE_CURVE('',#3827,#3827,#3829,.T.);
#3827 = VERTEX_POINT('',#3828);
#3828 = CARTESIAN_POINT('',(193.76,-93.32,1.51));
#3829 = CIRCLE('',#3830,0.4);
#3830 = AXIS2_PLACEMENT_3D('',#3831,#3832,#3833);
#3831 = CARTESIAN_POINT('',(193.76,-92.92,1.51));
#3832 = DIRECTION('',(-0.,0.,-1.));
#3833 = DIRECTION('',(-0.,-1.,0.));
#3834 = FACE_BOUND('',#3835,.T.);
#3835 = EDGE_LOOP('',(#3836));
#3836 = ORIENTED_EDGE('',*,*,#3837,.T.);
#3837 = EDGE_CURVE('',#3838,#3838,#3840,.T.);
#3838 = VERTEX_POINT('',#3839);
#3839 = CARTESIAN_POINT('',(175.95,-88.83,1.51));
#3840 = CIRCLE('',#3841,0.4);
#3841 = AXIS2_PLACEMENT_3D('',#3842,#3843,#3844);
#3842 = CARTESIAN_POINT('',(175.95,-88.43,1.51));
#3843 = DIRECTION('',(-0.,0.,-1.));
#3844 = DIRECTION('',(-0.,-1.,0.));
#3845 = FACE_BOUND('',#3846,.T.);
#3846 = EDGE_LOOP('',(#3847));
#3847 = ORIENTED_EDGE('',*,*,#3848,.T.);
#3848 = EDGE_CURVE('',#3849,#3849,#3851,.T.);
#3849 = VERTEX_POINT('',#3850);
#3850 = CARTESIAN_POINT('',(178.49,-88.83,1.51));
#3851 = CIRCLE('',#3852,0.4);
#3852 = AXIS2_PLACEMENT_3D('',#3853,#3854,#3855);
#3853 = CARTESIAN_POINT('',(178.49,-88.43,1.51));
#3854 = DIRECTION('',(-0.,0.,-1.));
#3855 = DIRECTION('',(-0.,-1.,0.));
#3856 = FACE_BOUND('',#3857,.T.);
#3857 = EDGE_LOOP('',(#3858));
#3858 = ORIENTED_EDGE('',*,*,#3859,.T.);
#3859 = EDGE_CURVE('',#3860,#3860,#3862,.T.);
#3860 = VERTEX_POINT('',#3861);
#3861 = CARTESIAN_POINT('',(181.03,-88.83,1.51));
#3862 = CIRCLE('',#3863,0.4);
#3863 = AXIS2_PLACEMENT_3D('',#3864,#3865,#3866);
#3864 = CARTESIAN_POINT('',(181.03,-88.43,1.51));
#3865 = DIRECTION('',(-0.,0.,-1.));
#3866 = DIRECTION('',(-0.,-1.,0.));
#3867 = FACE_BOUND('',#3868,.T.);
#3868 = EDGE_LOOP('',(#3869));
#3869 = ORIENTED_EDGE('',*,*,#3870,.T.);
#3870 = EDGE_CURVE('',#3871,#3871,#3873,.T.);
#3871 = VERTEX_POINT('',#3872);
#3872 = CARTESIAN_POINT('',(186.2,-88.61,1.51));
#3873 = CIRCLE('',#3874,0.4);
#3874 = AXIS2_PLACEMENT_3D('',#3875,#3876,#3877);
#3875 = CARTESIAN_POINT('',(186.2,-88.21,1.51));
#3876 = DIRECTION('',(-0.,0.,-1.));
#3877 = DIRECTION('',(-0.,-1.,0.));
#3878 = FACE_BOUND('',#3879,.T.);
#3879 = EDGE_LOOP('',(#3880));
#3880 = ORIENTED_EDGE('',*,*,#3881,.T.);
#3881 = EDGE_CURVE('',#3882,#3882,#3884,.T.);
#3882 = VERTEX_POINT('',#3883);
#3883 = CARTESIAN_POINT('',(197.8,-88.62,1.51));
#3884 = CIRCLE('',#3885,0.4);
#3885 = AXIS2_PLACEMENT_3D('',#3886,#3887,#3888);
#3886 = CARTESIAN_POINT('',(197.8,-88.22,1.51));
#3887 = DIRECTION('',(-0.,0.,-1.));
#3888 = DIRECTION('',(-0.,-1.,0.));
#3889 = FACE_BOUND('',#3890,.T.);
#3890 = EDGE_LOOP('',(#3891));
#3891 = ORIENTED_EDGE('',*,*,#3892,.T.);
#3892 = EDGE_CURVE('',#3893,#3893,#3895,.T.);
#3893 = VERTEX_POINT('',#3894);
#3894 = CARTESIAN_POINT('',(161.46,-84.6,1.51));
#3895 = CIRCLE('',#3896,0.4);
#3896 = AXIS2_PLACEMENT_3D('',#3897,#3898,#3899);
#3897 = CARTESIAN_POINT('',(161.46,-84.2,1.51));
#3898 = DIRECTION('',(-0.,0.,-1.));
#3899 = DIRECTION('',(-0.,-1.,0.));
#3900 = FACE_BOUND('',#3901,.T.);
#3901 = EDGE_LOOP('',(#3902));
#3902 = ORIENTED_EDGE('',*,*,#3903,.T.);
#3903 = EDGE_CURVE('',#3904,#3904,#3906,.T.);
#3904 = VERTEX_POINT('',#3905);
#3905 = CARTESIAN_POINT('',(151.61,-82.86,1.51));
#3906 = CIRCLE('',#3907,0.4);
#3907 = AXIS2_PLACEMENT_3D('',#3908,#3909,#3910);
#3908 = CARTESIAN_POINT('',(151.61,-82.46,1.51));
#3909 = DIRECTION('',(-0.,0.,-1.));
#3910 = DIRECTION('',(-0.,-1.,0.));
#3911 = FACE_BOUND('',#3912,.T.);
#3912 = EDGE_LOOP('',(#3913));
#3913 = ORIENTED_EDGE('',*,*,#3914,.T.);
#3914 = EDGE_CURVE('',#3915,#3915,#3917,.T.);
#3915 = VERTEX_POINT('',#3916);
#3916 = CARTESIAN_POINT('',(158.08,-82.87,1.51));
#3917 = CIRCLE('',#3918,0.4);
#3918 = AXIS2_PLACEMENT_3D('',#3919,#3920,#3921);
#3919 = CARTESIAN_POINT('',(158.08,-82.47,1.51));
#3920 = DIRECTION('',(-0.,0.,-1.));
#3921 = DIRECTION('',(7.105427357601E-14,-1.,-0.));
#3922 = FACE_BOUND('',#3923,.T.);
#3923 = EDGE_LOOP('',(#3924));
#3924 = ORIENTED_EDGE('',*,*,#3925,.T.);
#3925 = EDGE_CURVE('',#3926,#3926,#3928,.T.);
#3926 = VERTEX_POINT('',#3927);
#3927 = CARTESIAN_POINT('',(164.,-84.6,1.51));
#3928 = CIRCLE('',#3929,0.4);
#3929 = AXIS2_PLACEMENT_3D('',#3930,#3931,#3932);
#3930 = CARTESIAN_POINT('',(164.,-84.2,1.51));
#3931 = DIRECTION('',(-0.,0.,-1.));
#3932 = DIRECTION('',(-0.,-1.,0.));
#3933 = FACE_BOUND('',#3934,.T.);
#3934 = EDGE_LOOP('',(#3935));
#3935 = ORIENTED_EDGE('',*,*,#3936,.T.);
#3936 = EDGE_CURVE('',#3937,#3937,#3939,.T.);
#3937 = VERTEX_POINT('',#3938);
#3938 = CARTESIAN_POINT('',(166.54,-84.6,1.51));
#3939 = CIRCLE('',#3940,0.4);
#3940 = AXIS2_PLACEMENT_3D('',#3941,#3942,#3943);
#3941 = CARTESIAN_POINT('',(166.54,-84.2,1.51));
#3942 = DIRECTION('',(-0.,0.,-1.));
#3943 = DIRECTION('',(-0.,-1.,0.));
#3944 = FACE_BOUND('',#3945,.T.);
#3945 = EDGE_LOOP('',(#3946));
#3946 = ORIENTED_EDGE('',*,*,#3947,.T.);
#3947 = EDGE_CURVE('',#3948,#3948,#3950,.T.);
#3948 = VERTEX_POINT('',#3949);
#3949 = CARTESIAN_POINT('',(169.88,-82.87,1.51));
#3950 = CIRCLE('',#3951,0.4);
#3951 = AXIS2_PLACEMENT_3D('',#3952,#3953,#3954);
#3952 = CARTESIAN_POINT('',(169.88,-82.47,1.51));
#3953 = DIRECTION('',(-0.,0.,-1.));
#3954 = DIRECTION('',(-0.,-1.,0.));
#3955 = FACE_BOUND('',#3956,.T.);
#3956 = EDGE_LOOP('',(#3957));
#3957 = ORIENTED_EDGE('',*,*,#3958,.T.);
#3958 = EDGE_CURVE('',#3959,#3959,#3961,.T.);
#3959 = VERTEX_POINT('',#3960);
#3960 = CARTESIAN_POINT('',(189.48,-87.01,1.51));
#3961 = CIRCLE('',#3962,0.4);
#3962 = AXIS2_PLACEMENT_3D('',#3963,#3964,#3965);
#3963 = CARTESIAN_POINT('',(189.48,-86.61,1.51));
#3964 = DIRECTION('',(-0.,0.,-1.));
#3965 = DIRECTION('',(-7.105427357601E-14,-1.,0.));
#3966 = FACE_BOUND('',#3967,.T.);
#3967 = EDGE_LOOP('',(#3968));
#3968 = ORIENTED_EDGE('',*,*,#3969,.T.);
#3969 = EDGE_CURVE('',#3970,#3970,#3972,.T.);
#3970 = VERTEX_POINT('',#3971);
#3971 = CARTESIAN_POINT('',(192.02,-87.01,1.51));
#3972 = CIRCLE('',#3973,0.4);
#3973 = AXIS2_PLACEMENT_3D('',#3974,#3975,#3976);
#3974 = CARTESIAN_POINT('',(192.02,-86.61,1.51));
#3975 = DIRECTION('',(-0.,0.,-1.));
#3976 = DIRECTION('',(7.105427357601E-14,-1.,-0.));
#3977 = FACE_BOUND('',#3978,.T.);
#3978 = EDGE_LOOP('',(#3979));
#3979 = ORIENTED_EDGE('',*,*,#3980,.T.);
#3980 = EDGE_CURVE('',#3981,#3981,#3983,.T.);
#3981 = VERTEX_POINT('',#3982);
#3982 = CARTESIAN_POINT('',(194.56,-87.01,1.51));
#3983 = CIRCLE('',#3984,0.4);
#3984 = AXIS2_PLACEMENT_3D('',#3985,#3986,#3987);
#3985 = CARTESIAN_POINT('',(194.56,-86.61,1.51));
#3986 = DIRECTION('',(-0.,0.,-1.));
#3987 = DIRECTION('',(-0.,-1.,0.));
#3988 = FACE_BOUND('',#3989,.T.);
#3989 = EDGE_LOOP('',(#3990));
#3990 = ORIENTED_EDGE('',*,*,#3991,.T.);
#3991 = EDGE_CURVE('',#3992,#3992,#3994,.T.);
#3992 = VERTEX_POINT('',#3993);
#3993 = CARTESIAN_POINT('',(175.88,-84.45,1.51));
#3994 = CIRCLE('',#3995,0.4);
#3995 = AXIS2_PLACEMENT_3D('',#3996,#3997,#3998);
#3996 = CARTESIAN_POINT('',(175.88,-84.05,1.51));
#3997 = DIRECTION('',(-0.,0.,-1.));
#3998 = DIRECTION('',(-0.,-1.,0.));
#3999 = FACE_BOUND('',#4000,.T.);
#4000 = EDGE_LOOP('',(#4001));
#4001 = ORIENTED_EDGE('',*,*,#4002,.T.);
#4002 = EDGE_CURVE('',#4003,#4003,#4005,.T.);
#4003 = VERTEX_POINT('',#4004);
#4004 = CARTESIAN_POINT('',(178.42,-84.45,1.51));
#4005 = CIRCLE('',#4006,0.4);
#4006 = AXIS2_PLACEMENT_3D('',#4007,#4008,#4009);
#4007 = CARTESIAN_POINT('',(178.42,-84.05,1.51));
#4008 = DIRECTION('',(-0.,0.,-1.));
#4009 = DIRECTION('',(-7.105427357601E-14,-1.,0.));
#4010 = FACE_BOUND('',#4011,.T.);
#4011 = EDGE_LOOP('',(#4012));
#4012 = ORIENTED_EDGE('',*,*,#4013,.T.);
#4013 = EDGE_CURVE('',#4014,#4014,#4016,.T.);
#4014 = VERTEX_POINT('',#4015);
#4015 = CARTESIAN_POINT('',(180.96,-84.45,1.51));
#4016 = CIRCLE('',#4017,0.4);
#4017 = AXIS2_PLACEMENT_3D('',#4018,#4019,#4020);
#4018 = CARTESIAN_POINT('',(180.96,-84.05,1.51));
#4019 = DIRECTION('',(-0.,0.,-1.));
#4020 = DIRECTION('',(-0.,-1.,0.));
#4021 = FACE_BOUND('',#4022,.T.);
#4022 = EDGE_LOOP('',(#4023));
#4023 = ORIENTED_EDGE('',*,*,#4024,.T.);
#4024 = EDGE_CURVE('',#4025,#4025,#4027,.T.);
#4025 = VERTEX_POINT('',#4026);
#4026 = CARTESIAN_POINT('',(189.46,-82.61,1.51));
#4027 = CIRCLE('',#4028,0.4);
#4028 = AXIS2_PLACEMENT_3D('',#4029,#4030,#4031);
#4029 = CARTESIAN_POINT('',(189.46,-82.21,1.51));
#4030 = DIRECTION('',(-0.,0.,-1.));
#4031 = DIRECTION('',(-0.,-1.,0.));
#4032 = FACE_BOUND('',#4033,.T.);
#4033 = EDGE_LOOP('',(#4034));
#4034 = ORIENTED_EDGE('',*,*,#4035,.T.);
#4035 = EDGE_CURVE('',#4036,#4036,#4038,.T.);
#4036 = VERTEX_POINT('',#4037);
#4037 = CARTESIAN_POINT('',(192.,-82.61,1.51));
#4038 = CIRCLE('',#4039,0.4);
#4039 = AXIS2_PLACEMENT_3D('',#4040,#4041,#4042);
#4040 = CARTESIAN_POINT('',(192.,-82.21,1.51));
#4041 = DIRECTION('',(-0.,0.,-1.));
#4042 = DIRECTION('',(-0.,-1.,0.));
#4043 = FACE_BOUND('',#4044,.T.);
#4044 = EDGE_LOOP('',(#4045));
#4045 = ORIENTED_EDGE('',*,*,#4046,.T.);
#4046 = EDGE_CURVE('',#4047,#4047,#4049,.T.);
#4047 = VERTEX_POINT('',#4048);
#4048 = CARTESIAN_POINT('',(194.54,-82.61,1.51));
#4049 = CIRCLE('',#4050,0.4);
#4050 = AXIS2_PLACEMENT_3D('',#4051,#4052,#4053);
#4051 = CARTESIAN_POINT('',(194.54,-82.21,1.51));
#4052 = DIRECTION('',(-0.,0.,-1.));
#4053 = DIRECTION('',(-0.,-1.,0.));
#4054 = FACE_BOUND('',#4055,.T.);
#4055 = EDGE_LOOP('',(#4056));
#4056 = ORIENTED_EDGE('',*,*,#4057,.T.);
#4057 = EDGE_CURVE('',#4058,#4058,#4060,.T.);
#4058 = VERTEX_POINT('',#4059);
#4059 = CARTESIAN_POINT('',(186.2,-80.99,1.51));
#4060 = CIRCLE('',#4061,0.4);
#4061 = AXIS2_PLACEMENT_3D('',#4062,#4063,#4064);
#4062 = CARTESIAN_POINT('',(186.2,-80.59,1.51));
#4063 = DIRECTION('',(-0.,0.,-1.));
#4064 = DIRECTION('',(-0.,-1.,0.));
#4065 = FACE_BOUND('',#4066,.T.);
#4066 = EDGE_LOOP('',(#4067));
#4067 = ORIENTED_EDGE('',*,*,#4068,.T.);
#4068 = EDGE_CURVE('',#4069,#4069,#4071,.T.);
#4069 = VERTEX_POINT('',#4070);
#4070 = CARTESIAN_POINT('',(197.8,-81.,1.51));
#4071 = CIRCLE('',#4072,0.4);
#4072 = AXIS2_PLACEMENT_3D('',#4073,#4074,#4075);
#4073 = CARTESIAN_POINT('',(197.8,-80.6,1.51));
#4074 = DIRECTION('',(-0.,0.,-1.));
#4075 = DIRECTION('',(-0.,-1.,0.));
#4076 = FACE_BOUND('',#4077,.T.);
#4077 = EDGE_LOOP('',(#4078));
#4078 = ORIENTED_EDGE('',*,*,#4079,.T.);
#4079 = EDGE_CURVE('',#4080,#4080,#4082,.T.);
#4080 = VERTEX_POINT('',#4081);
#4081 = CARTESIAN_POINT('',(209.5,-84.65,1.51));
#4082 = CIRCLE('',#4083,2.15);
#4083 = AXIS2_PLACEMENT_3D('',#4084,#4085,#4086);
#4084 = CARTESIAN_POINT('',(209.5,-82.5,1.51));
#4085 = DIRECTION('',(-0.,0.,-1.));
#4086 = DIRECTION('',(-0.,-1.,0.));
#4087 = FACE_BOUND('',#4088,.T.);
#4088 = EDGE_LOOP('',(#4089));
#4089 = ORIENTED_EDGE('',*,*,#4090,.T.);
#4090 = EDGE_CURVE('',#4091,#4091,#4093,.T.);
#4091 = VERTEX_POINT('',#4092);
#4092 = CARTESIAN_POINT('',(236.8,-78.85,1.51));
#4093 = CIRCLE('',#4094,0.65);
#4094 = AXIS2_PLACEMENT_3D('',#4095,#4096,#4097);
#4095 = CARTESIAN_POINT('',(236.8,-78.2,1.51));
#4096 = DIRECTION('',(-0.,0.,-1.));
#4097 = DIRECTION('',(-0.,-1.,0.));
#4098 = FACE_BOUND('',#4099,.T.);
#4099 = EDGE_LOOP('',(#4100));
#4100 = ORIENTED_EDGE('',*,*,#4101,.T.);
#4101 = EDGE_CURVE('',#4102,#4102,#4104,.T.);
#4102 = VERTEX_POINT('',#4103);
#4103 = CARTESIAN_POINT('',(241.8,-78.85,1.51));
#4104 = CIRCLE('',#4105,0.65);
#4105 = AXIS2_PLACEMENT_3D('',#4106,#4107,#4108);
#4106 = CARTESIAN_POINT('',(241.8,-78.2,1.51));
#4107 = DIRECTION('',(-0.,0.,-1.));
#4108 = DIRECTION('',(-0.,-1.,0.));
#4109 = FACE_BOUND('',#4110,.T.);
#4110 = EDGE_LOOP('',(#4111));
#4111 = ORIENTED_EDGE('',*,*,#4112,.T.);
#4112 = EDGE_CURVE('',#4113,#4113,#4115,.T.);
#4113 = VERTEX_POINT('',#4114);
#4114 = CARTESIAN_POINT('',(246.8,-78.85,1.51));
#4115 = CIRCLE('',#4116,0.65);
#4116 = AXIS2_PLACEMENT_3D('',#4117,#4118,#4119);
#4117 = CARTESIAN_POINT('',(246.8,-78.2,1.51));
#4118 = DIRECTION('',(-0.,0.,-1.));
#4119 = DIRECTION('',(-0.,-1.,0.));
#4120 = PLANE('',#4121);
#4121 = AXIS2_PLACEMENT_3D('',#4122,#4123,#4124);
#4122 = CARTESIAN_POINT('',(0.,0.,1.51));
#4123 = DIRECTION('',(0.,0.,1.));
#4124 = DIRECTION('',(1.,0.,-0.));
#4125 = ADVANCED_FACE('',(#4126),#4132,.T.);
#4126 = FACE_BOUND('',#4127,.T.);
#4127 = EDGE_LOOP('',(#4128,#4129,#4130,#4131));
#4128 = ORIENTED_EDGE('',*,*,#119,.T.);
#4129 = ORIENTED_EDGE('',*,*,#2137,.T.);
#4130 = ORIENTED_EDGE('',*,*,#79,.F.);
#4131 = ORIENTED_EDGE('',*,*,#143,.F.);
#4132 = PLANE('',#4133);
#4133 = AXIS2_PLACEMENT_3D('',#4134,#4135,#4136);
#4134 = CARTESIAN_POINT('',(51.3,-71.4,0.));
#4135 = DIRECTION('',(0.,1.,0.));
#4136 = DIRECTION('',(1.,0.,0.));
#4137 = ADVANCED_FACE('',(#4138),#4149,.F.);
#4138 = FACE_BOUND('',#4139,.T.);
#4139 = EDGE_LOOP('',(#4140,#4141,#4147,#4148));
#4140 = ORIENTED_EDGE('',*,*,#152,.T.);
#4141 = ORIENTED_EDGE('',*,*,#4142,.T.);
#4142 = EDGE_CURVE('',#153,#2147,#4143,.T.);
#4143 = LINE('',#4144,#4145);
#4144 = CARTESIAN_POINT('',(55.8,-119.35,-4.6E-02));
#4145 = VECTOR('',#4146,1.);
#4146 = DIRECTION('',(0.,0.,1.));
#4147 = ORIENTED_EDGE('',*,*,#2146,.F.);
#4148 = ORIENTED_EDGE('',*,*,#4142,.F.);
#4149 = CYLINDRICAL_SURFACE('',#4150,0.6);
#4150 = AXIS2_PLACEMENT_3D('',#4151,#4152,#4153);
#4151 = CARTESIAN_POINT('',(55.8,-118.75,-4.6E-02));
#4152 = DIRECTION('',(-0.,-0.,-1.));
#4153 = DIRECTION('',(-0.,-1.,0.));
#4154 = ADVANCED_FACE('',(#4155),#4166,.F.);
#4155 = FACE_BOUND('',#4156,.T.);
#4156 = EDGE_LOOP('',(#4157,#4158,#4164,#4165));
#4157 = ORIENTED_EDGE('',*,*,#163,.T.);
#4158 = ORIENTED_EDGE('',*,*,#4159,.T.);
#4159 = EDGE_CURVE('',#164,#2158,#4160,.T.);
#4160 = LINE('',#4161,#4162);
#4161 = CARTESIAN_POINT('',(60.8,-119.35,-4.6E-02));
#4162 = VECTOR('',#4163,1.);
#4163 = DIRECTION('',(0.,0.,1.));
#4164 = ORIENTED_EDGE('',*,*,#2157,.F.);
#4165 = ORIENTED_EDGE('',*,*,#4159,.F.);
#4166 = CYLINDRICAL_SURFACE('',#4167,0.6);
#4167 = AXIS2_PLACEMENT_3D('',#4168,#4169,#4170);
#4168 = CARTESIAN_POINT('',(60.8,-118.75,-4.6E-02));
#4169 = DIRECTION('',(-0.,-0.,-1.));
#4170 = DIRECTION('',(-0.,-1.,0.));
#4171 = ADVANCED_FACE('',(#4172),#4183,.F.);
#4172 = FACE_BOUND('',#4173,.T.);
#4173 = EDGE_LOOP('',(#4174,#4175,#4181,#4182));
#4174 = ORIENTED_EDGE('',*,*,#174,.T.);
#4175 = ORIENTED_EDGE('',*,*,#4176,.T.);
#4176 = EDGE_CURVE('',#175,#2169,#4177,.T.);
#4177 = LINE('',#4178,#4179);
#4178 = CARTESIAN_POINT('',(65.8,-119.35,-4.6E-02));
#4179 = VECTOR('',#4180,1.);
#4180 = DIRECTION('',(0.,0.,1.));
#4181 = ORIENTED_EDGE('',*,*,#2168,.F.);
#4182 = ORIENTED_EDGE('',*,*,#4176,.F.);
#4183 = CYLINDRICAL_SURFACE('',#4184,0.6);
#4184 = AXIS2_PLACEMENT_3D('',#4185,#4186,#4187);
#4185 = CARTESIAN_POINT('',(65.8,-118.75,-4.6E-02));
#4186 = DIRECTION('',(-0.,-0.,-1.));
#4187 = DIRECTION('',(-2.368475785867E-14,-1.,0.));
#4188 = ADVANCED_FACE('',(#4189),#4200,.F.);
#4189 = FACE_BOUND('',#4190,.T.);
#4190 = EDGE_LOOP('',(#4191,#4192,#4198,#4199));
#4191 = ORIENTED_EDGE('',*,*,#185,.T.);
#4192 = ORIENTED_EDGE('',*,*,#4193,.T.);
#4193 = EDGE_CURVE('',#186,#2180,#4194,.T.);
#4194 = LINE('',#4195,#4196);
#4195 = CARTESIAN_POINT('',(78.25,-119.35,-4.6E-02));
#4196 = VECTOR('',#4197,1.);
#4197 = DIRECTION('',(0.,0.,1.));
#4198 = ORIENTED_EDGE('',*,*,#2179,.F.);
#4199 = ORIENTED_EDGE('',*,*,#4193,.F.);
#4200 = CYLINDRICAL_SURFACE('',#4201,0.6);
#4201 = AXIS2_PLACEMENT_3D('',#4202,#4203,#4204);
#4202 = CARTESIAN_POINT('',(78.25,-118.75,-4.6E-02));
#4203 = DIRECTION('',(-0.,-0.,-1.));
#4204 = DIRECTION('',(-0.,-1.,0.));
#4205 = ADVANCED_FACE('',(#4206),#4217,.F.);
#4206 = FACE_BOUND('',#4207,.T.);
#4207 = EDGE_LOOP('',(#4208,#4209,#4215,#4216));
#4208 = ORIENTED_EDGE('',*,*,#196,.T.);
#4209 = ORIENTED_EDGE('',*,*,#4210,.T.);
#4210 = EDGE_CURVE('',#197,#2191,#4211,.T.);
#4211 = LINE('',#4212,#4213);
#4212 = CARTESIAN_POINT('',(83.25,-119.35,-4.6E-02));
#4213 = VECTOR('',#4214,1.);
#4214 = DIRECTION('',(0.,0.,1.));
#4215 = ORIENTED_EDGE('',*,*,#2190,.F.);
#4216 = ORIENTED_EDGE('',*,*,#4210,.F.);
#4217 = CYLINDRICAL_SURFACE('',#4218,0.6);
#4218 = AXIS2_PLACEMENT_3D('',#4219,#4220,#4221);
#4219 = CARTESIAN_POINT('',(83.25,-118.75,-4.6E-02));
#4220 = DIRECTION('',(-0.,-0.,-1.));
#4221 = DIRECTION('',(-0.,-1.,0.));
#4222 = ADVANCED_FACE('',(#4223),#4234,.F.);
#4223 = FACE_BOUND('',#4224,.T.);
#4224 = EDGE_LOOP('',(#4225,#4226,#4232,#4233));
#4225 = ORIENTED_EDGE('',*,*,#207,.T.);
#4226 = ORIENTED_EDGE('',*,*,#4227,.T.);
#4227 = EDGE_CURVE('',#208,#2202,#4228,.T.);
#4228 = LINE('',#4229,#4230);
#4229 = CARTESIAN_POINT('',(88.25,-119.35,-4.6E-02));
#4230 = VECTOR('',#4231,1.);
#4231 = DIRECTION('',(0.,0.,1.));
#4232 = ORIENTED_EDGE('',*,*,#2201,.F.);
#4233 = ORIENTED_EDGE('',*,*,#4227,.F.);
#4234 = CYLINDRICAL_SURFACE('',#4235,0.6);
#4235 = AXIS2_PLACEMENT_3D('',#4236,#4237,#4238);
#4236 = CARTESIAN_POINT('',(88.25,-118.75,-4.6E-02));
#4237 = DIRECTION('',(-0.,-0.,-1.));
#4238 = DIRECTION('',(-0.,-1.,0.));
#4239 = ADVANCED_FACE('',(#4240),#4251,.F.);
#4240 = FACE_BOUND('',#4241,.T.);
#4241 = EDGE_LOOP('',(#4242,#4243,#4249,#4250));
#4242 = ORIENTED_EDGE('',*,*,#218,.T.);
#4243 = ORIENTED_EDGE('',*,*,#4244,.T.);
#4244 = EDGE_CURVE('',#219,#2213,#4245,.T.);
#4245 = LINE('',#4246,#4247);
#4246 = CARTESIAN_POINT('',(100.7,-119.35,-4.6E-02));
#4247 = VECTOR('',#4248,1.);
#4248 = DIRECTION('',(0.,0.,1.));
#4249 = ORIENTED_EDGE('',*,*,#2212,.F.);
#4250 = ORIENTED_EDGE('',*,*,#4244,.F.);
#4251 = CYLINDRICAL_SURFACE('',#4252,0.6);
#4252 = AXIS2_PLACEMENT_3D('',#4253,#4254,#4255);
#4253 = CARTESIAN_POINT('',(100.7,-118.75,-4.6E-02));
#4254 = DIRECTION('',(-0.,0.,-1.));
#4255 = DIRECTION('',(2.368475785867E-14,-1.,-0.));
#4256 = ADVANCED_FACE('',(#4257),#4268,.F.);
#4257 = FACE_BOUND('',#4258,.T.);
#4258 = EDGE_LOOP('',(#4259,#4260,#4266,#4267));
#4259 = ORIENTED_EDGE('',*,*,#229,.T.);
#4260 = ORIENTED_EDGE('',*,*,#4261,.T.);
#4261 = EDGE_CURVE('',#230,#2224,#4262,.T.);
#4262 = LINE('',#4263,#4264);
#4263 = CARTESIAN_POINT('',(105.7,-119.35,-4.6E-02));
#4264 = VECTOR('',#4265,1.);
#4265 = DIRECTION('',(0.,0.,1.));
#4266 = ORIENTED_EDGE('',*,*,#2223,.F.);
#4267 = ORIENTED_EDGE('',*,*,#4261,.F.);
#4268 = CYLINDRICAL_SURFACE('',#4269,0.6);
#4269 = AXIS2_PLACEMENT_3D('',#4270,#4271,#4272);
#4270 = CARTESIAN_POINT('',(105.7,-118.75,-4.6E-02));
#4271 = DIRECTION('',(-0.,0.,-1.));
#4272 = DIRECTION('',(2.368475785867E-14,-1.,-0.));
#4273 = ADVANCED_FACE('',(#4274),#4285,.F.);
#4274 = FACE_BOUND('',#4275,.T.);
#4275 = EDGE_LOOP('',(#4276,#4277,#4283,#4284));
#4276 = ORIENTED_EDGE('',*,*,#240,.T.);
#4277 = ORIENTED_EDGE('',*,*,#4278,.T.);
#4278 = EDGE_CURVE('',#241,#2235,#4279,.T.);
#4279 = LINE('',#4280,#4281);
#4280 = CARTESIAN_POINT('',(110.7,-119.35,-4.6E-02));
#4281 = VECTOR('',#4282,1.);
#4282 = DIRECTION('',(0.,0.,1.));
#4283 = ORIENTED_EDGE('',*,*,#2234,.F.);
#4284 = ORIENTED_EDGE('',*,*,#4278,.F.);
#4285 = CYLINDRICAL_SURFACE('',#4286,0.6);
#4286 = AXIS2_PLACEMENT_3D('',#4287,#4288,#4289);
#4287 = CARTESIAN_POINT('',(110.7,-118.75,-4.6E-02));
#4288 = DIRECTION('',(-0.,0.,-1.));
#4289 = DIRECTION('',(2.368475785867E-14,-1.,-0.));
#4290 = ADVANCED_FACE('',(#4291),#4302,.F.);
#4291 = FACE_BOUND('',#4292,.T.);
#4292 = EDGE_LOOP('',(#4293,#4294,#4300,#4301));
#4293 = ORIENTED_EDGE('',*,*,#251,.T.);
#4294 = ORIENTED_EDGE('',*,*,#4295,.T.);
#4295 = EDGE_CURVE('',#252,#2246,#4296,.T.);
#4296 = LINE('',#4297,#4298);
#4297 = CARTESIAN_POINT('',(123.15,-119.35,-4.6E-02));
#4298 = VECTOR('',#4299,1.);
#4299 = DIRECTION('',(0.,0.,1.));
#4300 = ORIENTED_EDGE('',*,*,#2245,.F.);
#4301 = ORIENTED_EDGE('',*,*,#4295,.F.);
#4302 = CYLINDRICAL_SURFACE('',#4303,0.6);
#4303 = AXIS2_PLACEMENT_3D('',#4304,#4305,#4306);
#4304 = CARTESIAN_POINT('',(123.15,-118.75,-4.6E-02));
#4305 = DIRECTION('',(-0.,-0.,-1.));
#4306 = DIRECTION('',(-0.,-1.,0.));
#4307 = ADVANCED_FACE('',(#4308),#4319,.F.);
#4308 = FACE_BOUND('',#4309,.T.);
#4309 = EDGE_LOOP('',(#4310,#4311,#4317,#4318));
#4310 = ORIENTED_EDGE('',*,*,#262,.T.);
#4311 = ORIENTED_EDGE('',*,*,#4312,.T.);
#4312 = EDGE_CURVE('',#263,#2257,#4313,.T.);
#4313 = LINE('',#4314,#4315);
#4314 = CARTESIAN_POINT('',(128.15,-119.35,-4.6E-02));
#4315 = VECTOR('',#4316,1.);
#4316 = DIRECTION('',(0.,0.,1.));
#4317 = ORIENTED_EDGE('',*,*,#2256,.F.);
#4318 = ORIENTED_EDGE('',*,*,#4312,.F.);
#4319 = CYLINDRICAL_SURFACE('',#4320,0.6);
#4320 = AXIS2_PLACEMENT_3D('',#4321,#4322,#4323);
#4321 = CARTESIAN_POINT('',(128.15,-118.75,-4.6E-02));
#4322 = DIRECTION('',(-0.,-0.,-1.));
#4323 = DIRECTION('',(-0.,-1.,0.));
#4324 = ADVANCED_FACE('',(#4325),#4336,.F.);
#4325 = FACE_BOUND('',#4326,.T.);
#4326 = EDGE_LOOP('',(#4327,#4328,#4334,#4335));
#4327 = ORIENTED_EDGE('',*,*,#273,.T.);
#4328 = ORIENTED_EDGE('',*,*,#4329,.T.);
#4329 = EDGE_CURVE('',#274,#2268,#4330,.T.);
#4330 = LINE('',#4331,#4332);
#4331 = CARTESIAN_POINT('',(133.15,-119.35,-4.6E-02));
#4332 = VECTOR('',#4333,1.);
#4333 = DIRECTION('',(0.,0.,1.));
#4334 = ORIENTED_EDGE('',*,*,#2267,.F.);
#4335 = ORIENTED_EDGE('',*,*,#4329,.F.);
#4336 = CYLINDRICAL_SURFACE('',#4337,0.6);
#4337 = AXIS2_PLACEMENT_3D('',#4338,#4339,#4340);
#4338 = CARTESIAN_POINT('',(133.15,-118.75,-4.6E-02));
#4339 = DIRECTION('',(-0.,-0.,-1.));
#4340 = DIRECTION('',(-0.,-1.,0.));
#4341 = ADVANCED_FACE('',(#4342),#4353,.F.);
#4342 = FACE_BOUND('',#4343,.T.);
#4343 = EDGE_LOOP('',(#4344,#4345,#4351,#4352));
#4344 = ORIENTED_EDGE('',*,*,#284,.T.);
#4345 = ORIENTED_EDGE('',*,*,#4346,.T.);
#4346 = EDGE_CURVE('',#285,#2279,#4347,.T.);
#4347 = LINE('',#4348,#4349);
#4348 = CARTESIAN_POINT('',(145.6,-119.35,-4.6E-02));
#4349 = VECTOR('',#4350,1.);
#4350 = DIRECTION('',(0.,0.,1.));
#4351 = ORIENTED_EDGE('',*,*,#2278,.F.);
#4352 = ORIENTED_EDGE('',*,*,#4346,.F.);
#4353 = CYLINDRICAL_SURFACE('',#4354,0.6);
#4354 = AXIS2_PLACEMENT_3D('',#4355,#4356,#4357);
#4355 = CARTESIAN_POINT('',(145.6,-118.75,-4.6E-02));
#4356 = DIRECTION('',(-0.,-0.,-1.));
#4357 = DIRECTION('',(-0.,-1.,0.));
#4358 = ADVANCED_FACE('',(#4359),#4370,.F.);
#4359 = FACE_BOUND('',#4360,.T.);
#4360 = EDGE_LOOP('',(#4361,#4362,#4368,#4369));
#4361 = ORIENTED_EDGE('',*,*,#295,.T.);
#4362 = ORIENTED_EDGE('',*,*,#4363,.T.);
#4363 = EDGE_CURVE('',#296,#2290,#4364,.T.);
#4364 = LINE('',#4365,#4366);
#4365 = CARTESIAN_POINT('',(150.6,-119.35,-4.6E-02));
#4366 = VECTOR('',#4367,1.);
#4367 = DIRECTION('',(0.,0.,1.));
#4368 = ORIENTED_EDGE('',*,*,#2289,.F.);
#4369 = ORIENTED_EDGE('',*,*,#4363,.F.);
#4370 = CYLINDRICAL_SURFACE('',#4371,0.6);
#4371 = AXIS2_PLACEMENT_3D('',#4372,#4373,#4374);
#4372 = CARTESIAN_POINT('',(150.6,-118.75,-4.6E-02));
#4373 = DIRECTION('',(-0.,-0.,-1.));
#4374 = DIRECTION('',(-0.,-1.,0.));
#4375 = ADVANCED_FACE('',(#4376),#4387,.F.);
#4376 = FACE_BOUND('',#4377,.T.);
#4377 = EDGE_LOOP('',(#4378,#4379,#4385,#4386));
#4378 = ORIENTED_EDGE('',*,*,#306,.T.);
#4379 = ORIENTED_EDGE('',*,*,#4380,.T.);
#4380 = EDGE_CURVE('',#307,#2301,#4381,.T.);
#4381 = LINE('',#4382,#4383);
#4382 = CARTESIAN_POINT('',(60.79,-109.8,-4.6E-02));
#4383 = VECTOR('',#4384,1.);
#4384 = DIRECTION('',(0.,0.,1.));
#4385 = ORIENTED_EDGE('',*,*,#2300,.F.);
#4386 = ORIENTED_EDGE('',*,*,#4380,.F.);
#4387 = CYLINDRICAL_SURFACE('',#4388,0.4);
#4388 = AXIS2_PLACEMENT_3D('',#4389,#4390,#4391);
#4389 = CARTESIAN_POINT('',(60.79,-109.4,-4.6E-02));
#4390 = DIRECTION('',(-0.,-0.,-1.));
#4391 = DIRECTION('',(-0.,-1.,0.));
#4392 = ADVANCED_FACE('',(#4393),#4404,.F.);
#4393 = FACE_BOUND('',#4394,.T.);
#4394 = EDGE_LOOP('',(#4395,#4396,#4402,#4403));
#4395 = ORIENTED_EDGE('',*,*,#317,.T.);
#4396 = ORIENTED_EDGE('',*,*,#4397,.T.);
#4397 = EDGE_CURVE('',#318,#2312,#4398,.T.);
#4398 = LINE('',#4399,#4400);
#4399 = CARTESIAN_POINT('',(68.41,-109.8,-4.6E-02));
#4400 = VECTOR('',#4401,1.);
#4401 = DIRECTION('',(0.,0.,1.));
#4402 = ORIENTED_EDGE('',*,*,#2311,.F.);
#4403 = ORIENTED_EDGE('',*,*,#4397,.F.);
#4404 = CYLINDRICAL_SURFACE('',#4405,0.4);
#4405 = AXIS2_PLACEMENT_3D('',#4406,#4407,#4408);
#4406 = CARTESIAN_POINT('',(68.41,-109.4,-4.6E-02));
#4407 = DIRECTION('',(-0.,-0.,-1.));
#4408 = DIRECTION('',(-0.,-1.,0.));
#4409 = ADVANCED_FACE('',(#4410),#4421,.F.);
#4410 = FACE_BOUND('',#4411,.T.);
#4411 = EDGE_LOOP('',(#4412,#4413,#4419,#4420));
#4412 = ORIENTED_EDGE('',*,*,#328,.T.);
#4413 = ORIENTED_EDGE('',*,*,#4414,.T.);
#4414 = EDGE_CURVE('',#329,#2323,#4415,.T.);
#4415 = LINE('',#4416,#4417);
#4416 = CARTESIAN_POINT('',(74.1,-109.8,-4.6E-02));
#4417 = VECTOR('',#4418,1.);
#4418 = DIRECTION('',(0.,0.,1.));
#4419 = ORIENTED_EDGE('',*,*,#2322,.F.);
#4420 = ORIENTED_EDGE('',*,*,#4414,.F.);
#4421 = CYLINDRICAL_SURFACE('',#4422,0.4);
#4422 = AXIS2_PLACEMENT_3D('',#4423,#4424,#4425);
#4423 = CARTESIAN_POINT('',(74.1,-109.4,-4.6E-02));
#4424 = DIRECTION('',(-0.,-0.,-1.));
#4425 = DIRECTION('',(-0.,-1.,0.));
#4426 = ADVANCED_FACE('',(#4427),#4438,.F.);
#4427 = FACE_BOUND('',#4428,.T.);
#4428 = EDGE_LOOP('',(#4429,#4430,#4436,#4437));
#4429 = ORIENTED_EDGE('',*,*,#339,.T.);
#4430 = ORIENTED_EDGE('',*,*,#4431,.T.);
#4431 = EDGE_CURVE('',#340,#2334,#4432,.T.);
#4432 = LINE('',#4433,#4434);
#4433 = CARTESIAN_POINT('',(79.1,-109.8,-4.6E-02));
#4434 = VECTOR('',#4435,1.);
#4435 = DIRECTION('',(0.,0.,1.));
#4436 = ORIENTED_EDGE('',*,*,#2333,.F.);
#4437 = ORIENTED_EDGE('',*,*,#4431,.F.);
#4438 = CYLINDRICAL_SURFACE('',#4439,0.4);
#4439 = AXIS2_PLACEMENT_3D('',#4440,#4441,#4442);
#4440 = CARTESIAN_POINT('',(79.1,-109.4,-4.6E-02));
#4441 = DIRECTION('',(-0.,-0.,-1.));
#4442 = DIRECTION('',(-0.,-1.,0.));
#4443 = ADVANCED_FACE('',(#4444),#4455,.F.);
#4444 = FACE_BOUND('',#4445,.T.);
#4445 = EDGE_LOOP('',(#4446,#4447,#4453,#4454));
#4446 = ORIENTED_EDGE('',*,*,#350,.T.);
#4447 = ORIENTED_EDGE('',*,*,#4448,.T.);
#4448 = EDGE_CURVE('',#351,#2345,#4449,.T.);
#4449 = LINE('',#4450,#4451);
#4450 = CARTESIAN_POINT('',(56.6,-106.1,-4.6E-02));
#4451 = VECTOR('',#4452,1.);
#4452 = DIRECTION('',(0.,0.,1.));
#4453 = ORIENTED_EDGE('',*,*,#2344,.F.);
#4454 = ORIENTED_EDGE('',*,*,#4448,.F.);
#4455 = CYLINDRICAL_SURFACE('',#4456,0.4);
#4456 = AXIS2_PLACEMENT_3D('',#4457,#4458,#4459);
#4457 = CARTESIAN_POINT('',(56.6,-105.7,-4.6E-02));
#4458 = DIRECTION('',(-0.,-0.,-1.));
#4459 = DIRECTION('',(-0.,-1.,0.));
#4460 = ADVANCED_FACE('',(#4461),#4472,.F.);
#4461 = FACE_BOUND('',#4462,.T.);
#4462 = EDGE_LOOP('',(#4463,#4464,#4470,#4471));
#4463 = ORIENTED_EDGE('',*,*,#361,.T.);
#4464 = ORIENTED_EDGE('',*,*,#4465,.T.);
#4465 = EDGE_CURVE('',#362,#2356,#4466,.T.);
#4466 = LINE('',#4467,#4468);
#4467 = CARTESIAN_POINT('',(60.79,-106.2,-4.6E-02));
#4468 = VECTOR('',#4469,1.);
#4469 = DIRECTION('',(0.,0.,1.));
#4470 = ORIENTED_EDGE('',*,*,#2355,.F.);
#4471 = ORIENTED_EDGE('',*,*,#4465,.F.);
#4472 = CYLINDRICAL_SURFACE('',#4473,0.4);
#4473 = AXIS2_PLACEMENT_3D('',#4474,#4475,#4476);
#4474 = CARTESIAN_POINT('',(60.79,-105.8,-4.6E-02));
#4475 = DIRECTION('',(-0.,-0.,-1.));
#4476 = DIRECTION('',(-0.,-1.,0.));
#4477 = ADVANCED_FACE('',(#4478),#4489,.F.);
#4478 = FACE_BOUND('',#4479,.T.);
#4479 = EDGE_LOOP('',(#4480,#4481,#4487,#4488));
#4480 = ORIENTED_EDGE('',*,*,#372,.T.);
#4481 = ORIENTED_EDGE('',*,*,#4482,.T.);
#4482 = EDGE_CURVE('',#373,#2367,#4483,.T.);
#4483 = LINE('',#4484,#4485);
#4484 = CARTESIAN_POINT('',(68.41,-106.2,-4.6E-02));
#4485 = VECTOR('',#4486,1.);
#4486 = DIRECTION('',(0.,0.,1.));
#4487 = ORIENTED_EDGE('',*,*,#2366,.F.);
#4488 = ORIENTED_EDGE('',*,*,#4482,.F.);
#4489 = CYLINDRICAL_SURFACE('',#4490,0.4);
#4490 = AXIS2_PLACEMENT_3D('',#4491,#4492,#4493);
#4491 = CARTESIAN_POINT('',(68.41,-105.8,-4.6E-02));
#4492 = DIRECTION('',(-0.,-0.,-1.));
#4493 = DIRECTION('',(-0.,-1.,0.));
#4494 = ADVANCED_FACE('',(#4495),#4506,.F.);
#4495 = FACE_BOUND('',#4496,.T.);
#4496 = EDGE_LOOP('',(#4497,#4498,#4504,#4505));
#4497 = ORIENTED_EDGE('',*,*,#383,.T.);
#4498 = ORIENTED_EDGE('',*,*,#4499,.T.);
#4499 = EDGE_CURVE('',#384,#2378,#4500,.T.);
#4500 = LINE('',#4501,#4502);
#4501 = CARTESIAN_POINT('',(83.8,-109.8,-4.6E-02));
#4502 = VECTOR('',#4503,1.);
#4503 = DIRECTION('',(0.,0.,1.));
#4504 = ORIENTED_EDGE('',*,*,#2377,.F.);
#4505 = ORIENTED_EDGE('',*,*,#4499,.F.);
#4506 = CYLINDRICAL_SURFACE('',#4507,0.4);
#4507 = AXIS2_PLACEMENT_3D('',#4508,#4509,#4510);
#4508 = CARTESIAN_POINT('',(83.8,-109.4,-4.6E-02));
#4509 = DIRECTION('',(-0.,-0.,-1.));
#4510 = DIRECTION('',(-3.552713678801E-14,-1.,0.));
#4511 = ADVANCED_FACE('',(#4512),#4523,.F.);
#4512 = FACE_BOUND('',#4513,.T.);
#4513 = EDGE_LOOP('',(#4514,#4515,#4521,#4522));
#4514 = ORIENTED_EDGE('',*,*,#394,.T.);
#4515 = ORIENTED_EDGE('',*,*,#4516,.T.);
#4516 = EDGE_CURVE('',#395,#2389,#4517,.T.);
#4517 = LINE('',#4518,#4519);
#4518 = CARTESIAN_POINT('',(91.42,-109.8,-4.6E-02));
#4519 = VECTOR('',#4520,1.);
#4520 = DIRECTION('',(0.,0.,1.));
#4521 = ORIENTED_EDGE('',*,*,#2388,.F.);
#4522 = ORIENTED_EDGE('',*,*,#4516,.F.);
#4523 = CYLINDRICAL_SURFACE('',#4524,0.4);
#4524 = AXIS2_PLACEMENT_3D('',#4525,#4526,#4527);
#4525 = CARTESIAN_POINT('',(91.42,-109.4,-4.6E-02));
#4526 = DIRECTION('',(-0.,0.,-1.));
#4527 = DIRECTION('',(3.5527136788E-14,-1.,-0.));
#4528 = ADVANCED_FACE('',(#4529),#4540,.F.);
#4529 = FACE_BOUND('',#4530,.T.);
#4530 = EDGE_LOOP('',(#4531,#4532,#4538,#4539));
#4531 = ORIENTED_EDGE('',*,*,#405,.T.);
#4532 = ORIENTED_EDGE('',*,*,#4533,.T.);
#4533 = EDGE_CURVE('',#406,#2400,#4534,.T.);
#4534 = LINE('',#4535,#4536);
#4535 = CARTESIAN_POINT('',(56.6,-101.1,-4.6E-02));
#4536 = VECTOR('',#4537,1.);
#4537 = DIRECTION('',(0.,0.,1.));
#4538 = ORIENTED_EDGE('',*,*,#2399,.F.);
#4539 = ORIENTED_EDGE('',*,*,#4533,.F.);
#4540 = CYLINDRICAL_SURFACE('',#4541,0.4);
#4541 = AXIS2_PLACEMENT_3D('',#4542,#4543,#4544);
#4542 = CARTESIAN_POINT('',(56.6,-100.7,-4.6E-02));
#4543 = DIRECTION('',(-0.,-0.,-1.));
#4544 = DIRECTION('',(-0.,-1.,0.));
#4545 = ADVANCED_FACE('',(#4546),#4557,.F.);
#4546 = FACE_BOUND('',#4547,.T.);
#4547 = EDGE_LOOP('',(#4548,#4549,#4555,#4556));
#4548 = ORIENTED_EDGE('',*,*,#416,.T.);
#4549 = ORIENTED_EDGE('',*,*,#4550,.T.);
#4550 = EDGE_CURVE('',#417,#2411,#4551,.T.);
#4551 = LINE('',#4552,#4553);
#4552 = CARTESIAN_POINT('',(73.6,-100.,-4.6E-02));
#4553 = VECTOR('',#4554,1.);
#4554 = DIRECTION('',(0.,0.,1.));
#4555 = ORIENTED_EDGE('',*,*,#2410,.F.);
#4556 = ORIENTED_EDGE('',*,*,#4550,.F.);
#4557 = CYLINDRICAL_SURFACE('',#4558,0.4);
#4558 = AXIS2_PLACEMENT_3D('',#4559,#4560,#4561);
#4559 = CARTESIAN_POINT('',(73.6,-99.6,-4.6E-02));
#4560 = DIRECTION('',(-0.,-0.,-1.));
#4561 = DIRECTION('',(-0.,-1.,0.));
#4562 = ADVANCED_FACE('',(#4563),#4574,.F.);
#4563 = FACE_BOUND('',#4564,.T.);
#4564 = EDGE_LOOP('',(#4565,#4566,#4572,#4573));
#4565 = ORIENTED_EDGE('',*,*,#427,.T.);
#4566 = ORIENTED_EDGE('',*,*,#4567,.T.);
#4567 = EDGE_CURVE('',#428,#2422,#4568,.T.);
#4568 = LINE('',#4569,#4570);
#4569 = CARTESIAN_POINT('',(81.22,-100.,-4.6E-02));
#4570 = VECTOR('',#4571,1.);
#4571 = DIRECTION('',(0.,0.,1.));
#4572 = ORIENTED_EDGE('',*,*,#2421,.F.);
#4573 = ORIENTED_EDGE('',*,*,#4567,.F.);
#4574 = CYLINDRICAL_SURFACE('',#4575,0.4);
#4575 = AXIS2_PLACEMENT_3D('',#4576,#4577,#4578);
#4576 = CARTESIAN_POINT('',(81.22,-99.6,-4.6E-02));
#4577 = DIRECTION('',(-0.,-0.,-1.));
#4578 = DIRECTION('',(-0.,-1.,0.));
#4579 = ADVANCED_FACE('',(#4580),#4591,.F.);
#4580 = FACE_BOUND('',#4581,.T.);
#4581 = EDGE_LOOP('',(#4582,#4583,#4589,#4590));
#4582 = ORIENTED_EDGE('',*,*,#438,.T.);
#4583 = ORIENTED_EDGE('',*,*,#4584,.T.);
#4584 = EDGE_CURVE('',#439,#2433,#4585,.T.);
#4585 = LINE('',#4586,#4587);
#4586 = CARTESIAN_POINT('',(87.06,-100.,-4.6E-02));
#4587 = VECTOR('',#4588,1.);
#4588 = DIRECTION('',(0.,0.,1.));
#4589 = ORIENTED_EDGE('',*,*,#2432,.F.);
#4590 = ORIENTED_EDGE('',*,*,#4584,.F.);
#4591 = CYLINDRICAL_SURFACE('',#4592,0.4);
#4592 = AXIS2_PLACEMENT_3D('',#4593,#4594,#4595);
#4593 = CARTESIAN_POINT('',(87.06,-99.6,-4.6E-02));
#4594 = DIRECTION('',(-0.,-0.,-1.));
#4595 = DIRECTION('',(-0.,-1.,0.));
#4596 = ADVANCED_FACE('',(#4597),#4608,.F.);
#4597 = FACE_BOUND('',#4598,.T.);
#4598 = EDGE_LOOP('',(#4599,#4600,#4606,#4607));
#4599 = ORIENTED_EDGE('',*,*,#449,.T.);
#4600 = ORIENTED_EDGE('',*,*,#4601,.T.);
#4601 = EDGE_CURVE('',#450,#2444,#4602,.T.);
#4602 = LINE('',#4603,#4604);
#4603 = CARTESIAN_POINT('',(89.6,-100.,-4.6E-02));
#4604 = VECTOR('',#4605,1.);
#4605 = DIRECTION('',(0.,0.,1.));
#4606 = ORIENTED_EDGE('',*,*,#2443,.F.);
#4607 = ORIENTED_EDGE('',*,*,#4601,.F.);
#4608 = CYLINDRICAL_SURFACE('',#4609,0.4);
#4609 = AXIS2_PLACEMENT_3D('',#4610,#4611,#4612);
#4610 = CARTESIAN_POINT('',(89.6,-99.6,-4.6E-02));
#4611 = DIRECTION('',(-0.,-0.,-1.));
#4612 = DIRECTION('',(-0.,-1.,0.));
#4613 = ADVANCED_FACE('',(#4614),#4625,.F.);
#4614 = FACE_BOUND('',#4615,.T.);
#4615 = EDGE_LOOP('',(#4616,#4617,#4623,#4624));
#4616 = ORIENTED_EDGE('',*,*,#460,.T.);
#4617 = ORIENTED_EDGE('',*,*,#4618,.T.);
#4618 = EDGE_CURVE('',#461,#2455,#4619,.T.);
#4619 = LINE('',#4620,#4621);
#4620 = CARTESIAN_POINT('',(92.14,-100.,-4.6E-02));
#4621 = VECTOR('',#4622,1.);
#4622 = DIRECTION('',(0.,0.,1.));
#4623 = ORIENTED_EDGE('',*,*,#2454,.F.);
#4624 = ORIENTED_EDGE('',*,*,#4618,.F.);
#4625 = CYLINDRICAL_SURFACE('',#4626,0.4);
#4626 = AXIS2_PLACEMENT_3D('',#4627,#4628,#4629);
#4627 = CARTESIAN_POINT('',(92.14,-99.6,-4.6E-02));
#4628 = DIRECTION('',(-0.,-0.,-1.));
#4629 = DIRECTION('',(-0.,-1.,0.));
#4630 = ADVANCED_FACE('',(#4631),#4642,.F.);
#4631 = FACE_BOUND('',#4632,.T.);
#4632 = EDGE_LOOP('',(#4633,#4634,#4640,#4641));
#4633 = ORIENTED_EDGE('',*,*,#471,.T.);
#4634 = ORIENTED_EDGE('',*,*,#4635,.T.);
#4635 = EDGE_CURVE('',#472,#2466,#4636,.T.);
#4636 = LINE('',#4637,#4638);
#4637 = CARTESIAN_POINT('',(98.,-100.,-4.6E-02));
#4638 = VECTOR('',#4639,1.);
#4639 = DIRECTION('',(0.,0.,1.));
#4640 = ORIENTED_EDGE('',*,*,#2465,.F.);
#4641 = ORIENTED_EDGE('',*,*,#4635,.F.);
#4642 = CYLINDRICAL_SURFACE('',#4643,0.4);
#4643 = AXIS2_PLACEMENT_3D('',#4644,#4645,#4646);
#4644 = CARTESIAN_POINT('',(98.,-99.6,-4.6E-02));
#4645 = DIRECTION('',(-0.,-0.,-1.));
#4646 = DIRECTION('',(-0.,-1.,0.));
#4647 = ADVANCED_FACE('',(#4648),#4659,.F.);
#4648 = FACE_BOUND('',#4649,.T.);
#4649 = EDGE_LOOP('',(#4650,#4651,#4657,#4658));
#4650 = ORIENTED_EDGE('',*,*,#482,.T.);
#4651 = ORIENTED_EDGE('',*,*,#4652,.T.);
#4652 = EDGE_CURVE('',#483,#2477,#4653,.T.);
#4653 = LINE('',#4654,#4655);
#4654 = CARTESIAN_POINT('',(106.,-109.8,-4.6E-02));
#4655 = VECTOR('',#4656,1.);
#4656 = DIRECTION('',(0.,0.,1.));
#4657 = ORIENTED_EDGE('',*,*,#2476,.F.);
#4658 = ORIENTED_EDGE('',*,*,#4652,.F.);
#4659 = CYLINDRICAL_SURFACE('',#4660,0.4);
#4660 = AXIS2_PLACEMENT_3D('',#4661,#4662,#4663);
#4661 = CARTESIAN_POINT('',(106.,-109.4,-4.6E-02));
#4662 = DIRECTION('',(-0.,-0.,-1.));
#4663 = DIRECTION('',(-0.,-1.,0.));
#4664 = ADVANCED_FACE('',(#4665),#4676,.F.);
#4665 = FACE_BOUND('',#4666,.T.);
#4666 = EDGE_LOOP('',(#4667,#4668,#4674,#4675));
#4667 = ORIENTED_EDGE('',*,*,#493,.T.);
#4668 = ORIENTED_EDGE('',*,*,#4669,.T.);
#4669 = EDGE_CURVE('',#494,#2488,#4670,.T.);
#4670 = LINE('',#4671,#4672);
#4671 = CARTESIAN_POINT('',(113.62,-109.8,-4.6E-02));
#4672 = VECTOR('',#4673,1.);
#4673 = DIRECTION('',(0.,0.,1.));
#4674 = ORIENTED_EDGE('',*,*,#2487,.F.);
#4675 = ORIENTED_EDGE('',*,*,#4669,.F.);
#4676 = CYLINDRICAL_SURFACE('',#4677,0.4);
#4677 = AXIS2_PLACEMENT_3D('',#4678,#4679,#4680);
#4678 = CARTESIAN_POINT('',(113.62,-109.4,-4.6E-02));
#4679 = DIRECTION('',(-0.,-0.,-1.));
#4680 = DIRECTION('',(-0.,-1.,0.));
#4681 = ADVANCED_FACE('',(#4682),#4693,.F.);
#4682 = FACE_BOUND('',#4683,.T.);
#4683 = EDGE_LOOP('',(#4684,#4685,#4691,#4692));
#4684 = ORIENTED_EDGE('',*,*,#504,.T.);
#4685 = ORIENTED_EDGE('',*,*,#4686,.T.);
#4686 = EDGE_CURVE('',#505,#2499,#4687,.T.);
#4687 = LINE('',#4688,#4689);
#4688 = CARTESIAN_POINT('',(106.,-106.2,-4.6E-02));
#4689 = VECTOR('',#4690,1.);
#4690 = DIRECTION('',(0.,0.,1.));
#4691 = ORIENTED_EDGE('',*,*,#2498,.F.);
#4692 = ORIENTED_EDGE('',*,*,#4686,.F.);
#4693 = CYLINDRICAL_SURFACE('',#4694,0.4);
#4694 = AXIS2_PLACEMENT_3D('',#4695,#4696,#4697);
#4695 = CARTESIAN_POINT('',(106.,-105.8,-4.6E-02));
#4696 = DIRECTION('',(-0.,-0.,-1.));
#4697 = DIRECTION('',(-0.,-1.,0.));
#4698 = ADVANCED_FACE('',(#4699),#4710,.F.);
#4699 = FACE_BOUND('',#4700,.T.);
#4700 = EDGE_LOOP('',(#4701,#4702,#4708,#4709));
#4701 = ORIENTED_EDGE('',*,*,#515,.T.);
#4702 = ORIENTED_EDGE('',*,*,#4703,.T.);
#4703 = EDGE_CURVE('',#516,#2510,#4704,.T.);
#4704 = LINE('',#4705,#4706);
#4705 = CARTESIAN_POINT('',(113.62,-106.2,-4.6E-02));
#4706 = VECTOR('',#4707,1.);
#4707 = DIRECTION('',(0.,0.,1.));
#4708 = ORIENTED_EDGE('',*,*,#2509,.F.);
#4709 = ORIENTED_EDGE('',*,*,#4703,.F.);
#4710 = CYLINDRICAL_SURFACE('',#4711,0.4);
#4711 = AXIS2_PLACEMENT_3D('',#4712,#4713,#4714);
#4712 = CARTESIAN_POINT('',(113.62,-105.8,-4.6E-02));
#4713 = DIRECTION('',(-0.,-0.,-1.));
#4714 = DIRECTION('',(-0.,-1.,0.));
#4715 = ADVANCED_FACE('',(#4716),#4727,.F.);
#4716 = FACE_BOUND('',#4717,.T.);
#4717 = EDGE_LOOP('',(#4718,#4719,#4725,#4726));
#4718 = ORIENTED_EDGE('',*,*,#526,.T.);
#4719 = ORIENTED_EDGE('',*,*,#4720,.T.);
#4720 = EDGE_CURVE('',#527,#2521,#4721,.T.);
#4721 = LINE('',#4722,#4723);
#4722 = CARTESIAN_POINT('',(105.62,-100.,-4.6E-02));
#4723 = VECTOR('',#4724,1.);
#4724 = DIRECTION('',(0.,0.,1.));
#4725 = ORIENTED_EDGE('',*,*,#2520,.F.);
#4726 = ORIENTED_EDGE('',*,*,#4720,.F.);
#4727 = CYLINDRICAL_SURFACE('',#4728,0.4);
#4728 = AXIS2_PLACEMENT_3D('',#4729,#4730,#4731);
#4729 = CARTESIAN_POINT('',(105.62,-99.6,-4.6E-02));
#4730 = DIRECTION('',(-0.,-0.,-1.));
#4731 = DIRECTION('',(-0.,-1.,0.));
#4732 = ADVANCED_FACE('',(#4733),#4744,.F.);
#4733 = FACE_BOUND('',#4734,.T.);
#4734 = EDGE_LOOP('',(#4735,#4736,#4742,#4743));
#4735 = ORIENTED_EDGE('',*,*,#537,.T.);
#4736 = ORIENTED_EDGE('',*,*,#4737,.T.);
#4737 = EDGE_CURVE('',#538,#2532,#4738,.T.);
#4738 = LINE('',#4739,#4740);
#4739 = CARTESIAN_POINT('',(120.8,-100.,-4.6E-02));
#4740 = VECTOR('',#4741,1.);
#4741 = DIRECTION('',(0.,0.,1.));
#4742 = ORIENTED_EDGE('',*,*,#2531,.F.);
#4743 = ORIENTED_EDGE('',*,*,#4737,.F.);
#4744 = CYLINDRICAL_SURFACE('',#4745,0.4);
#4745 = AXIS2_PLACEMENT_3D('',#4746,#4747,#4748);
#4746 = CARTESIAN_POINT('',(120.8,-99.6,-4.6E-02));
#4747 = DIRECTION('',(-0.,-0.,-1.));
#4748 = DIRECTION('',(-3.552713678801E-14,-1.,0.));
#4749 = ADVANCED_FACE('',(#4750),#4761,.F.);
#4750 = FACE_BOUND('',#4751,.T.);
#4751 = EDGE_LOOP('',(#4752,#4753,#4759,#4760));
#4752 = ORIENTED_EDGE('',*,*,#548,.T.);
#4753 = ORIENTED_EDGE('',*,*,#4754,.T.);
#4754 = EDGE_CURVE('',#549,#2543,#4755,.T.);
#4755 = LINE('',#4756,#4757);
#4756 = CARTESIAN_POINT('',(134.8,-99.81,-4.6E-02));
#4757 = VECTOR('',#4758,1.);
#4758 = DIRECTION('',(0.,0.,1.));
#4759 = ORIENTED_EDGE('',*,*,#2542,.F.);
#4760 = ORIENTED_EDGE('',*,*,#4754,.F.);
#4761 = CYLINDRICAL_SURFACE('',#4762,0.4);
#4762 = AXIS2_PLACEMENT_3D('',#4763,#4764,#4765);
#4763 = CARTESIAN_POINT('',(134.8,-99.41,-4.6E-02));
#4764 = DIRECTION('',(-0.,-0.,-1.));
#4765 = DIRECTION('',(-0.,-1.,0.));
#4766 = ADVANCED_FACE('',(#4767),#4778,.F.);
#4767 = FACE_BOUND('',#4768,.T.);
#4768 = EDGE_LOOP('',(#4769,#4770,#4776,#4777));
#4769 = ORIENTED_EDGE('',*,*,#559,.T.);
#4770 = ORIENTED_EDGE('',*,*,#4771,.T.);
#4771 = EDGE_CURVE('',#560,#2554,#4772,.T.);
#4772 = LINE('',#4773,#4774);
#4773 = CARTESIAN_POINT('',(155.6,-119.35,-4.6E-02));
#4774 = VECTOR('',#4775,1.);
#4775 = DIRECTION('',(0.,0.,1.));
#4776 = ORIENTED_EDGE('',*,*,#2553,.F.);
#4777 = ORIENTED_EDGE('',*,*,#4771,.F.);
#4778 = CYLINDRICAL_SURFACE('',#4779,0.6);
#4779 = AXIS2_PLACEMENT_3D('',#4780,#4781,#4782);
#4780 = CARTESIAN_POINT('',(155.6,-118.75,-4.6E-02));
#4781 = DIRECTION('',(-0.,-0.,-1.));
#4782 = DIRECTION('',(-0.,-1.,0.));
#4783 = ADVANCED_FACE('',(#4784),#4795,.F.);
#4784 = FACE_BOUND('',#4785,.T.);
#4785 = EDGE_LOOP('',(#4786,#4787,#4793,#4794));
#4786 = ORIENTED_EDGE('',*,*,#570,.T.);
#4787 = ORIENTED_EDGE('',*,*,#4788,.T.);
#4788 = EDGE_CURVE('',#571,#2565,#4789,.T.);
#4789 = LINE('',#4790,#4791);
#4790 = CARTESIAN_POINT('',(188.05,-120.485,-4.6E-02));
#4791 = VECTOR('',#4792,1.);
#4792 = DIRECTION('',(0.,0.,1.));
#4793 = ORIENTED_EDGE('',*,*,#2564,.F.);
#4794 = ORIENTED_EDGE('',*,*,#4788,.F.);
#4795 = CYLINDRICAL_SURFACE('',#4796,0.4);
#4796 = AXIS2_PLACEMENT_3D('',#4797,#4798,#4799);
#4797 = CARTESIAN_POINT('',(188.05,-120.085,-4.6E-02));
#4798 = DIRECTION('',(-0.,-0.,-1.));
#4799 = DIRECTION('',(-0.,-1.,0.));
#4800 = ADVANCED_FACE('',(#4801),#4812,.F.);
#4801 = FACE_BOUND('',#4802,.T.);
#4802 = EDGE_LOOP('',(#4803,#4804,#4810,#4811));
#4803 = ORIENTED_EDGE('',*,*,#581,.T.);
#4804 = ORIENTED_EDGE('',*,*,#4805,.T.);
#4805 = EDGE_CURVE('',#582,#2576,#4806,.T.);
#4806 = LINE('',#4807,#4808);
#4807 = CARTESIAN_POINT('',(192.25,-120.495,-4.6E-02));
#4808 = VECTOR('',#4809,1.);
#4809 = DIRECTION('',(0.,0.,1.));
#4810 = ORIENTED_EDGE('',*,*,#2575,.F.);
#4811 = ORIENTED_EDGE('',*,*,#4805,.F.);
#4812 = CYLINDRICAL_SURFACE('',#4813,0.4);
#4813 = AXIS2_PLACEMENT_3D('',#4814,#4815,#4816);
#4814 = CARTESIAN_POINT('',(192.25,-120.095,-4.6E-02));
#4815 = DIRECTION('',(-0.,-0.,-1.));
#4816 = DIRECTION('',(-0.,-1.,0.));
#4817 = ADVANCED_FACE('',(#4818),#4834,.F.);
#4818 = FACE_BOUND('',#4819,.T.);
#4819 = EDGE_LOOP('',(#4820,#4821,#4827,#4828));
#4820 = ORIENTED_EDGE('',*,*,#592,.T.);
#4821 = ORIENTED_EDGE('',*,*,#4822,.T.);
#4822 = EDGE_CURVE('',#595,#2589,#4823,.T.);
#4823 = LINE('',#4824,#4825);
#4824 = CARTESIAN_POINT('',(194.9,-120.15,-4.6E-02));
#4825 = VECTOR('',#4826,1.);
#4826 = DIRECTION('',(0.,0.,1.));
#4827 = ORIENTED_EDGE('',*,*,#2586,.F.);
#4828 = ORIENTED_EDGE('',*,*,#4829,.F.);
#4829 = EDGE_CURVE('',#593,#2587,#4830,.T.);
#4830 = LINE('',#4831,#4832);
#4831 = CARTESIAN_POINT('',(196.1,-120.15,-4.6E-02));
#4832 = VECTOR('',#4833,1.);
#4833 = DIRECTION('',(0.,0.,1.));
#4834 = CYLINDRICAL_SURFACE('',#4835,0.6);
#4835 = AXIS2_PLACEMENT_3D('',#4836,#4837,#4838);
#4836 = CARTESIAN_POINT('',(195.5,-120.15,-4.6E-02));
#4837 = DIRECTION('',(-0.,-0.,-1.));
#4838 = DIRECTION('',(-1.,-2.368475785867E-14,0.));
#4839 = ADVANCED_FACE('',(#4840),#4851,.T.);
#4840 = FACE_BOUND('',#4841,.T.);
#4841 = EDGE_LOOP('',(#4842,#4843,#4844,#4845));
#4842 = ORIENTED_EDGE('',*,*,#620,.T.);
#4843 = ORIENTED_EDGE('',*,*,#4829,.T.);
#4844 = ORIENTED_EDGE('',*,*,#2614,.F.);
#4845 = ORIENTED_EDGE('',*,*,#4846,.F.);
#4846 = EDGE_CURVE('',#612,#2606,#4847,.T.);
#4847 = LINE('',#4848,#4849);
#4848 = CARTESIAN_POINT('',(196.1,-119.85,-4.6E-02));
#4849 = VECTOR('',#4850,1.);
#4850 = DIRECTION('',(0.,0.,1.));
#4851 = PLANE('',#4852);
#4852 = AXIS2_PLACEMENT_3D('',#4853,#4854,#4855);
#4853 = CARTESIAN_POINT('',(196.1,-120.15,-4.6E-02));
#4854 = DIRECTION('',(-1.,0.,0.));
#4855 = DIRECTION('',(0.,1.,0.));
#4856 = ADVANCED_FACE('',(#4857),#4868,.F.);
#4857 = FACE_BOUND('',#4858,.T.);
#4858 = EDGE_LOOP('',(#4859,#4860,#4861,#4862));
#4859 = ORIENTED_EDGE('',*,*,#611,.T.);
#4860 = ORIENTED_EDGE('',*,*,#4846,.T.);
#4861 = ORIENTED_EDGE('',*,*,#2605,.F.);
#4862 = ORIENTED_EDGE('',*,*,#4863,.F.);
#4863 = EDGE_CURVE('',#604,#2598,#4864,.T.);
#4864 = LINE('',#4865,#4866);
#4865 = CARTESIAN_POINT('',(194.9,-119.85,-4.6E-02));
#4866 = VECTOR('',#4867,1.);
#4867 = DIRECTION('',(0.,0.,1.));
#4868 = CYLINDRICAL_SURFACE('',#4869,0.6);
#4869 = AXIS2_PLACEMENT_3D('',#4870,#4871,#4872);
#4870 = CARTESIAN_POINT('',(195.5,-119.85,-4.6E-02));
#4871 = DIRECTION('',(-0.,-0.,-1.));
#4872 = DIRECTION('',(1.,2.368475785867E-14,-0.));
#4873 = ADVANCED_FACE('',(#4874),#4880,.T.);
#4874 = FACE_BOUND('',#4875,.T.);
#4875 = EDGE_LOOP('',(#4876,#4877,#4878,#4879));
#4876 = ORIENTED_EDGE('',*,*,#603,.T.);
#4877 = ORIENTED_EDGE('',*,*,#4863,.T.);
#4878 = ORIENTED_EDGE('',*,*,#2597,.F.);
#4879 = ORIENTED_EDGE('',*,*,#4822,.F.);
#4880 = PLANE('',#4881);
#4881 = AXIS2_PLACEMENT_3D('',#4882,#4883,#4884);
#4882 = CARTESIAN_POINT('',(194.9,-119.85,-4.6E-02));
#4883 = DIRECTION('',(1.,0.,-0.));
#4884 = DIRECTION('',(0.,-1.,0.));
#4885 = ADVANCED_FACE('',(#4886),#4902,.F.);
#4886 = FACE_BOUND('',#4887,.T.);
#4887 = EDGE_LOOP('',(#4888,#4889,#4895,#4896));
#4888 = ORIENTED_EDGE('',*,*,#628,.T.);
#4889 = ORIENTED_EDGE('',*,*,#4890,.T.);
#4890 = EDGE_CURVE('',#631,#2625,#4891,.T.);
#4891 = LINE('',#4892,#4893);
#4892 = CARTESIAN_POINT('',(194.9,-116.15,-4.6E-02));
#4893 = VECTOR('',#4894,1.);
#4894 = DIRECTION('',(0.,0.,1.));
#4895 = ORIENTED_EDGE('',*,*,#2622,.F.);
#4896 = ORIENTED_EDGE('',*,*,#4897,.F.);
#4897 = EDGE_CURVE('',#629,#2623,#4898,.T.);
#4898 = LINE('',#4899,#4900);
#4899 = CARTESIAN_POINT('',(196.1,-116.15,-4.6E-02));
#4900 = VECTOR('',#4901,1.);
#4901 = DIRECTION('',(0.,0.,1.));
#4902 = CYLINDRICAL_SURFACE('',#4903,0.6);
#4903 = AXIS2_PLACEMENT_3D('',#4904,#4905,#4906);
#4904 = CARTESIAN_POINT('',(195.5,-116.15,-4.6E-02));
#4905 = DIRECTION('',(-0.,-0.,-1.));
#4906 = DIRECTION('',(-1.,-2.368475785867E-14,0.));
#4907 = ADVANCED_FACE('',(#4908),#4919,.T.);
#4908 = FACE_BOUND('',#4909,.T.);
#4909 = EDGE_LOOP('',(#4910,#4911,#4912,#4913));
#4910 = ORIENTED_EDGE('',*,*,#656,.T.);
#4911 = ORIENTED_EDGE('',*,*,#4897,.T.);
#4912 = ORIENTED_EDGE('',*,*,#2650,.F.);
#4913 = ORIENTED_EDGE('',*,*,#4914,.F.);
#4914 = EDGE_CURVE('',#648,#2642,#4915,.T.);
#4915 = LINE('',#4916,#4917);
#4916 = CARTESIAN_POINT('',(196.1,-115.85,-4.6E-02));
#4917 = VECTOR('',#4918,1.);
#4918 = DIRECTION('',(0.,0.,1.));
#4919 = PLANE('',#4920);
#4920 = AXIS2_PLACEMENT_3D('',#4921,#4922,#4923);
#4921 = CARTESIAN_POINT('',(196.1,-116.15,-4.6E-02));
#4922 = DIRECTION('',(-1.,0.,0.));
#4923 = DIRECTION('',(0.,1.,0.));
#4924 = ADVANCED_FACE('',(#4925),#4936,.F.);
#4925 = FACE_BOUND('',#4926,.T.);
#4926 = EDGE_LOOP('',(#4927,#4928,#4929,#4930));
#4927 = ORIENTED_EDGE('',*,*,#647,.T.);
#4928 = ORIENTED_EDGE('',*,*,#4914,.T.);
#4929 = ORIENTED_EDGE('',*,*,#2641,.F.);
#4930 = ORIENTED_EDGE('',*,*,#4931,.F.);
#4931 = EDGE_CURVE('',#640,#2634,#4932,.T.);
#4932 = LINE('',#4933,#4934);
#4933 = CARTESIAN_POINT('',(194.9,-115.85,-4.6E-02));
#4934 = VECTOR('',#4935,1.);
#4935 = DIRECTION('',(0.,0.,1.));
#4936 = CYLINDRICAL_SURFACE('',#4937,0.6);
#4937 = AXIS2_PLACEMENT_3D('',#4938,#4939,#4940);
#4938 = CARTESIAN_POINT('',(195.5,-115.85,-4.6E-02));
#4939 = DIRECTION('',(-0.,-0.,-1.));
#4940 = DIRECTION('',(1.,2.368475785867E-14,-0.));
#4941 = ADVANCED_FACE('',(#4942),#4948,.T.);
#4942 = FACE_BOUND('',#4943,.T.);
#4943 = EDGE_LOOP('',(#4944,#4945,#4946,#4947));
#4944 = ORIENTED_EDGE('',*,*,#639,.T.);
#4945 = ORIENTED_EDGE('',*,*,#4931,.T.);
#4946 = ORIENTED_EDGE('',*,*,#2633,.F.);
#4947 = ORIENTED_EDGE('',*,*,#4890,.F.);
#4948 = PLANE('',#4949);
#4949 = AXIS2_PLACEMENT_3D('',#4950,#4951,#4952);
#4950 = CARTESIAN_POINT('',(194.9,-115.85,-4.6E-02));
#4951 = DIRECTION('',(1.,0.,-0.));
#4952 = DIRECTION('',(0.,-1.,0.));
#4953 = ADVANCED_FACE('',(#4954),#4965,.F.);
#4954 = FACE_BOUND('',#4955,.T.);
#4955 = EDGE_LOOP('',(#4956,#4957,#4963,#4964));
#4956 = ORIENTED_EDGE('',*,*,#664,.T.);
#4957 = ORIENTED_EDGE('',*,*,#4958,.T.);
#4958 = EDGE_CURVE('',#665,#2659,#4959,.T.);
#4959 = LINE('',#4960,#4961);
#4960 = CARTESIAN_POINT('',(168.46,-115.295,-4.6E-02));
#4961 = VECTOR('',#4962,1.);
#4962 = DIRECTION('',(0.,0.,1.));
#4963 = ORIENTED_EDGE('',*,*,#2658,.F.);
#4964 = ORIENTED_EDGE('',*,*,#4958,.F.);
#4965 = CYLINDRICAL_SURFACE('',#4966,0.55);
#4966 = AXIS2_PLACEMENT_3D('',#4967,#4968,#4969);
#4967 = CARTESIAN_POINT('',(168.46,-114.745,-4.6E-02));
#4968 = DIRECTION('',(-0.,0.,-1.));
#4969 = DIRECTION('',(5.167583532801E-14,-1.,-0.));
#4970 = ADVANCED_FACE('',(#4971),#4982,.F.);
#4971 = FACE_BOUND('',#4972,.T.);
#4972 = EDGE_LOOP('',(#4973,#4974,#4980,#4981));
#4973 = ORIENTED_EDGE('',*,*,#675,.T.);
#4974 = ORIENTED_EDGE('',*,*,#4975,.T.);
#4975 = EDGE_CURVE('',#676,#2670,#4976,.T.);
#4976 = LINE('',#4977,#4978);
#4977 = CARTESIAN_POINT('',(171.,-115.295,-4.6E-02));
#4978 = VECTOR('',#4979,1.);
#4979 = DIRECTION('',(0.,0.,1.));
#4980 = ORIENTED_EDGE('',*,*,#2669,.F.);
#4981 = ORIENTED_EDGE('',*,*,#4975,.F.);
#4982 = CYLINDRICAL_SURFACE('',#4983,0.55);
#4983 = AXIS2_PLACEMENT_3D('',#4984,#4985,#4986);
#4984 = CARTESIAN_POINT('',(171.,-114.745,-4.6E-02));
#4985 = DIRECTION('',(-0.,-0.,-1.));
#4986 = DIRECTION('',(-0.,-1.,0.));
#4987 = ADVANCED_FACE('',(#4988),#4999,.F.);
#4988 = FACE_BOUND('',#4989,.T.);
#4989 = EDGE_LOOP('',(#4990,#4991,#4997,#4998));
#4990 = ORIENTED_EDGE('',*,*,#686,.T.);
#4991 = ORIENTED_EDGE('',*,*,#4992,.T.);
#4992 = EDGE_CURVE('',#687,#2681,#4993,.T.);
#4993 = LINE('',#4994,#4995);
#4994 = CARTESIAN_POINT('',(173.54,-115.295,-4.6E-02));
#4995 = VECTOR('',#4996,1.);
#4996 = DIRECTION('',(0.,0.,1.));
#4997 = ORIENTED_EDGE('',*,*,#2680,.F.);
#4998 = ORIENTED_EDGE('',*,*,#4992,.F.);
#4999 = CYLINDRICAL_SURFACE('',#5000,0.55);
#5000 = AXIS2_PLACEMENT_3D('',#5001,#5002,#5003);
#5001 = CARTESIAN_POINT('',(173.54,-114.745,-4.6E-02));
#5002 = DIRECTION('',(-0.,-0.,-1.));
#5003 = DIRECTION('',(-5.167583532801E-14,-1.,0.));
#5004 = ADVANCED_FACE('',(#5005),#5016,.F.);
#5005 = FACE_BOUND('',#5006,.T.);
#5006 = EDGE_LOOP('',(#5007,#5008,#5014,#5015));
#5007 = ORIENTED_EDGE('',*,*,#697,.T.);
#5008 = ORIENTED_EDGE('',*,*,#5009,.T.);
#5009 = EDGE_CURVE('',#698,#2692,#5010,.T.);
#5010 = LINE('',#5011,#5012);
#5011 = CARTESIAN_POINT('',(188.05,-112.865,-4.6E-02));
#5012 = VECTOR('',#5013,1.);
#5013 = DIRECTION('',(0.,0.,1.));
#5014 = ORIENTED_EDGE('',*,*,#2691,.F.);
#5015 = ORIENTED_EDGE('',*,*,#5009,.F.);
#5016 = CYLINDRICAL_SURFACE('',#5017,0.4);
#5017 = AXIS2_PLACEMENT_3D('',#5018,#5019,#5020);
#5018 = CARTESIAN_POINT('',(188.05,-112.465,-4.6E-02));
#5019 = DIRECTION('',(-0.,-0.,-1.));
#5020 = DIRECTION('',(-0.,-1.,0.));
#5021 = ADVANCED_FACE('',(#5022),#5033,.F.);
#5022 = FACE_BOUND('',#5023,.T.);
#5023 = EDGE_LOOP('',(#5024,#5025,#5031,#5032));
#5024 = ORIENTED_EDGE('',*,*,#708,.T.);
#5025 = ORIENTED_EDGE('',*,*,#5026,.T.);
#5026 = EDGE_CURVE('',#709,#2703,#5027,.T.);
#5027 = LINE('',#5028,#5029);
#5028 = CARTESIAN_POINT('',(192.25,-112.875,-4.6E-02));
#5029 = VECTOR('',#5030,1.);
#5030 = DIRECTION('',(0.,0.,1.));
#5031 = ORIENTED_EDGE('',*,*,#2702,.F.);
#5032 = ORIENTED_EDGE('',*,*,#5026,.F.);
#5033 = CYLINDRICAL_SURFACE('',#5034,0.4);
#5034 = AXIS2_PLACEMENT_3D('',#5035,#5036,#5037);
#5035 = CARTESIAN_POINT('',(192.25,-112.475,-4.6E-02));
#5036 = DIRECTION('',(-0.,-0.,-1.));
#5037 = DIRECTION('',(-0.,-1.,0.));
#5038 = ADVANCED_FACE('',(#5039),#5055,.F.);
#5039 = FACE_BOUND('',#5040,.T.);
#5040 = EDGE_LOOP('',(#5041,#5042,#5048,#5049));
#5041 = ORIENTED_EDGE('',*,*,#719,.T.);
#5042 = ORIENTED_EDGE('',*,*,#5043,.T.);
#5043 = EDGE_CURVE('',#722,#2716,#5044,.T.);
#5044 = LINE('',#5045,#5046);
#5045 = CARTESIAN_POINT('',(194.9,-111.15,-4.6E-02));
#5046 = VECTOR('',#5047,1.);
#5047 = DIRECTION('',(0.,0.,1.));
#5048 = ORIENTED_EDGE('',*,*,#2713,.F.);
#5049 = ORIENTED_EDGE('',*,*,#5050,.F.);
#5050 = EDGE_CURVE('',#720,#2714,#5051,.T.);
#5051 = LINE('',#5052,#5053);
#5052 = CARTESIAN_POINT('',(196.1,-111.15,-4.6E-02));
#5053 = VECTOR('',#5054,1.);
#5054 = DIRECTION('',(0.,0.,1.));
#5055 = CYLINDRICAL_SURFACE('',#5056,0.6);
#5056 = AXIS2_PLACEMENT_3D('',#5057,#5058,#5059);
#5057 = CARTESIAN_POINT('',(195.5,-111.15,-4.6E-02));
#5058 = DIRECTION('',(-0.,-0.,-1.));
#5059 = DIRECTION('',(-1.,-2.368475785867E-14,0.));
#5060 = ADVANCED_FACE('',(#5061),#5072,.T.);
#5061 = FACE_BOUND('',#5062,.T.);
#5062 = EDGE_LOOP('',(#5063,#5064,#5065,#5066));
#5063 = ORIENTED_EDGE('',*,*,#747,.T.);
#5064 = ORIENTED_EDGE('',*,*,#5050,.T.);
#5065 = ORIENTED_EDGE('',*,*,#2741,.F.);
#5066 = ORIENTED_EDGE('',*,*,#5067,.F.);
#5067 = EDGE_CURVE('',#739,#2733,#5068,.T.);
#5068 = LINE('',#5069,#5070);
#5069 = CARTESIAN_POINT('',(196.1,-110.85,-4.6E-02));
#5070 = VECTOR('',#5071,1.);
#5071 = DIRECTION('',(0.,0.,1.));
#5072 = PLANE('',#5073);
#5073 = AXIS2_PLACEMENT_3D('',#5074,#5075,#5076);
#5074 = CARTESIAN_POINT('',(196.1,-111.15,-4.6E-02));
#5075 = DIRECTION('',(-1.,0.,0.));
#5076 = DIRECTION('',(0.,1.,0.));
#5077 = ADVANCED_FACE('',(#5078),#5089,.F.);
#5078 = FACE_BOUND('',#5079,.T.);
#5079 = EDGE_LOOP('',(#5080,#5081,#5082,#5083));
#5080 = ORIENTED_EDGE('',*,*,#738,.T.);
#5081 = ORIENTED_EDGE('',*,*,#5067,.T.);
#5082 = ORIENTED_EDGE('',*,*,#2732,.F.);
#5083 = ORIENTED_EDGE('',*,*,#5084,.F.);
#5084 = EDGE_CURVE('',#731,#2725,#5085,.T.);
#5085 = LINE('',#5086,#5087);
#5086 = CARTESIAN_POINT('',(194.9,-110.85,-4.6E-02));
#5087 = VECTOR('',#5088,1.);
#5088 = DIRECTION('',(0.,0.,1.));
#5089 = CYLINDRICAL_SURFACE('',#5090,0.6);
#5090 = AXIS2_PLACEMENT_3D('',#5091,#5092,#5093);
#5091 = CARTESIAN_POINT('',(195.5,-110.85,-4.6E-02));
#5092 = DIRECTION('',(-0.,-0.,-1.));
#5093 = DIRECTION('',(1.,2.368475785867E-14,-0.));
#5094 = ADVANCED_FACE('',(#5095),#5101,.T.);
#5095 = FACE_BOUND('',#5096,.T.);
#5096 = EDGE_LOOP('',(#5097,#5098,#5099,#5100));
#5097 = ORIENTED_EDGE('',*,*,#730,.T.);
#5098 = ORIENTED_EDGE('',*,*,#5084,.T.);
#5099 = ORIENTED_EDGE('',*,*,#2724,.F.);
#5100 = ORIENTED_EDGE('',*,*,#5043,.F.);
#5101 = PLANE('',#5102);
#5102 = AXIS2_PLACEMENT_3D('',#5103,#5104,#5105);
#5103 = CARTESIAN_POINT('',(194.9,-110.85,-4.6E-02));
#5104 = DIRECTION('',(1.,0.,-0.));
#5105 = DIRECTION('',(0.,-1.,0.));
#5106 = ADVANCED_FACE('',(#5107),#5123,.F.);
#5107 = FACE_BOUND('',#5108,.T.);
#5108 = EDGE_LOOP('',(#5109,#5110,#5116,#5117));
#5109 = ORIENTED_EDGE('',*,*,#755,.T.);
#5110 = ORIENTED_EDGE('',*,*,#5111,.T.);
#5111 = EDGE_CURVE('',#758,#2752,#5112,.T.);
#5112 = LINE('',#5113,#5114);
#5113 = CARTESIAN_POINT('',(204.5,-119.5,-4.6E-02));
#5114 = VECTOR('',#5115,1.);
#5115 = DIRECTION('',(0.,0.,1.));
#5116 = ORIENTED_EDGE('',*,*,#2749,.F.);
#5117 = ORIENTED_EDGE('',*,*,#5118,.F.);
#5118 = EDGE_CURVE('',#756,#2750,#5119,.T.);
#5119 = LINE('',#5120,#5121);
#5120 = CARTESIAN_POINT('',(206.5,-119.5,-4.6E-02));
#5121 = VECTOR('',#5122,1.);
#5122 = DIRECTION('',(0.,0.,1.));
#5123 = CYLINDRICAL_SURFACE('',#5124,1.);
#5124 = AXIS2_PLACEMENT_3D('',#5125,#5126,#5127);
#5125 = CARTESIAN_POINT('',(205.5,-119.5,-4.6E-02));
#5126 = DIRECTION('',(-0.,-0.,-1.));
#5127 = DIRECTION('',(-1.,0.,-0.));
#5128 = ADVANCED_FACE('',(#5129),#5140,.T.);
#5129 = FACE_BOUND('',#5130,.T.);
#5130 = EDGE_LOOP('',(#5131,#5132,#5133,#5134));
#5131 = ORIENTED_EDGE('',*,*,#783,.T.);
#5132 = ORIENTED_EDGE('',*,*,#5118,.T.);
#5133 = ORIENTED_EDGE('',*,*,#2777,.F.);
#5134 = ORIENTED_EDGE('',*,*,#5135,.F.);
#5135 = EDGE_CURVE('',#775,#2769,#5136,.T.);
#5136 = LINE('',#5137,#5138);
#5137 = CARTESIAN_POINT('',(206.5,-117.5,-4.6E-02));
#5138 = VECTOR('',#5139,1.);
#5139 = DIRECTION('',(0.,0.,1.));
#5140 = PLANE('',#5141);
#5141 = AXIS2_PLACEMENT_3D('',#5142,#5143,#5144);
#5142 = CARTESIAN_POINT('',(206.5,-119.5,-4.6E-02));
#5143 = DIRECTION('',(-1.,0.,0.));
#5144 = DIRECTION('',(0.,1.,0.));
#5145 = ADVANCED_FACE('',(#5146),#5157,.F.);
#5146 = FACE_BOUND('',#5147,.T.);
#5147 = EDGE_LOOP('',(#5148,#5149,#5150,#5151));
#5148 = ORIENTED_EDGE('',*,*,#774,.T.);
#5149 = ORIENTED_EDGE('',*,*,#5135,.T.);
#5150 = ORIENTED_EDGE('',*,*,#2768,.F.);
#5151 = ORIENTED_EDGE('',*,*,#5152,.F.);
#5152 = EDGE_CURVE('',#767,#2761,#5153,.T.);
#5153 = LINE('',#5154,#5155);
#5154 = CARTESIAN_POINT('',(204.5,-117.5,-4.6E-02));
#5155 = VECTOR('',#5156,1.);
#5156 = DIRECTION('',(0.,0.,1.));
#5157 = CYLINDRICAL_SURFACE('',#5158,1.);
#5158 = AXIS2_PLACEMENT_3D('',#5159,#5160,#5161);
#5159 = CARTESIAN_POINT('',(205.5,-117.5,-4.6E-02));
#5160 = DIRECTION('',(-0.,-0.,-1.));
#5161 = DIRECTION('',(1.,0.,-0.));
#5162 = ADVANCED_FACE('',(#5163),#5169,.T.);
#5163 = FACE_BOUND('',#5164,.T.);
#5164 = EDGE_LOOP('',(#5165,#5166,#5167,#5168));
#5165 = ORIENTED_EDGE('',*,*,#766,.T.);
#5166 = ORIENTED_EDGE('',*,*,#5152,.T.);
#5167 = ORIENTED_EDGE('',*,*,#2760,.F.);
#5168 = ORIENTED_EDGE('',*,*,#5111,.F.);
#5169 = PLANE('',#5170);
#5170 = AXIS2_PLACEMENT_3D('',#5171,#5172,#5173);
#5171 = CARTESIAN_POINT('',(204.5,-117.5,-4.6E-02));
#5172 = DIRECTION('',(1.,0.,-0.));
#5173 = DIRECTION('',(0.,-1.,0.));
#5174 = ADVANCED_FACE('',(#5175),#5191,.F.);
#5175 = FACE_BOUND('',#5176,.T.);
#5176 = EDGE_LOOP('',(#5177,#5178,#5184,#5185));
#5177 = ORIENTED_EDGE('',*,*,#791,.T.);
#5178 = ORIENTED_EDGE('',*,*,#5179,.T.);
#5179 = EDGE_CURVE('',#794,#2788,#5180,.T.);
#5180 = LINE('',#5181,#5182);
#5181 = CARTESIAN_POINT('',(220.5,-119.5,-4.6E-02));
#5182 = VECTOR('',#5183,1.);
#5183 = DIRECTION('',(0.,0.,1.));
#5184 = ORIENTED_EDGE('',*,*,#2785,.F.);
#5185 = ORIENTED_EDGE('',*,*,#5186,.F.);
#5186 = EDGE_CURVE('',#792,#2786,#5187,.T.);
#5187 = LINE('',#5188,#5189);
#5188 = CARTESIAN_POINT('',(222.5,-119.5,-4.6E-02));
#5189 = VECTOR('',#5190,1.);
#5190 = DIRECTION('',(0.,0.,1.));
#5191 = CYLINDRICAL_SURFACE('',#5192,1.);
#5192 = AXIS2_PLACEMENT_3D('',#5193,#5194,#5195);
#5193 = CARTESIAN_POINT('',(221.5,-119.5,-4.6E-02));
#5194 = DIRECTION('',(-0.,-0.,-1.));
#5195 = DIRECTION('',(-1.,0.,-0.));
#5196 = ADVANCED_FACE('',(#5197),#5208,.T.);
#5197 = FACE_BOUND('',#5198,.T.);
#5198 = EDGE_LOOP('',(#5199,#5200,#5201,#5202));
#5199 = ORIENTED_EDGE('',*,*,#819,.T.);
#5200 = ORIENTED_EDGE('',*,*,#5186,.T.);
#5201 = ORIENTED_EDGE('',*,*,#2813,.F.);
#5202 = ORIENTED_EDGE('',*,*,#5203,.F.);
#5203 = EDGE_CURVE('',#811,#2805,#5204,.T.);
#5204 = LINE('',#5205,#5206);
#5205 = CARTESIAN_POINT('',(222.5,-117.5,-4.6E-02));
#5206 = VECTOR('',#5207,1.);
#5207 = DIRECTION('',(0.,0.,1.));
#5208 = PLANE('',#5209);
#5209 = AXIS2_PLACEMENT_3D('',#5210,#5211,#5212);
#5210 = CARTESIAN_POINT('',(222.5,-119.5,-4.6E-02));
#5211 = DIRECTION('',(-1.,0.,0.));
#5212 = DIRECTION('',(0.,1.,0.));
#5213 = ADVANCED_FACE('',(#5214),#5225,.F.);
#5214 = FACE_BOUND('',#5215,.T.);
#5215 = EDGE_LOOP('',(#5216,#5217,#5218,#5219));
#5216 = ORIENTED_EDGE('',*,*,#810,.T.);
#5217 = ORIENTED_EDGE('',*,*,#5203,.T.);
#5218 = ORIENTED_EDGE('',*,*,#2804,.F.);
#5219 = ORIENTED_EDGE('',*,*,#5220,.F.);
#5220 = EDGE_CURVE('',#803,#2797,#5221,.T.);
#5221 = LINE('',#5222,#5223);
#5222 = CARTESIAN_POINT('',(220.5,-117.5,-4.6E-02));
#5223 = VECTOR('',#5224,1.);
#5224 = DIRECTION('',(0.,0.,1.));
#5225 = CYLINDRICAL_SURFACE('',#5226,1.);
#5226 = AXIS2_PLACEMENT_3D('',#5227,#5228,#5229);
#5227 = CARTESIAN_POINT('',(221.5,-117.5,-4.6E-02));
#5228 = DIRECTION('',(-0.,-0.,-1.));
#5229 = DIRECTION('',(1.,0.,-0.));
#5230 = ADVANCED_FACE('',(#5231),#5237,.T.);
#5231 = FACE_BOUND('',#5232,.T.);
#5232 = EDGE_LOOP('',(#5233,#5234,#5235,#5236));
#5233 = ORIENTED_EDGE('',*,*,#802,.T.);
#5234 = ORIENTED_EDGE('',*,*,#5220,.T.);
#5235 = ORIENTED_EDGE('',*,*,#2796,.F.);
#5236 = ORIENTED_EDGE('',*,*,#5179,.F.);
#5237 = PLANE('',#5238);
#5238 = AXIS2_PLACEMENT_3D('',#5239,#5240,#5241);
#5239 = CARTESIAN_POINT('',(220.5,-117.5,-4.6E-02));
#5240 = DIRECTION('',(1.,0.,-0.));
#5241 = DIRECTION('',(0.,-1.,0.));
#5242 = ADVANCED_FACE('',(#5243),#5254,.F.);
#5243 = FACE_BOUND('',#5244,.T.);
#5244 = EDGE_LOOP('',(#5245,#5246,#5252,#5253));
#5245 = ORIENTED_EDGE('',*,*,#827,.T.);
#5246 = ORIENTED_EDGE('',*,*,#5247,.T.);
#5247 = EDGE_CURVE('',#828,#2822,#5248,.T.);
#5248 = LINE('',#5249,#5250);
#5249 = CARTESIAN_POINT('',(231.,-121.49,-4.6E-02));
#5250 = VECTOR('',#5251,1.);
#5251 = DIRECTION('',(0.,0.,1.));
#5252 = ORIENTED_EDGE('',*,*,#2821,.F.);
#5253 = ORIENTED_EDGE('',*,*,#5247,.F.);
#5254 = CYLINDRICAL_SURFACE('',#5255,0.45);
#5255 = AXIS2_PLACEMENT_3D('',#5256,#5257,#5258);
#5256 = CARTESIAN_POINT('',(231.,-121.04,-4.6E-02));
#5257 = DIRECTION('',(-0.,-0.,-1.));
#5258 = DIRECTION('',(-0.,-1.,0.));
#5259 = ADVANCED_FACE('',(#5260),#5271,.F.);
#5260 = FACE_BOUND('',#5261,.T.);
#5261 = EDGE_LOOP('',(#5262,#5263,#5269,#5270));
#5262 = ORIENTED_EDGE('',*,*,#838,.T.);
#5263 = ORIENTED_EDGE('',*,*,#5264,.T.);
#5264 = EDGE_CURVE('',#839,#2833,#5265,.T.);
#5265 = LINE('',#5266,#5267);
#5266 = CARTESIAN_POINT('',(231.,-118.95,-4.6E-02));
#5267 = VECTOR('',#5268,1.);
#5268 = DIRECTION('',(0.,0.,1.));
#5269 = ORIENTED_EDGE('',*,*,#2832,.F.);
#5270 = ORIENTED_EDGE('',*,*,#5264,.F.);
#5271 = CYLINDRICAL_SURFACE('',#5272,0.45);
#5272 = AXIS2_PLACEMENT_3D('',#5273,#5274,#5275);
#5273 = CARTESIAN_POINT('',(231.,-118.5,-4.6E-02));
#5274 = DIRECTION('',(-0.,-0.,-1.));
#5275 = DIRECTION('',(-0.,-1.,0.));
#5276 = ADVANCED_FACE('',(#5277),#5293,.F.);
#5277 = FACE_BOUND('',#5278,.T.);
#5278 = EDGE_LOOP('',(#5279,#5280,#5286,#5287));
#5279 = ORIENTED_EDGE('',*,*,#849,.T.);
#5280 = ORIENTED_EDGE('',*,*,#5281,.T.);
#5281 = EDGE_CURVE('',#852,#2846,#5282,.T.);
#5282 = LINE('',#5283,#5284);
#5283 = CARTESIAN_POINT('',(204.5,-113.5,-4.6E-02));
#5284 = VECTOR('',#5285,1.);
#5285 = DIRECTION('',(0.,0.,1.));
#5286 = ORIENTED_EDGE('',*,*,#2843,.F.);
#5287 = ORIENTED_EDGE('',*,*,#5288,.F.);
#5288 = EDGE_CURVE('',#850,#2844,#5289,.T.);
#5289 = LINE('',#5290,#5291);
#5290 = CARTESIAN_POINT('',(206.5,-113.5,-4.6E-02));
#5291 = VECTOR('',#5292,1.);
#5292 = DIRECTION('',(0.,0.,1.));
#5293 = CYLINDRICAL_SURFACE('',#5294,1.);
#5294 = AXIS2_PLACEMENT_3D('',#5295,#5296,#5297);
#5295 = CARTESIAN_POINT('',(205.5,-113.5,-4.6E-02));
#5296 = DIRECTION('',(-0.,-0.,-1.));
#5297 = DIRECTION('',(-1.,0.,-0.));
#5298 = ADVANCED_FACE('',(#5299),#5310,.T.);
#5299 = FACE_BOUND('',#5300,.T.);
#5300 = EDGE_LOOP('',(#5301,#5302,#5303,#5304));
#5301 = ORIENTED_EDGE('',*,*,#877,.T.);
#5302 = ORIENTED_EDGE('',*,*,#5288,.T.);
#5303 = ORIENTED_EDGE('',*,*,#2871,.F.);
#5304 = ORIENTED_EDGE('',*,*,#5305,.F.);
#5305 = EDGE_CURVE('',#869,#2863,#5306,.T.);
#5306 = LINE('',#5307,#5308);
#5307 = CARTESIAN_POINT('',(206.5,-111.5,-4.6E-02));
#5308 = VECTOR('',#5309,1.);
#5309 = DIRECTION('',(0.,0.,1.));
#5310 = PLANE('',#5311);
#5311 = AXIS2_PLACEMENT_3D('',#5312,#5313,#5314);
#5312 = CARTESIAN_POINT('',(206.5,-113.5,-4.6E-02));
#5313 = DIRECTION('',(-1.,0.,0.));
#5314 = DIRECTION('',(0.,1.,0.));
#5315 = ADVANCED_FACE('',(#5316),#5327,.F.);
#5316 = FACE_BOUND('',#5317,.T.);
#5317 = EDGE_LOOP('',(#5318,#5319,#5320,#5321));
#5318 = ORIENTED_EDGE('',*,*,#868,.T.);
#5319 = ORIENTED_EDGE('',*,*,#5305,.T.);
#5320 = ORIENTED_EDGE('',*,*,#2862,.F.);
#5321 = ORIENTED_EDGE('',*,*,#5322,.F.);
#5322 = EDGE_CURVE('',#861,#2855,#5323,.T.);
#5323 = LINE('',#5324,#5325);
#5324 = CARTESIAN_POINT('',(204.5,-111.5,-4.6E-02));
#5325 = VECTOR('',#5326,1.);
#5326 = DIRECTION('',(0.,0.,1.));
#5327 = CYLINDRICAL_SURFACE('',#5328,1.);
#5328 = AXIS2_PLACEMENT_3D('',#5329,#5330,#5331);
#5329 = CARTESIAN_POINT('',(205.5,-111.5,-4.6E-02));
#5330 = DIRECTION('',(-0.,-0.,-1.));
#5331 = DIRECTION('',(1.,0.,-0.));
#5332 = ADVANCED_FACE('',(#5333),#5339,.T.);
#5333 = FACE_BOUND('',#5334,.T.);
#5334 = EDGE_LOOP('',(#5335,#5336,#5337,#5338));
#5335 = ORIENTED_EDGE('',*,*,#860,.T.);
#5336 = ORIENTED_EDGE('',*,*,#5322,.T.);
#5337 = ORIENTED_EDGE('',*,*,#2854,.F.);
#5338 = ORIENTED_EDGE('',*,*,#5281,.F.);
#5339 = PLANE('',#5340);
#5340 = AXIS2_PLACEMENT_3D('',#5341,#5342,#5343);
#5341 = CARTESIAN_POINT('',(204.5,-111.5,-4.6E-02));
#5342 = DIRECTION('',(1.,0.,-0.));
#5343 = DIRECTION('',(0.,-1.,0.));
#5344 = ADVANCED_FACE('',(#5345),#5361,.F.);
#5345 = FACE_BOUND('',#5346,.T.);
#5346 = EDGE_LOOP('',(#5347,#5348,#5354,#5355));
#5347 = ORIENTED_EDGE('',*,*,#885,.T.);
#5348 = ORIENTED_EDGE('',*,*,#5349,.T.);
#5349 = EDGE_CURVE('',#888,#2882,#5350,.T.);
#5350 = LINE('',#5351,#5352);
#5351 = CARTESIAN_POINT('',(200.4,-110.65,-4.6E-02));
#5352 = VECTOR('',#5353,1.);
#5353 = DIRECTION('',(0.,0.,1.));
#5354 = ORIENTED_EDGE('',*,*,#2879,.F.);
#5355 = ORIENTED_EDGE('',*,*,#5356,.F.);
#5356 = EDGE_CURVE('',#886,#2880,#5357,.T.);
#5357 = LINE('',#5358,#5359);
#5358 = CARTESIAN_POINT('',(201.6,-110.65,-4.6E-02));
#5359 = VECTOR('',#5360,1.);
#5360 = DIRECTION('',(0.,0.,1.));
#5361 = CYLINDRICAL_SURFACE('',#5362,0.6);
#5362 = AXIS2_PLACEMENT_3D('',#5363,#5364,#5365);
#5363 = CARTESIAN_POINT('',(201.,-110.65,-4.6E-02));
#5364 = DIRECTION('',(-0.,-0.,-1.));
#5365 = DIRECTION('',(-1.,-2.368475785867E-14,0.));
#5366 = ADVANCED_FACE('',(#5367),#5378,.T.);
#5367 = FACE_BOUND('',#5368,.T.);
#5368 = EDGE_LOOP('',(#5369,#5370,#5371,#5372));
#5369 = ORIENTED_EDGE('',*,*,#913,.T.);
#5370 = ORIENTED_EDGE('',*,*,#5356,.T.);
#5371 = ORIENTED_EDGE('',*,*,#2907,.F.);
#5372 = ORIENTED_EDGE('',*,*,#5373,.F.);
#5373 = EDGE_CURVE('',#905,#2899,#5374,.T.);
#5374 = LINE('',#5375,#5376);
#5375 = CARTESIAN_POINT('',(201.6,-110.35,-4.6E-02));
#5376 = VECTOR('',#5377,1.);
#5377 = DIRECTION('',(0.,0.,1.));
#5378 = PLANE('',#5379);
#5379 = AXIS2_PLACEMENT_3D('',#5380,#5381,#5382);
#5380 = CARTESIAN_POINT('',(201.6,-110.65,-4.6E-02));
#5381 = DIRECTION('',(-1.,0.,0.));
#5382 = DIRECTION('',(0.,1.,0.));
#5383 = ADVANCED_FACE('',(#5384),#5395,.F.);
#5384 = FACE_BOUND('',#5385,.T.);
#5385 = EDGE_LOOP('',(#5386,#5387,#5388,#5389));
#5386 = ORIENTED_EDGE('',*,*,#904,.T.);
#5387 = ORIENTED_EDGE('',*,*,#5373,.T.);
#5388 = ORIENTED_EDGE('',*,*,#2898,.F.);
#5389 = ORIENTED_EDGE('',*,*,#5390,.F.);
#5390 = EDGE_CURVE('',#897,#2891,#5391,.T.);
#5391 = LINE('',#5392,#5393);
#5392 = CARTESIAN_POINT('',(200.4,-110.35,-4.6E-02));
#5393 = VECTOR('',#5394,1.);
#5394 = DIRECTION('',(0.,0.,1.));
#5395 = CYLINDRICAL_SURFACE('',#5396,0.6);
#5396 = AXIS2_PLACEMENT_3D('',#5397,#5398,#5399);
#5397 = CARTESIAN_POINT('',(201.,-110.35,-4.6E-02));
#5398 = DIRECTION('',(-0.,-0.,-1.));
#5399 = DIRECTION('',(1.,2.368475785867E-14,-0.));
#5400 = ADVANCED_FACE('',(#5401),#5407,.T.);
#5401 = FACE_BOUND('',#5402,.T.);
#5402 = EDGE_LOOP('',(#5403,#5404,#5405,#5406));
#5403 = ORIENTED_EDGE('',*,*,#896,.T.);
#5404 = ORIENTED_EDGE('',*,*,#5390,.T.);
#5405 = ORIENTED_EDGE('',*,*,#2890,.F.);
#5406 = ORIENTED_EDGE('',*,*,#5349,.F.);
#5407 = PLANE('',#5408);
#5408 = AXIS2_PLACEMENT_3D('',#5409,#5410,#5411);
#5409 = CARTESIAN_POINT('',(200.4,-110.35,-4.6E-02));
#5410 = DIRECTION('',(1.,0.,-0.));
#5411 = DIRECTION('',(0.,-1.,0.));
#5412 = ADVANCED_FACE('',(#5413),#5429,.F.);
#5413 = FACE_BOUND('',#5414,.T.);
#5414 = EDGE_LOOP('',(#5415,#5416,#5422,#5423));
#5415 = ORIENTED_EDGE('',*,*,#921,.T.);
#5416 = ORIENTED_EDGE('',*,*,#5417,.T.);
#5417 = EDGE_CURVE('',#924,#2918,#5418,.T.);
#5418 = LINE('',#5419,#5420);
#5419 = CARTESIAN_POINT('',(220.5,-113.5,-4.6E-02));
#5420 = VECTOR('',#5421,1.);
#5421 = DIRECTION('',(0.,0.,1.));
#5422 = ORIENTED_EDGE('',*,*,#2915,.F.);
#5423 = ORIENTED_EDGE('',*,*,#5424,.F.);
#5424 = EDGE_CURVE('',#922,#2916,#5425,.T.);
#5425 = LINE('',#5426,#5427);
#5426 = CARTESIAN_POINT('',(222.5,-113.5,-4.6E-02));
#5427 = VECTOR('',#5428,1.);
#5428 = DIRECTION('',(0.,0.,1.));
#5429 = CYLINDRICAL_SURFACE('',#5430,1.);
#5430 = AXIS2_PLACEMENT_3D('',#5431,#5432,#5433);
#5431 = CARTESIAN_POINT('',(221.5,-113.5,-4.6E-02));
#5432 = DIRECTION('',(-0.,-0.,-1.));
#5433 = DIRECTION('',(-1.,0.,-0.));
#5434 = ADVANCED_FACE('',(#5435),#5446,.T.);
#5435 = FACE_BOUND('',#5436,.T.);
#5436 = EDGE_LOOP('',(#5437,#5438,#5439,#5440));
#5437 = ORIENTED_EDGE('',*,*,#949,.T.);
#5438 = ORIENTED_EDGE('',*,*,#5424,.T.);
#5439 = ORIENTED_EDGE('',*,*,#2943,.F.);
#5440 = ORIENTED_EDGE('',*,*,#5441,.F.);
#5441 = EDGE_CURVE('',#941,#2935,#5442,.T.);
#5442 = LINE('',#5443,#5444);
#5443 = CARTESIAN_POINT('',(222.5,-111.5,-4.6E-02));
#5444 = VECTOR('',#5445,1.);
#5445 = DIRECTION('',(0.,0.,1.));
#5446 = PLANE('',#5447);
#5447 = AXIS2_PLACEMENT_3D('',#5448,#5449,#5450);
#5448 = CARTESIAN_POINT('',(222.5,-113.5,-4.6E-02));
#5449 = DIRECTION('',(-1.,0.,0.));
#5450 = DIRECTION('',(0.,1.,0.));
#5451 = ADVANCED_FACE('',(#5452),#5463,.F.);
#5452 = FACE_BOUND('',#5453,.T.);
#5453 = EDGE_LOOP('',(#5454,#5455,#5456,#5457));
#5454 = ORIENTED_EDGE('',*,*,#940,.T.);
#5455 = ORIENTED_EDGE('',*,*,#5441,.T.);
#5456 = ORIENTED_EDGE('',*,*,#2934,.F.);
#5457 = ORIENTED_EDGE('',*,*,#5458,.F.);
#5458 = EDGE_CURVE('',#933,#2927,#5459,.T.);
#5459 = LINE('',#5460,#5461);
#5460 = CARTESIAN_POINT('',(220.5,-111.5,-4.6E-02));
#5461 = VECTOR('',#5462,1.);
#5462 = DIRECTION('',(0.,0.,1.));
#5463 = CYLINDRICAL_SURFACE('',#5464,1.);
#5464 = AXIS2_PLACEMENT_3D('',#5465,#5466,#5467);
#5465 = CARTESIAN_POINT('',(221.5,-111.5,-4.6E-02));
#5466 = DIRECTION('',(-0.,-0.,-1.));
#5467 = DIRECTION('',(1.,0.,-0.));
#5468 = ADVANCED_FACE('',(#5469),#5475,.T.);
#5469 = FACE_BOUND('',#5470,.T.);
#5470 = EDGE_LOOP('',(#5471,#5472,#5473,#5474));
#5471 = ORIENTED_EDGE('',*,*,#932,.T.);
#5472 = ORIENTED_EDGE('',*,*,#5458,.T.);
#5473 = ORIENTED_EDGE('',*,*,#2926,.F.);
#5474 = ORIENTED_EDGE('',*,*,#5417,.F.);
#5475 = PLANE('',#5476);
#5476 = AXIS2_PLACEMENT_3D('',#5477,#5478,#5479);
#5477 = CARTESIAN_POINT('',(220.5,-111.5,-4.6E-02));
#5478 = DIRECTION('',(1.,0.,-0.));
#5479 = DIRECTION('',(0.,-1.,0.));
#5480 = ADVANCED_FACE('',(#5481),#5492,.F.);
#5481 = FACE_BOUND('',#5482,.T.);
#5482 = EDGE_LOOP('',(#5483,#5484,#5490,#5491));
#5483 = ORIENTED_EDGE('',*,*,#957,.T.);
#5484 = ORIENTED_EDGE('',*,*,#5485,.T.);
#5485 = EDGE_CURVE('',#958,#2952,#5486,.T.);
#5486 = LINE('',#5487,#5488);
#5487 = CARTESIAN_POINT('',(231.2,-110.82,-4.6E-02));
#5488 = VECTOR('',#5489,1.);
#5489 = DIRECTION('',(0.,0.,1.));
#5490 = ORIENTED_EDGE('',*,*,#2951,.F.);
#5491 = ORIENTED_EDGE('',*,*,#5485,.F.);
#5492 = CYLINDRICAL_SURFACE('',#5493,0.4);
#5493 = AXIS2_PLACEMENT_3D('',#5494,#5495,#5496);
#5494 = CARTESIAN_POINT('',(231.2,-110.42,-4.6E-02));
#5495 = DIRECTION('',(-0.,-0.,-1.));
#5496 = DIRECTION('',(-0.,-1.,0.));
#5497 = ADVANCED_FACE('',(#5498),#5509,.F.);
#5498 = FACE_BOUND('',#5499,.T.);
#5499 = EDGE_LOOP('',(#5500,#5501,#5507,#5508));
#5500 = ORIENTED_EDGE('',*,*,#968,.T.);
#5501 = ORIENTED_EDGE('',*,*,#5502,.T.);
#5502 = EDGE_CURVE('',#969,#2963,#5503,.T.);
#5503 = LINE('',#5504,#5505);
#5504 = CARTESIAN_POINT('',(243.5,-114.15,-4.6E-02));
#5505 = VECTOR('',#5506,1.);
#5506 = DIRECTION('',(0.,0.,1.));
#5507 = ORIENTED_EDGE('',*,*,#2962,.F.);
#5508 = ORIENTED_EDGE('',*,*,#5502,.F.);
#5509 = CYLINDRICAL_SURFACE('',#5510,2.15);
#5510 = AXIS2_PLACEMENT_3D('',#5511,#5512,#5513);
#5511 = CARTESIAN_POINT('',(243.5,-112.,-4.6E-02));
#5512 = DIRECTION('',(-0.,-0.,-1.));
#5513 = DIRECTION('',(-0.,-1.,0.));
#5514 = ADVANCED_FACE('',(#5515),#5526,.F.);
#5515 = FACE_BOUND('',#5516,.T.);
#5516 = EDGE_LOOP('',(#5517,#5518,#5524,#5525));
#5517 = ORIENTED_EDGE('',*,*,#979,.T.);
#5518 = ORIENTED_EDGE('',*,*,#5519,.T.);
#5519 = EDGE_CURVE('',#980,#2974,#5520,.T.);
#5520 = LINE('',#5521,#5522);
#5521 = CARTESIAN_POINT('',(167.,-108.8,-4.6E-02));
#5522 = VECTOR('',#5523,1.);
#5523 = DIRECTION('',(0.,0.,1.));
#5524 = ORIENTED_EDGE('',*,*,#2973,.F.);
#5525 = ORIENTED_EDGE('',*,*,#5519,.F.);
#5526 = CYLINDRICAL_SURFACE('',#5527,0.4);
#5527 = AXIS2_PLACEMENT_3D('',#5528,#5529,#5530);
#5528 = CARTESIAN_POINT('',(167.,-108.4,-4.6E-02));
#5529 = DIRECTION('',(-0.,-0.,-1.));
#5530 = DIRECTION('',(-0.,-1.,0.));
#5531 = ADVANCED_FACE('',(#5532),#5543,.F.);
#5532 = FACE_BOUND('',#5533,.T.);
#5533 = EDGE_LOOP('',(#5534,#5535,#5541,#5542));
#5534 = ORIENTED_EDGE('',*,*,#990,.T.);
#5535 = ORIENTED_EDGE('',*,*,#5536,.T.);
#5536 = EDGE_CURVE('',#991,#2985,#5537,.T.);
#5537 = LINE('',#5538,#5539);
#5538 = CARTESIAN_POINT('',(169.54,-108.8,-4.6E-02));
#5539 = VECTOR('',#5540,1.);
#5540 = DIRECTION('',(0.,0.,1.));
#5541 = ORIENTED_EDGE('',*,*,#2984,.F.);
#5542 = ORIENTED_EDGE('',*,*,#5536,.F.);
#5543 = CYLINDRICAL_SURFACE('',#5544,0.4);
#5544 = AXIS2_PLACEMENT_3D('',#5545,#5546,#5547);
#5545 = CARTESIAN_POINT('',(169.54,-108.4,-4.6E-02));
#5546 = DIRECTION('',(-0.,-0.,-1.));
#5547 = DIRECTION('',(-0.,-1.,0.));
#5548 = ADVANCED_FACE('',(#5549),#5560,.F.);
#5549 = FACE_BOUND('',#5550,.T.);
#5550 = EDGE_LOOP('',(#5551,#5552,#5558,#5559));
#5551 = ORIENTED_EDGE('',*,*,#1001,.T.);
#5552 = ORIENTED_EDGE('',*,*,#5553,.T.);
#5553 = EDGE_CURVE('',#1002,#2996,#5554,.T.);
#5554 = LINE('',#5555,#5556);
#5555 = CARTESIAN_POINT('',(172.08,-108.8,-4.6E-02));
#5556 = VECTOR('',#5557,1.);
#5557 = DIRECTION('',(0.,0.,1.));
#5558 = ORIENTED_EDGE('',*,*,#2995,.F.);
#5559 = ORIENTED_EDGE('',*,*,#5553,.F.);
#5560 = CYLINDRICAL_SURFACE('',#5561,0.4);
#5561 = AXIS2_PLACEMENT_3D('',#5562,#5563,#5564);
#5562 = CARTESIAN_POINT('',(172.08,-108.4,-4.6E-02));
#5563 = DIRECTION('',(-0.,0.,-1.));
#5564 = DIRECTION('',(7.105427357601E-14,-1.,-0.));
#5565 = ADVANCED_FACE('',(#5566),#5577,.F.);
#5566 = FACE_BOUND('',#5567,.T.);
#5567 = EDGE_LOOP('',(#5568,#5569,#5575,#5576));
#5568 = ORIENTED_EDGE('',*,*,#1012,.T.);
#5569 = ORIENTED_EDGE('',*,*,#5570,.T.);
#5570 = EDGE_CURVE('',#1013,#3007,#5571,.T.);
#5571 = LINE('',#5572,#5573);
#5572 = CARTESIAN_POINT('',(174.62,-108.8,-4.6E-02));
#5573 = VECTOR('',#5574,1.);
#5574 = DIRECTION('',(0.,0.,1.));
#5575 = ORIENTED_EDGE('',*,*,#3006,.F.);
#5576 = ORIENTED_EDGE('',*,*,#5570,.F.);
#5577 = CYLINDRICAL_SURFACE('',#5578,0.4);
#5578 = AXIS2_PLACEMENT_3D('',#5579,#5580,#5581);
#5579 = CARTESIAN_POINT('',(174.62,-108.4,-4.6E-02));
#5580 = DIRECTION('',(-0.,-0.,-1.));
#5581 = DIRECTION('',(-0.,-1.,0.));
#5582 = ADVANCED_FACE('',(#5583),#5594,.F.);
#5583 = FACE_BOUND('',#5584,.T.);
#5584 = EDGE_LOOP('',(#5585,#5586,#5592,#5593));
#5585 = ORIENTED_EDGE('',*,*,#1023,.T.);
#5586 = ORIENTED_EDGE('',*,*,#5587,.T.);
#5587 = EDGE_CURVE('',#1024,#3018,#5588,.T.);
#5588 = LINE('',#5589,#5590);
#5589 = CARTESIAN_POINT('',(179.8,-107.75,-4.6E-02));
#5590 = VECTOR('',#5591,1.);
#5591 = DIRECTION('',(0.,0.,1.));
#5592 = ORIENTED_EDGE('',*,*,#3017,.F.);
#5593 = ORIENTED_EDGE('',*,*,#5587,.F.);
#5594 = CYLINDRICAL_SURFACE('',#5595,0.55);
#5595 = AXIS2_PLACEMENT_3D('',#5596,#5597,#5598);
#5596 = CARTESIAN_POINT('',(179.8,-107.2,-4.6E-02));
#5597 = DIRECTION('',(-0.,-0.,-1.));
#5598 = DIRECTION('',(-0.,-1.,0.));
#5599 = ADVANCED_FACE('',(#5600),#5611,.F.);
#5600 = FACE_BOUND('',#5601,.T.);
#5601 = EDGE_LOOP('',(#5602,#5603,#5609,#5610));
#5602 = ORIENTED_EDGE('',*,*,#1034,.T.);
#5603 = ORIENTED_EDGE('',*,*,#5604,.T.);
#5604 = EDGE_CURVE('',#1035,#3029,#5605,.T.);
#5605 = LINE('',#5606,#5607);
#5606 = CARTESIAN_POINT('',(179.8,-105.21,-4.6E-02));
#5607 = VECTOR('',#5608,1.);
#5608 = DIRECTION('',(0.,0.,1.));
#5609 = ORIENTED_EDGE('',*,*,#3028,.F.);
#5610 = ORIENTED_EDGE('',*,*,#5604,.F.);
#5611 = CYLINDRICAL_SURFACE('',#5612,0.55);
#5612 = AXIS2_PLACEMENT_3D('',#5613,#5614,#5615);
#5613 = CARTESIAN_POINT('',(179.8,-104.66,-4.6E-02));
#5614 = DIRECTION('',(-0.,-0.,-1.));
#5615 = DIRECTION('',(-0.,-1.,0.));
#5616 = ADVANCED_FACE('',(#5617),#5628,.F.);
#5617 = FACE_BOUND('',#5618,.T.);
#5618 = EDGE_LOOP('',(#5619,#5620,#5626,#5627));
#5619 = ORIENTED_EDGE('',*,*,#1045,.T.);
#5620 = ORIENTED_EDGE('',*,*,#5621,.T.);
#5621 = EDGE_CURVE('',#1046,#3040,#5622,.T.);
#5622 = LINE('',#5623,#5624);
#5623 = CARTESIAN_POINT('',(167.,-101.18,-4.6E-02));
#5624 = VECTOR('',#5625,1.);
#5625 = DIRECTION('',(0.,0.,1.));
#5626 = ORIENTED_EDGE('',*,*,#3039,.F.);
#5627 = ORIENTED_EDGE('',*,*,#5621,.F.);
#5628 = CYLINDRICAL_SURFACE('',#5629,0.4);
#5629 = AXIS2_PLACEMENT_3D('',#5630,#5631,#5632);
#5630 = CARTESIAN_POINT('',(167.,-100.78,-4.6E-02));
#5631 = DIRECTION('',(-0.,-0.,-1.));
#5632 = DIRECTION('',(-0.,-1.,0.));
#5633 = ADVANCED_FACE('',(#5634),#5645,.F.);
#5634 = FACE_BOUND('',#5635,.T.);
#5635 = EDGE_LOOP('',(#5636,#5637,#5643,#5644));
#5636 = ORIENTED_EDGE('',*,*,#1056,.T.);
#5637 = ORIENTED_EDGE('',*,*,#5638,.T.);
#5638 = EDGE_CURVE('',#1057,#3051,#5639,.T.);
#5639 = LINE('',#5640,#5641);
#5640 = CARTESIAN_POINT('',(169.54,-101.18,-4.6E-02));
#5641 = VECTOR('',#5642,1.);
#5642 = DIRECTION('',(0.,0.,1.));
#5643 = ORIENTED_EDGE('',*,*,#3050,.F.);
#5644 = ORIENTED_EDGE('',*,*,#5638,.F.);
#5645 = CYLINDRICAL_SURFACE('',#5646,0.4);
#5646 = AXIS2_PLACEMENT_3D('',#5647,#5648,#5649);
#5647 = CARTESIAN_POINT('',(169.54,-100.78,-4.6E-02));
#5648 = DIRECTION('',(-0.,-0.,-1.));
#5649 = DIRECTION('',(-0.,-1.,0.));
#5650 = ADVANCED_FACE('',(#5651),#5662,.F.);
#5651 = FACE_BOUND('',#5652,.T.);
#5652 = EDGE_LOOP('',(#5653,#5654,#5660,#5661));
#5653 = ORIENTED_EDGE('',*,*,#1067,.T.);
#5654 = ORIENTED_EDGE('',*,*,#5655,.T.);
#5655 = EDGE_CURVE('',#1068,#3062,#5656,.T.);
#5656 = LINE('',#5657,#5658);
#5657 = CARTESIAN_POINT('',(172.08,-101.18,-4.6E-02));
#5658 = VECTOR('',#5659,1.);
#5659 = DIRECTION('',(0.,0.,1.));
#5660 = ORIENTED_EDGE('',*,*,#3061,.F.);
#5661 = ORIENTED_EDGE('',*,*,#5655,.F.);
#5662 = CYLINDRICAL_SURFACE('',#5663,0.4);
#5663 = AXIS2_PLACEMENT_3D('',#5664,#5665,#5666);
#5664 = CARTESIAN_POINT('',(172.08,-100.78,-4.6E-02));
#5665 = DIRECTION('',(-0.,0.,-1.));
#5666 = DIRECTION('',(7.105427357601E-14,-1.,-0.));
#5667 = ADVANCED_FACE('',(#5668),#5679,.F.);
#5668 = FACE_BOUND('',#5669,.T.);
#5669 = EDGE_LOOP('',(#5670,#5671,#5677,#5678));
#5670 = ORIENTED_EDGE('',*,*,#1078,.T.);
#5671 = ORIENTED_EDGE('',*,*,#5672,.T.);
#5672 = EDGE_CURVE('',#1079,#3073,#5673,.T.);
#5673 = LINE('',#5674,#5675);
#5674 = CARTESIAN_POINT('',(174.62,-101.18,-4.6E-02));
#5675 = VECTOR('',#5676,1.);
#5676 = DIRECTION('',(0.,0.,1.));
#5677 = ORIENTED_EDGE('',*,*,#3072,.F.);
#5678 = ORIENTED_EDGE('',*,*,#5672,.F.);
#5679 = CYLINDRICAL_SURFACE('',#5680,0.4);
#5680 = AXIS2_PLACEMENT_3D('',#5681,#5682,#5683);
#5681 = CARTESIAN_POINT('',(174.62,-100.78,-4.6E-02));
#5682 = DIRECTION('',(-0.,-0.,-1.));
#5683 = DIRECTION('',(-0.,-1.,0.));
#5684 = ADVANCED_FACE('',(#5685),#5696,.F.);
#5685 = FACE_BOUND('',#5686,.T.);
#5686 = EDGE_LOOP('',(#5687,#5688,#5694,#5695));
#5687 = ORIENTED_EDGE('',*,*,#1089,.T.);
#5688 = ORIENTED_EDGE('',*,*,#5689,.T.);
#5689 = EDGE_CURVE('',#1090,#3084,#5690,.T.);
#5690 = LINE('',#5691,#5692);
#5691 = CARTESIAN_POINT('',(179.8,-102.67,-4.6E-02));
#5692 = VECTOR('',#5693,1.);
#5693 = DIRECTION('',(0.,0.,1.));
#5694 = ORIENTED_EDGE('',*,*,#3083,.F.);
#5695 = ORIENTED_EDGE('',*,*,#5689,.F.);
#5696 = CYLINDRICAL_SURFACE('',#5697,0.55);
#5697 = AXIS2_PLACEMENT_3D('',#5698,#5699,#5700);
#5698 = CARTESIAN_POINT('',(179.8,-102.12,-4.6E-02));
#5699 = DIRECTION('',(-0.,-0.,-1.));
#5700 = DIRECTION('',(-0.,-1.,0.));
#5701 = ADVANCED_FACE('',(#5702),#5718,.F.);
#5702 = FACE_BOUND('',#5703,.T.);
#5703 = EDGE_LOOP('',(#5704,#5705,#5711,#5712));
#5704 = ORIENTED_EDGE('',*,*,#1100,.T.);
#5705 = ORIENTED_EDGE('',*,*,#5706,.T.);
#5706 = EDGE_CURVE('',#1103,#3097,#5707,.T.);
#5707 = LINE('',#5708,#5709);
#5708 = CARTESIAN_POINT('',(204.5,-107.5,-4.6E-02));
#5709 = VECTOR('',#5710,1.);
#5710 = DIRECTION('',(0.,0.,1.));
#5711 = ORIENTED_EDGE('',*,*,#3094,.F.);
#5712 = ORIENTED_EDGE('',*,*,#5713,.F.);
#5713 = EDGE_CURVE('',#1101,#3095,#5714,.T.);
#5714 = LINE('',#5715,#5716);
#5715 = CARTESIAN_POINT('',(206.5,-107.5,-4.6E-02));
#5716 = VECTOR('',#5717,1.);
#5717 = DIRECTION('',(0.,0.,1.));
#5718 = CYLINDRICAL_SURFACE('',#5719,1.);
#5719 = AXIS2_PLACEMENT_3D('',#5720,#5721,#5722);
#5720 = CARTESIAN_POINT('',(205.5,-107.5,-4.6E-02));
#5721 = DIRECTION('',(-0.,-0.,-1.));
#5722 = DIRECTION('',(-1.,0.,-0.));
#5723 = ADVANCED_FACE('',(#5724),#5735,.T.);
#5724 = FACE_BOUND('',#5725,.T.);
#5725 = EDGE_LOOP('',(#5726,#5727,#5728,#5729));
#5726 = ORIENTED_EDGE('',*,*,#1128,.T.);
#5727 = ORIENTED_EDGE('',*,*,#5713,.T.);
#5728 = ORIENTED_EDGE('',*,*,#3122,.F.);
#5729 = ORIENTED_EDGE('',*,*,#5730,.F.);
#5730 = EDGE_CURVE('',#1120,#3114,#5731,.T.);
#5731 = LINE('',#5732,#5733);
#5732 = CARTESIAN_POINT('',(206.5,-105.5,-4.6E-02));
#5733 = VECTOR('',#5734,1.);
#5734 = DIRECTION('',(0.,0.,1.));
#5735 = PLANE('',#5736);
#5736 = AXIS2_PLACEMENT_3D('',#5737,#5738,#5739);
#5737 = CARTESIAN_POINT('',(206.5,-107.5,-4.6E-02));
#5738 = DIRECTION('',(-1.,0.,0.));
#5739 = DIRECTION('',(0.,1.,0.));
#5740 = ADVANCED_FACE('',(#5741),#5752,.F.);
#5741 = FACE_BOUND('',#5742,.T.);
#5742 = EDGE_LOOP('',(#5743,#5744,#5745,#5746));
#5743 = ORIENTED_EDGE('',*,*,#1119,.T.);
#5744 = ORIENTED_EDGE('',*,*,#5730,.T.);
#5745 = ORIENTED_EDGE('',*,*,#3113,.F.);
#5746 = ORIENTED_EDGE('',*,*,#5747,.F.);
#5747 = EDGE_CURVE('',#1112,#3106,#5748,.T.);
#5748 = LINE('',#5749,#5750);
#5749 = CARTESIAN_POINT('',(204.5,-105.5,-4.6E-02));
#5750 = VECTOR('',#5751,1.);
#5751 = DIRECTION('',(0.,0.,1.));
#5752 = CYLINDRICAL_SURFACE('',#5753,1.);
#5753 = AXIS2_PLACEMENT_3D('',#5754,#5755,#5756);
#5754 = CARTESIAN_POINT('',(205.5,-105.5,-4.6E-02));
#5755 = DIRECTION('',(-0.,-0.,-1.));
#5756 = DIRECTION('',(1.,0.,-0.));
#5757 = ADVANCED_FACE('',(#5758),#5764,.T.);
#5758 = FACE_BOUND('',#5759,.T.);
#5759 = EDGE_LOOP('',(#5760,#5761,#5762,#5763));
#5760 = ORIENTED_EDGE('',*,*,#1111,.T.);
#5761 = ORIENTED_EDGE('',*,*,#5747,.T.);
#5762 = ORIENTED_EDGE('',*,*,#3105,.F.);
#5763 = ORIENTED_EDGE('',*,*,#5706,.F.);
#5764 = PLANE('',#5765);
#5765 = AXIS2_PLACEMENT_3D('',#5766,#5767,#5768);
#5766 = CARTESIAN_POINT('',(204.5,-105.5,-4.6E-02));
#5767 = DIRECTION('',(1.,0.,-0.));
#5768 = DIRECTION('',(0.,-1.,0.));
#5769 = ADVANCED_FACE('',(#5770),#5786,.F.);
#5770 = FACE_BOUND('',#5771,.T.);
#5771 = EDGE_LOOP('',(#5772,#5773,#5779,#5780));
#5772 = ORIENTED_EDGE('',*,*,#1136,.T.);
#5773 = ORIENTED_EDGE('',*,*,#5774,.T.);
#5774 = EDGE_CURVE('',#1139,#3133,#5775,.T.);
#5775 = LINE('',#5776,#5777);
#5776 = CARTESIAN_POINT('',(220.5,-107.5,-4.6E-02));
#5777 = VECTOR('',#5778,1.);
#5778 = DIRECTION('',(0.,0.,1.));
#5779 = ORIENTED_EDGE('',*,*,#3130,.F.);
#5780 = ORIENTED_EDGE('',*,*,#5781,.F.);
#5781 = EDGE_CURVE('',#1137,#3131,#5782,.T.);
#5782 = LINE('',#5783,#5784);
#5783 = CARTESIAN_POINT('',(222.5,-107.5,-4.6E-02));
#5784 = VECTOR('',#5785,1.);
#5785 = DIRECTION('',(0.,0.,1.));
#5786 = CYLINDRICAL_SURFACE('',#5787,1.);
#5787 = AXIS2_PLACEMENT_3D('',#5788,#5789,#5790);
#5788 = CARTESIAN_POINT('',(221.5,-107.5,-4.6E-02));
#5789 = DIRECTION('',(-0.,-0.,-1.));
#5790 = DIRECTION('',(-1.,0.,-0.));
#5791 = ADVANCED_FACE('',(#5792),#5803,.T.);
#5792 = FACE_BOUND('',#5793,.T.);
#5793 = EDGE_LOOP('',(#5794,#5795,#5796,#5797));
#5794 = ORIENTED_EDGE('',*,*,#1164,.T.);
#5795 = ORIENTED_EDGE('',*,*,#5781,.T.);
#5796 = ORIENTED_EDGE('',*,*,#3158,.F.);
#5797 = ORIENTED_EDGE('',*,*,#5798,.F.);
#5798 = EDGE_CURVE('',#1156,#3150,#5799,.T.);
#5799 = LINE('',#5800,#5801);
#5800 = CARTESIAN_POINT('',(222.5,-105.5,-4.6E-02));
#5801 = VECTOR('',#5802,1.);
#5802 = DIRECTION('',(0.,0.,1.));
#5803 = PLANE('',#5804);
#5804 = AXIS2_PLACEMENT_3D('',#5805,#5806,#5807);
#5805 = CARTESIAN_POINT('',(222.5,-107.5,-4.6E-02));
#5806 = DIRECTION('',(-1.,0.,0.));
#5807 = DIRECTION('',(0.,1.,0.));
#5808 = ADVANCED_FACE('',(#5809),#5820,.F.);
#5809 = FACE_BOUND('',#5810,.T.);
#5810 = EDGE_LOOP('',(#5811,#5812,#5813,#5814));
#5811 = ORIENTED_EDGE('',*,*,#1155,.T.);
#5812 = ORIENTED_EDGE('',*,*,#5798,.T.);
#5813 = ORIENTED_EDGE('',*,*,#3149,.F.);
#5814 = ORIENTED_EDGE('',*,*,#5815,.F.);
#5815 = EDGE_CURVE('',#1148,#3142,#5816,.T.);
#5816 = LINE('',#5817,#5818);
#5817 = CARTESIAN_POINT('',(220.5,-105.5,-4.6E-02));
#5818 = VECTOR('',#5819,1.);
#5819 = DIRECTION('',(0.,0.,1.));
#5820 = CYLINDRICAL_SURFACE('',#5821,1.);
#5821 = AXIS2_PLACEMENT_3D('',#5822,#5823,#5824);
#5822 = CARTESIAN_POINT('',(221.5,-105.5,-4.6E-02));
#5823 = DIRECTION('',(-0.,-0.,-1.));
#5824 = DIRECTION('',(1.,0.,-0.));
#5825 = ADVANCED_FACE('',(#5826),#5832,.T.);
#5826 = FACE_BOUND('',#5827,.T.);
#5827 = EDGE_LOOP('',(#5828,#5829,#5830,#5831));
#5828 = ORIENTED_EDGE('',*,*,#1147,.T.);
#5829 = ORIENTED_EDGE('',*,*,#5815,.T.);
#5830 = ORIENTED_EDGE('',*,*,#3141,.F.);
#5831 = ORIENTED_EDGE('',*,*,#5774,.F.);
#5832 = PLANE('',#5833);
#5833 = AXIS2_PLACEMENT_3D('',#5834,#5835,#5836);
#5834 = CARTESIAN_POINT('',(220.5,-105.5,-4.6E-02));
#5835 = DIRECTION('',(1.,0.,-0.));
#5836 = DIRECTION('',(0.,-1.,0.));
#5837 = ADVANCED_FACE('',(#5838),#5849,.F.);
#5838 = FACE_BOUND('',#5839,.T.);
#5839 = EDGE_LOOP('',(#5840,#5841,#5847,#5848));
#5840 = ORIENTED_EDGE('',*,*,#1172,.T.);
#5841 = ORIENTED_EDGE('',*,*,#5842,.T.);
#5842 = EDGE_CURVE('',#1173,#3167,#5843,.T.);
#5843 = LINE('',#5844,#5845);
#5844 = CARTESIAN_POINT('',(231.2,-103.2,-4.6E-02));
#5845 = VECTOR('',#5846,1.);
#5846 = DIRECTION('',(0.,0.,1.));
#5847 = ORIENTED_EDGE('',*,*,#3166,.F.);
#5848 = ORIENTED_EDGE('',*,*,#5842,.F.);
#5849 = CYLINDRICAL_SURFACE('',#5850,0.4);
#5850 = AXIS2_PLACEMENT_3D('',#5851,#5852,#5853);
#5851 = CARTESIAN_POINT('',(231.2,-102.8,-4.6E-02));
#5852 = DIRECTION('',(-0.,-0.,-1.));
#5853 = DIRECTION('',(-0.,-1.,0.));
#5854 = ADVANCED_FACE('',(#5855),#5866,.F.);
#5855 = FACE_BOUND('',#5856,.T.);
#5856 = EDGE_LOOP('',(#5857,#5858,#5864,#5865));
#5857 = ORIENTED_EDGE('',*,*,#1183,.T.);
#5858 = ORIENTED_EDGE('',*,*,#5859,.T.);
#5859 = EDGE_CURVE('',#1184,#3178,#5860,.T.);
#5860 = LINE('',#5861,#5862);
#5861 = CARTESIAN_POINT('',(58.5,-93.15,-4.6E-02));
#5862 = VECTOR('',#5863,1.);
#5863 = DIRECTION('',(0.,0.,1.));
#5864 = ORIENTED_EDGE('',*,*,#3177,.F.);
#5865 = ORIENTED_EDGE('',*,*,#5859,.F.);
#5866 = CYLINDRICAL_SURFACE('',#5867,2.15);
#5867 = AXIS2_PLACEMENT_3D('',#5868,#5869,#5870);
#5868 = CARTESIAN_POINT('',(58.5,-91.,-4.6E-02));
#5869 = DIRECTION('',(-0.,-0.,-1.));
#5870 = DIRECTION('',(-0.,-1.,0.));
#5871 = ADVANCED_FACE('',(#5872),#5883,.F.);
#5872 = FACE_BOUND('',#5873,.T.);
#5873 = EDGE_LOOP('',(#5874,#5875,#5881,#5882));
#5874 = ORIENTED_EDGE('',*,*,#1194,.T.);
#5875 = ORIENTED_EDGE('',*,*,#5876,.T.);
#5876 = EDGE_CURVE('',#1195,#3189,#5877,.T.);
#5877 = LINE('',#5878,#5879);
#5878 = CARTESIAN_POINT('',(73.6,-92.,-4.6E-02));
#5879 = VECTOR('',#5880,1.);
#5880 = DIRECTION('',(0.,0.,1.));
#5881 = ORIENTED_EDGE('',*,*,#3188,.F.);
#5882 = ORIENTED_EDGE('',*,*,#5876,.F.);
#5883 = CYLINDRICAL_SURFACE('',#5884,0.4);
#5884 = AXIS2_PLACEMENT_3D('',#5885,#5886,#5887);
#5885 = CARTESIAN_POINT('',(73.6,-91.6,-4.6E-02));
#5886 = DIRECTION('',(-0.,-0.,-1.));
#5887 = DIRECTION('',(-0.,-1.,0.));
#5888 = ADVANCED_FACE('',(#5889),#5900,.F.);
#5889 = FACE_BOUND('',#5890,.T.);
#5890 = EDGE_LOOP('',(#5891,#5892,#5898,#5899));
#5891 = ORIENTED_EDGE('',*,*,#1205,.T.);
#5892 = ORIENTED_EDGE('',*,*,#5893,.T.);
#5893 = EDGE_CURVE('',#1206,#3200,#5894,.T.);
#5894 = LINE('',#5895,#5896);
#5895 = CARTESIAN_POINT('',(81.22,-92.,-4.6E-02));
#5896 = VECTOR('',#5897,1.);
#5897 = DIRECTION('',(0.,0.,1.));
#5898 = ORIENTED_EDGE('',*,*,#3199,.F.);
#5899 = ORIENTED_EDGE('',*,*,#5893,.F.);
#5900 = CYLINDRICAL_SURFACE('',#5901,0.4);
#5901 = AXIS2_PLACEMENT_3D('',#5902,#5903,#5904);
#5902 = CARTESIAN_POINT('',(81.22,-91.6,-4.6E-02));
#5903 = DIRECTION('',(-0.,-0.,-1.));
#5904 = DIRECTION('',(-0.,-1.,0.));
#5905 = ADVANCED_FACE('',(#5906),#5917,.F.);
#5906 = FACE_BOUND('',#5907,.T.);
#5907 = EDGE_LOOP('',(#5908,#5909,#5915,#5916));
#5908 = ORIENTED_EDGE('',*,*,#1216,.T.);
#5909 = ORIENTED_EDGE('',*,*,#5910,.T.);
#5910 = EDGE_CURVE('',#1217,#3211,#5911,.T.);
#5911 = LINE('',#5912,#5913);
#5912 = CARTESIAN_POINT('',(87.6,-91.95,-4.6E-02));
#5913 = VECTOR('',#5914,1.);
#5914 = DIRECTION('',(0.,0.,1.));
#5915 = ORIENTED_EDGE('',*,*,#3210,.F.);
#5916 = ORIENTED_EDGE('',*,*,#5910,.F.);
#5917 = CYLINDRICAL_SURFACE('',#5918,0.4);
#5918 = AXIS2_PLACEMENT_3D('',#5919,#5920,#5921);
#5919 = CARTESIAN_POINT('',(87.6,-91.55,-4.6E-02));
#5920 = DIRECTION('',(-0.,-0.,-1.));
#5921 = DIRECTION('',(-0.,-1.,0.));
#5922 = ADVANCED_FACE('',(#5923),#5934,.F.);
#5923 = FACE_BOUND('',#5924,.T.);
#5924 = EDGE_LOOP('',(#5925,#5926,#5932,#5933));
#5925 = ORIENTED_EDGE('',*,*,#1227,.T.);
#5926 = ORIENTED_EDGE('',*,*,#5927,.T.);
#5927 = EDGE_CURVE('',#1228,#3222,#5928,.T.);
#5928 = LINE('',#5929,#5930);
#5929 = CARTESIAN_POINT('',(91.5,-91.93,-4.6E-02));
#5930 = VECTOR('',#5931,1.);
#5931 = DIRECTION('',(0.,0.,1.));
#5932 = ORIENTED_EDGE('',*,*,#3221,.F.);
#5933 = ORIENTED_EDGE('',*,*,#5927,.F.);
#5934 = CYLINDRICAL_SURFACE('',#5935,0.4);
#5935 = AXIS2_PLACEMENT_3D('',#5936,#5937,#5938);
#5936 = CARTESIAN_POINT('',(91.5,-91.53,-4.6E-02));
#5937 = DIRECTION('',(-0.,-0.,-1.));
#5938 = DIRECTION('',(-0.,-1.,0.));
#5939 = ADVANCED_FACE('',(#5940),#5951,.F.);
#5940 = FACE_BOUND('',#5941,.T.);
#5941 = EDGE_LOOP('',(#5942,#5943,#5949,#5950));
#5942 = ORIENTED_EDGE('',*,*,#1238,.T.);
#5943 = ORIENTED_EDGE('',*,*,#5944,.T.);
#5944 = EDGE_CURVE('',#1239,#3233,#5945,.T.);
#5945 = LINE('',#5946,#5947);
#5946 = CARTESIAN_POINT('',(87.6,-89.41,-4.6E-02));
#5947 = VECTOR('',#5948,1.);
#5948 = DIRECTION('',(0.,0.,1.));
#5949 = ORIENTED_EDGE('',*,*,#3232,.F.);
#5950 = ORIENTED_EDGE('',*,*,#5944,.F.);
#5951 = CYLINDRICAL_SURFACE('',#5952,0.4);
#5952 = AXIS2_PLACEMENT_3D('',#5953,#5954,#5955);
#5953 = CARTESIAN_POINT('',(87.6,-89.01,-4.6E-02));
#5954 = DIRECTION('',(-0.,-0.,-1.));
#5955 = DIRECTION('',(-0.,-1.,0.));
#5956 = ADVANCED_FACE('',(#5957),#5968,.F.);
#5957 = FACE_BOUND('',#5958,.T.);
#5958 = EDGE_LOOP('',(#5959,#5960,#5966,#5967));
#5959 = ORIENTED_EDGE('',*,*,#1249,.T.);
#5960 = ORIENTED_EDGE('',*,*,#5961,.T.);
#5961 = EDGE_CURVE('',#1250,#3244,#5962,.T.);
#5962 = LINE('',#5963,#5964);
#5963 = CARTESIAN_POINT('',(91.5,-89.39,-4.6E-02));
#5964 = VECTOR('',#5965,1.);
#5965 = DIRECTION('',(0.,0.,1.));
#5966 = ORIENTED_EDGE('',*,*,#3243,.F.);
#5967 = ORIENTED_EDGE('',*,*,#5961,.F.);
#5968 = CYLINDRICAL_SURFACE('',#5969,0.4);
#5969 = AXIS2_PLACEMENT_3D('',#5970,#5971,#5972);
#5970 = CARTESIAN_POINT('',(91.5,-88.99,-4.6E-02));
#5971 = DIRECTION('',(-0.,-0.,-1.));
#5972 = DIRECTION('',(-0.,-1.,0.));
#5973 = ADVANCED_FACE('',(#5974),#5985,.F.);
#5974 = FACE_BOUND('',#5975,.T.);
#5975 = EDGE_LOOP('',(#5976,#5977,#5983,#5984));
#5976 = ORIENTED_EDGE('',*,*,#1260,.T.);
#5977 = ORIENTED_EDGE('',*,*,#5978,.T.);
#5978 = EDGE_CURVE('',#1261,#3255,#5979,.T.);
#5979 = LINE('',#5980,#5981);
#5980 = CARTESIAN_POINT('',(125.32,-98.35,-4.6E-02));
#5981 = VECTOR('',#5982,1.);
#5982 = DIRECTION('',(0.,0.,1.));
#5983 = ORIENTED_EDGE('',*,*,#3254,.F.);
#5984 = ORIENTED_EDGE('',*,*,#5978,.F.);
#5985 = CYLINDRICAL_SURFACE('',#5986,0.4);
#5986 = AXIS2_PLACEMENT_3D('',#5987,#5988,#5989);
#5987 = CARTESIAN_POINT('',(125.32,-97.95,-4.6E-02));
#5988 = DIRECTION('',(-0.,-0.,-1.));
#5989 = DIRECTION('',(-0.,-1.,0.));
#5990 = ADVANCED_FACE('',(#5991),#6002,.F.);
#5991 = FACE_BOUND('',#5992,.T.);
#5992 = EDGE_LOOP('',(#5993,#5994,#6000,#6001));
#5993 = ORIENTED_EDGE('',*,*,#1271,.T.);
#5994 = ORIENTED_EDGE('',*,*,#5995,.T.);
#5995 = EDGE_CURVE('',#1272,#3266,#5996,.T.);
#5996 = LINE('',#5997,#5998);
#5997 = CARTESIAN_POINT('',(125.25,-94.05,-4.6E-02));
#5998 = VECTOR('',#5999,1.);
#5999 = DIRECTION('',(0.,0.,1.));
#6000 = ORIENTED_EDGE('',*,*,#3265,.F.);
#6001 = ORIENTED_EDGE('',*,*,#5995,.F.);
#6002 = CYLINDRICAL_SURFACE('',#6003,0.4);
#6003 = AXIS2_PLACEMENT_3D('',#6004,#6005,#6006);
#6004 = CARTESIAN_POINT('',(125.25,-93.65,-4.6E-02));
#6005 = DIRECTION('',(-0.,-0.,-1.));
#6006 = DIRECTION('',(-0.,-1.,0.));
#6007 = ADVANCED_FACE('',(#6008),#6019,.F.);
#6008 = FACE_BOUND('',#6009,.T.);
#6009 = EDGE_LOOP('',(#6010,#6011,#6017,#6018));
#6010 = ORIENTED_EDGE('',*,*,#1282,.T.);
#6011 = ORIENTED_EDGE('',*,*,#6012,.T.);
#6012 = EDGE_CURVE('',#1283,#3277,#6013,.T.);
#6013 = LINE('',#6014,#6015);
#6014 = CARTESIAN_POINT('',(127.86,-98.35,-4.6E-02));
#6015 = VECTOR('',#6016,1.);
#6016 = DIRECTION('',(0.,0.,1.));
#6017 = ORIENTED_EDGE('',*,*,#3276,.F.);
#6018 = ORIENTED_EDGE('',*,*,#6012,.F.);
#6019 = CYLINDRICAL_SURFACE('',#6020,0.4);
#6020 = AXIS2_PLACEMENT_3D('',#6021,#6022,#6023);
#6021 = CARTESIAN_POINT('',(127.86,-97.95,-4.6E-02));
#6022 = DIRECTION('',(-0.,0.,-1.));
#6023 = DIRECTION('',(3.5527136788E-14,-1.,-0.));
#6024 = ADVANCED_FACE('',(#6025),#6036,.F.);
#6025 = FACE_BOUND('',#6026,.T.);
#6026 = EDGE_LOOP('',(#6027,#6028,#6034,#6035));
#6027 = ORIENTED_EDGE('',*,*,#1293,.T.);
#6028 = ORIENTED_EDGE('',*,*,#6029,.T.);
#6029 = EDGE_CURVE('',#1294,#3288,#6030,.T.);
#6030 = LINE('',#6031,#6032);
#6031 = CARTESIAN_POINT('',(130.4,-98.35,-4.6E-02));
#6032 = VECTOR('',#6033,1.);
#6033 = DIRECTION('',(0.,0.,1.));
#6034 = ORIENTED_EDGE('',*,*,#3287,.F.);
#6035 = ORIENTED_EDGE('',*,*,#6029,.F.);
#6036 = CYLINDRICAL_SURFACE('',#6037,0.4);
#6037 = AXIS2_PLACEMENT_3D('',#6038,#6039,#6040);
#6038 = CARTESIAN_POINT('',(130.4,-97.95,-4.6E-02));
#6039 = DIRECTION('',(-0.,-0.,-1.));
#6040 = DIRECTION('',(-0.,-1.,0.));
#6041 = ADVANCED_FACE('',(#6042),#6053,.F.);
#6042 = FACE_BOUND('',#6043,.T.);
#6043 = EDGE_LOOP('',(#6044,#6045,#6051,#6052));
#6044 = ORIENTED_EDGE('',*,*,#1304,.T.);
#6045 = ORIENTED_EDGE('',*,*,#6046,.T.);
#6046 = EDGE_CURVE('',#1305,#3299,#6047,.T.);
#6047 = LINE('',#6048,#6049);
#6048 = CARTESIAN_POINT('',(127.79,-94.05,-4.6E-02));
#6049 = VECTOR('',#6050,1.);
#6050 = DIRECTION('',(0.,0.,1.));
#6051 = ORIENTED_EDGE('',*,*,#3298,.F.);
#6052 = ORIENTED_EDGE('',*,*,#6046,.F.);
#6053 = CYLINDRICAL_SURFACE('',#6054,0.4);
#6054 = AXIS2_PLACEMENT_3D('',#6055,#6056,#6057);
#6055 = CARTESIAN_POINT('',(127.79,-93.65,-4.6E-02));
#6056 = DIRECTION('',(-0.,0.,-1.));
#6057 = DIRECTION('',(3.5527136788E-14,-1.,-0.));
#6058 = ADVANCED_FACE('',(#6059),#6070,.F.);
#6059 = FACE_BOUND('',#6060,.T.);
#6060 = EDGE_LOOP('',(#6061,#6062,#6068,#6069));
#6061 = ORIENTED_EDGE('',*,*,#1315,.T.);
#6062 = ORIENTED_EDGE('',*,*,#6063,.T.);
#6063 = EDGE_CURVE('',#1316,#3310,#6064,.T.);
#6064 = LINE('',#6065,#6066);
#6065 = CARTESIAN_POINT('',(130.33,-94.05,-4.6E-02));
#6066 = VECTOR('',#6067,1.);
#6067 = DIRECTION('',(0.,0.,1.));
#6068 = ORIENTED_EDGE('',*,*,#3309,.F.);
#6069 = ORIENTED_EDGE('',*,*,#6063,.F.);
#6070 = CYLINDRICAL_SURFACE('',#6071,0.4);
#6071 = AXIS2_PLACEMENT_3D('',#6072,#6073,#6074);
#6072 = CARTESIAN_POINT('',(130.33,-93.65,-4.6E-02));
#6073 = DIRECTION('',(-0.,0.,-1.));
#6074 = DIRECTION('',(7.105427357601E-14,-1.,-0.));
#6075 = ADVANCED_FACE('',(#6076),#6087,.F.);
#6076 = FACE_BOUND('',#6077,.T.);
#6077 = EDGE_LOOP('',(#6078,#6079,#6085,#6086));
#6078 = ORIENTED_EDGE('',*,*,#1326,.T.);
#6079 = ORIENTED_EDGE('',*,*,#6080,.T.);
#6080 = EDGE_CURVE('',#1327,#3321,#6081,.T.);
#6081 = LINE('',#6082,#6083);
#6082 = CARTESIAN_POINT('',(141.13,-95.07,-4.6E-02));
#6083 = VECTOR('',#6084,1.);
#6084 = DIRECTION('',(0.,0.,1.));
#6085 = ORIENTED_EDGE('',*,*,#3320,.F.);
#6086 = ORIENTED_EDGE('',*,*,#6080,.F.);
#6087 = CYLINDRICAL_SURFACE('',#6088,0.4);
#6088 = AXIS2_PLACEMENT_3D('',#6089,#6090,#6091);
#6089 = CARTESIAN_POINT('',(141.13,-94.67,-4.6E-02));
#6090 = DIRECTION('',(-0.,-0.,-1.));
#6091 = DIRECTION('',(-0.,-1.,0.));
#6092 = ADVANCED_FACE('',(#6093),#6104,.F.);
#6093 = FACE_BOUND('',#6094,.T.);
#6094 = EDGE_LOOP('',(#6095,#6096,#6102,#6103));
#6095 = ORIENTED_EDGE('',*,*,#1337,.T.);
#6096 = ORIENTED_EDGE('',*,*,#6097,.T.);
#6097 = EDGE_CURVE('',#1338,#3332,#6098,.T.);
#6098 = LINE('',#6099,#6100);
#6099 = CARTESIAN_POINT('',(143.67,-95.07,-4.6E-02));
#6100 = VECTOR('',#6101,1.);
#6101 = DIRECTION('',(0.,0.,1.));
#6102 = ORIENTED_EDGE('',*,*,#3331,.F.);
#6103 = ORIENTED_EDGE('',*,*,#6097,.F.);
#6104 = CYLINDRICAL_SURFACE('',#6105,0.4);
#6105 = AXIS2_PLACEMENT_3D('',#6106,#6107,#6108);
#6106 = CARTESIAN_POINT('',(143.67,-94.67,-4.6E-02));
#6107 = DIRECTION('',(-0.,-0.,-1.));
#6108 = DIRECTION('',(-7.105427357601E-14,-1.,0.));
#6109 = ADVANCED_FACE('',(#6110),#6121,.F.);
#6110 = FACE_BOUND('',#6111,.T.);
#6111 = EDGE_LOOP('',(#6112,#6113,#6119,#6120));
#6112 = ORIENTED_EDGE('',*,*,#1348,.T.);
#6113 = ORIENTED_EDGE('',*,*,#6114,.T.);
#6114 = EDGE_CURVE('',#1349,#3343,#6115,.T.);
#6115 = LINE('',#6116,#6117);
#6116 = CARTESIAN_POINT('',(146.21,-95.07,-4.6E-02));
#6117 = VECTOR('',#6118,1.);
#6118 = DIRECTION('',(0.,0.,1.));
#6119 = ORIENTED_EDGE('',*,*,#3342,.F.);
#6120 = ORIENTED_EDGE('',*,*,#6114,.F.);
#6121 = CYLINDRICAL_SURFACE('',#6122,0.4);
#6122 = AXIS2_PLACEMENT_3D('',#6123,#6124,#6125);
#6123 = CARTESIAN_POINT('',(146.21,-94.67,-4.6E-02));
#6124 = DIRECTION('',(-0.,-0.,-1.));
#6125 = DIRECTION('',(-0.,-1.,0.));
#6126 = ADVANCED_FACE('',(#6127),#6138,.F.);
#6127 = FACE_BOUND('',#6128,.T.);
#6128 = EDGE_LOOP('',(#6129,#6130,#6136,#6137));
#6129 = ORIENTED_EDGE('',*,*,#1359,.T.);
#6130 = ORIENTED_EDGE('',*,*,#6131,.T.);
#6131 = EDGE_CURVE('',#1360,#3354,#6132,.T.);
#6132 = LINE('',#6133,#6134);
#6133 = CARTESIAN_POINT('',(148.93,-95.07,-4.6E-02));
#6134 = VECTOR('',#6135,1.);
#6135 = DIRECTION('',(0.,0.,1.));
#6136 = ORIENTED_EDGE('',*,*,#3353,.F.);
#6137 = ORIENTED_EDGE('',*,*,#6131,.F.);
#6138 = CYLINDRICAL_SURFACE('',#6139,0.4);
#6139 = AXIS2_PLACEMENT_3D('',#6140,#6141,#6142);
#6140 = CARTESIAN_POINT('',(148.93,-94.67,-4.6E-02));
#6141 = DIRECTION('',(-0.,-0.,-1.));
#6142 = DIRECTION('',(-0.,-1.,0.));
#6143 = ADVANCED_FACE('',(#6144),#6155,.F.);
#6144 = FACE_BOUND('',#6145,.T.);
#6145 = EDGE_LOOP('',(#6146,#6147,#6153,#6154));
#6146 = ORIENTED_EDGE('',*,*,#1370,.T.);
#6147 = ORIENTED_EDGE('',*,*,#6148,.T.);
#6148 = EDGE_CURVE('',#1371,#3365,#6149,.T.);
#6149 = LINE('',#6150,#6151);
#6150 = CARTESIAN_POINT('',(120.8,-92.38,-4.6E-02));
#6151 = VECTOR('',#6152,1.);
#6152 = DIRECTION('',(0.,0.,1.));
#6153 = ORIENTED_EDGE('',*,*,#3364,.F.);
#6154 = ORIENTED_EDGE('',*,*,#6148,.F.);
#6155 = CYLINDRICAL_SURFACE('',#6156,0.4);
#6156 = AXIS2_PLACEMENT_3D('',#6157,#6158,#6159);
#6157 = CARTESIAN_POINT('',(120.8,-91.98,-4.6E-02));
#6158 = DIRECTION('',(-0.,-0.,-1.));
#6159 = DIRECTION('',(-3.552713678801E-14,-1.,0.));
#6160 = ADVANCED_FACE('',(#6161),#6172,.F.);
#6161 = FACE_BOUND('',#6162,.T.);
#6162 = EDGE_LOOP('',(#6163,#6164,#6170,#6171));
#6163 = ORIENTED_EDGE('',*,*,#1381,.T.);
#6164 = ORIENTED_EDGE('',*,*,#6165,.T.);
#6165 = EDGE_CURVE('',#1382,#3376,#6166,.T.);
#6166 = LINE('',#6167,#6168);
#6167 = CARTESIAN_POINT('',(134.8,-92.19,-4.6E-02));
#6168 = VECTOR('',#6169,1.);
#6169 = DIRECTION('',(0.,0.,1.));
#6170 = ORIENTED_EDGE('',*,*,#3375,.F.);
#6171 = ORIENTED_EDGE('',*,*,#6165,.F.);
#6172 = CYLINDRICAL_SURFACE('',#6173,0.4);
#6173 = AXIS2_PLACEMENT_3D('',#6174,#6175,#6176);
#6174 = CARTESIAN_POINT('',(134.8,-91.79,-4.6E-02));
#6175 = DIRECTION('',(-0.,-0.,-1.));
#6176 = DIRECTION('',(-0.,-1.,0.));
#6177 = ADVANCED_FACE('',(#6178),#6189,.F.);
#6178 = FACE_BOUND('',#6179,.T.);
#6179 = EDGE_LOOP('',(#6180,#6181,#6187,#6188));
#6180 = ORIENTED_EDGE('',*,*,#1392,.T.);
#6181 = ORIENTED_EDGE('',*,*,#6182,.T.);
#6182 = EDGE_CURVE('',#1393,#3387,#6183,.T.);
#6183 = LINE('',#6184,#6185);
#6184 = CARTESIAN_POINT('',(141.06,-90.72,-4.6E-02));
#6185 = VECTOR('',#6186,1.);
#6186 = DIRECTION('',(0.,0.,1.));
#6187 = ORIENTED_EDGE('',*,*,#3386,.F.);
#6188 = ORIENTED_EDGE('',*,*,#6182,.F.);
#6189 = CYLINDRICAL_SURFACE('',#6190,0.4);
#6190 = AXIS2_PLACEMENT_3D('',#6191,#6192,#6193);
#6191 = CARTESIAN_POINT('',(141.06,-90.32,-4.6E-02));
#6192 = DIRECTION('',(-0.,-0.,-1.));
#6193 = DIRECTION('',(-0.,-1.,0.));
#6194 = ADVANCED_FACE('',(#6195),#6206,.F.);
#6195 = FACE_BOUND('',#6196,.T.);
#6196 = EDGE_LOOP('',(#6197,#6198,#6204,#6205));
#6197 = ORIENTED_EDGE('',*,*,#1403,.T.);
#6198 = ORIENTED_EDGE('',*,*,#6199,.T.);
#6199 = EDGE_CURVE('',#1404,#3398,#6200,.T.);
#6200 = LINE('',#6201,#6202);
#6201 = CARTESIAN_POINT('',(143.6,-90.72,-4.6E-02));
#6202 = VECTOR('',#6203,1.);
#6203 = DIRECTION('',(0.,0.,1.));
#6204 = ORIENTED_EDGE('',*,*,#3397,.F.);
#6205 = ORIENTED_EDGE('',*,*,#6199,.F.);
#6206 = CYLINDRICAL_SURFACE('',#6207,0.4);
#6207 = AXIS2_PLACEMENT_3D('',#6208,#6209,#6210);
#6208 = CARTESIAN_POINT('',(143.6,-90.32,-4.6E-02));
#6209 = DIRECTION('',(-0.,-0.,-1.));
#6210 = DIRECTION('',(-0.,-1.,0.));
#6211 = ADVANCED_FACE('',(#6212),#6223,.F.);
#6212 = FACE_BOUND('',#6213,.T.);
#6213 = EDGE_LOOP('',(#6214,#6215,#6221,#6222));
#6214 = ORIENTED_EDGE('',*,*,#1414,.T.);
#6215 = ORIENTED_EDGE('',*,*,#6216,.T.);
#6216 = EDGE_CURVE('',#1415,#3409,#6217,.T.);
#6217 = LINE('',#6218,#6219);
#6218 = CARTESIAN_POINT('',(146.14,-90.72,-4.6E-02));
#6219 = VECTOR('',#6220,1.);
#6220 = DIRECTION('',(0.,0.,1.));
#6221 = ORIENTED_EDGE('',*,*,#3408,.F.);
#6222 = ORIENTED_EDGE('',*,*,#6216,.F.);
#6223 = CYLINDRICAL_SURFACE('',#6224,0.4);
#6224 = AXIS2_PLACEMENT_3D('',#6225,#6226,#6227);
#6225 = CARTESIAN_POINT('',(146.14,-90.32,-4.6E-02));
#6226 = DIRECTION('',(-0.,-0.,-1.));
#6227 = DIRECTION('',(-0.,-1.,0.));
#6228 = ADVANCED_FACE('',(#6229),#6240,.F.);
#6229 = FACE_BOUND('',#6230,.T.);
#6230 = EDGE_LOOP('',(#6231,#6232,#6238,#6239));
#6231 = ORIENTED_EDGE('',*,*,#1425,.T.);
#6232 = ORIENTED_EDGE('',*,*,#6233,.T.);
#6233 = EDGE_CURVE('',#1426,#3420,#6234,.T.);
#6234 = LINE('',#6235,#6236);
#6235 = CARTESIAN_POINT('',(73.6,-87.2,-4.6E-02));
#6236 = VECTOR('',#6237,1.);
#6237 = DIRECTION('',(0.,0.,1.));
#6238 = ORIENTED_EDGE('',*,*,#3419,.F.);
#6239 = ORIENTED_EDGE('',*,*,#6233,.F.);
#6240 = CYLINDRICAL_SURFACE('',#6241,0.4);
#6241 = AXIS2_PLACEMENT_3D('',#6242,#6243,#6244);
#6242 = CARTESIAN_POINT('',(73.6,-86.8,-4.6E-02));
#6243 = DIRECTION('',(-0.,-0.,-1.));
#6244 = DIRECTION('',(-0.,-1.,0.));
#6245 = ADVANCED_FACE('',(#6246),#6257,.F.);
#6246 = FACE_BOUND('',#6247,.T.);
#6247 = EDGE_LOOP('',(#6248,#6249,#6255,#6256));
#6248 = ORIENTED_EDGE('',*,*,#1436,.T.);
#6249 = ORIENTED_EDGE('',*,*,#6250,.T.);
#6250 = EDGE_CURVE('',#1437,#3431,#6251,.T.);
#6251 = LINE('',#6252,#6253);
#6252 = CARTESIAN_POINT('',(81.22,-87.2,-4.6E-02));
#6253 = VECTOR('',#6254,1.);
#6254 = DIRECTION('',(0.,0.,1.));
#6255 = ORIENTED_EDGE('',*,*,#3430,.F.);
#6256 = ORIENTED_EDGE('',*,*,#6250,.F.);
#6257 = CYLINDRICAL_SURFACE('',#6258,0.4);
#6258 = AXIS2_PLACEMENT_3D('',#6259,#6260,#6261);
#6259 = CARTESIAN_POINT('',(81.22,-86.8,-4.6E-02));
#6260 = DIRECTION('',(-0.,-0.,-1.));
#6261 = DIRECTION('',(-0.,-1.,0.));
#6262 = ADVANCED_FACE('',(#6263),#6274,.F.);
#6263 = FACE_BOUND('',#6264,.T.);
#6264 = EDGE_LOOP('',(#6265,#6266,#6272,#6273));
#6265 = ORIENTED_EDGE('',*,*,#1447,.T.);
#6266 = ORIENTED_EDGE('',*,*,#6267,.T.);
#6267 = EDGE_CURVE('',#1448,#3442,#6268,.T.);
#6268 = LINE('',#6269,#6270);
#6269 = CARTESIAN_POINT('',(87.6,-86.87,-4.6E-02));
#6270 = VECTOR('',#6271,1.);
#6271 = DIRECTION('',(0.,0.,1.));
#6272 = ORIENTED_EDGE('',*,*,#3441,.F.);
#6273 = ORIENTED_EDGE('',*,*,#6267,.F.);
#6274 = CYLINDRICAL_SURFACE('',#6275,0.4);
#6275 = AXIS2_PLACEMENT_3D('',#6276,#6277,#6278);
#6276 = CARTESIAN_POINT('',(87.6,-86.47,-4.6E-02));
#6277 = DIRECTION('',(-0.,-0.,-1.));
#6278 = DIRECTION('',(-0.,-1.,0.));
#6279 = ADVANCED_FACE('',(#6280),#6291,.F.);
#6280 = FACE_BOUND('',#6281,.T.);
#6281 = EDGE_LOOP('',(#6282,#6283,#6289,#6290));
#6282 = ORIENTED_EDGE('',*,*,#1458,.T.);
#6283 = ORIENTED_EDGE('',*,*,#6284,.T.);
#6284 = EDGE_CURVE('',#1459,#3453,#6285,.T.);
#6285 = LINE('',#6286,#6287);
#6286 = CARTESIAN_POINT('',(91.5,-86.85,-4.6E-02));
#6287 = VECTOR('',#6288,1.);
#6288 = DIRECTION('',(0.,0.,1.));
#6289 = ORIENTED_EDGE('',*,*,#3452,.F.);
#6290 = ORIENTED_EDGE('',*,*,#6284,.F.);
#6291 = CYLINDRICAL_SURFACE('',#6292,0.4);
#6292 = AXIS2_PLACEMENT_3D('',#6293,#6294,#6295);
#6293 = CARTESIAN_POINT('',(91.5,-86.45,-4.6E-02));
#6294 = DIRECTION('',(-0.,-0.,-1.));
#6295 = DIRECTION('',(-0.,-1.,0.));
#6296 = ADVANCED_FACE('',(#6297),#6308,.F.);
#6297 = FACE_BOUND('',#6298,.T.);
#6298 = EDGE_LOOP('',(#6299,#6300,#6306,#6307));
#6299 = ORIENTED_EDGE('',*,*,#1469,.T.);
#6300 = ORIENTED_EDGE('',*,*,#6301,.T.);
#6301 = EDGE_CURVE('',#1470,#3464,#6302,.T.);
#6302 = LINE('',#6303,#6304);
#6303 = CARTESIAN_POINT('',(55.9,-77.65,-4.6E-02));
#6304 = VECTOR('',#6305,1.);
#6305 = DIRECTION('',(0.,0.,1.));
#6306 = ORIENTED_EDGE('',*,*,#3463,.F.);
#6307 = ORIENTED_EDGE('',*,*,#6301,.F.);
#6308 = CYLINDRICAL_SURFACE('',#6309,0.65);
#6309 = AXIS2_PLACEMENT_3D('',#6310,#6311,#6312);
#6310 = CARTESIAN_POINT('',(55.9,-77.,-4.6E-02));
#6311 = DIRECTION('',(-0.,-0.,-1.));
#6312 = DIRECTION('',(-0.,-1.,0.));
#6313 = ADVANCED_FACE('',(#6314),#6325,.F.);
#6314 = FACE_BOUND('',#6315,.T.);
#6315 = EDGE_LOOP('',(#6316,#6317,#6323,#6324));
#6316 = ORIENTED_EDGE('',*,*,#1480,.T.);
#6317 = ORIENTED_EDGE('',*,*,#6318,.T.);
#6318 = EDGE_CURVE('',#1481,#3475,#6319,.T.);
#6319 = LINE('',#6320,#6321);
#6320 = CARTESIAN_POINT('',(60.9,-77.65,-4.6E-02));
#6321 = VECTOR('',#6322,1.);
#6322 = DIRECTION('',(0.,0.,1.));
#6323 = ORIENTED_EDGE('',*,*,#3474,.F.);
#6324 = ORIENTED_EDGE('',*,*,#6318,.F.);
#6325 = CYLINDRICAL_SURFACE('',#6326,0.65);
#6326 = AXIS2_PLACEMENT_3D('',#6327,#6328,#6329);
#6327 = CARTESIAN_POINT('',(60.9,-77.,-4.6E-02));
#6328 = DIRECTION('',(-0.,-0.,-1.));
#6329 = DIRECTION('',(-0.,-1.,0.));
#6330 = ADVANCED_FACE('',(#6331),#6342,.F.);
#6331 = FACE_BOUND('',#6332,.T.);
#6332 = EDGE_LOOP('',(#6333,#6334,#6340,#6341));
#6333 = ORIENTED_EDGE('',*,*,#1491,.T.);
#6334 = ORIENTED_EDGE('',*,*,#6335,.T.);
#6335 = EDGE_CURVE('',#1492,#3486,#6336,.T.);
#6336 = LINE('',#6337,#6338);
#6337 = CARTESIAN_POINT('',(71.639566,-78.7397,-4.6E-02));
#6338 = VECTOR('',#6339,1.);
#6339 = DIRECTION('',(0.,0.,1.));
#6340 = ORIENTED_EDGE('',*,*,#3485,.F.);
#6341 = ORIENTED_EDGE('',*,*,#6335,.F.);
#6342 = CYLINDRICAL_SURFACE('',#6343,0.5715);
#6343 = AXIS2_PLACEMENT_3D('',#6344,#6345,#6346);
#6344 = CARTESIAN_POINT('',(71.639566,-78.1682,-4.6E-02));
#6345 = DIRECTION('',(-0.,-0.,-1.));
#6346 = DIRECTION('',(-0.,-1.,0.));
#6347 = ADVANCED_FACE('',(#6348),#6359,.F.);
#6348 = FACE_BOUND('',#6349,.T.);
#6349 = EDGE_LOOP('',(#6350,#6351,#6357,#6358));
#6350 = ORIENTED_EDGE('',*,*,#1502,.T.);
#6351 = ORIENTED_EDGE('',*,*,#6352,.T.);
#6352 = EDGE_CURVE('',#1503,#3497,#6353,.T.);
#6353 = LINE('',#6354,#6355);
#6354 = CARTESIAN_POINT('',(74.179566,-78.7397,-4.6E-02));
#6355 = VECTOR('',#6356,1.);
#6356 = DIRECTION('',(0.,0.,1.));
#6357 = ORIENTED_EDGE('',*,*,#3496,.F.);
#6358 = ORIENTED_EDGE('',*,*,#6352,.F.);
#6359 = CYLINDRICAL_SURFACE('',#6360,0.5715);
#6360 = AXIS2_PLACEMENT_3D('',#6361,#6362,#6363);
#6361 = CARTESIAN_POINT('',(74.179566,-78.1682,-4.6E-02));
#6362 = DIRECTION('',(-0.,-0.,-1.));
#6363 = DIRECTION('',(-0.,-1.,0.));
#6364 = ADVANCED_FACE('',(#6365),#6376,.F.);
#6365 = FACE_BOUND('',#6366,.T.);
#6366 = EDGE_LOOP('',(#6367,#6368,#6374,#6375));
#6367 = ORIENTED_EDGE('',*,*,#1513,.T.);
#6368 = ORIENTED_EDGE('',*,*,#6369,.T.);
#6369 = EDGE_CURVE('',#1514,#3508,#6370,.T.);
#6370 = LINE('',#6371,#6372);
#6371 = CARTESIAN_POINT('',(76.719566,-78.7397,-4.6E-02));
#6372 = VECTOR('',#6373,1.);
#6373 = DIRECTION('',(0.,0.,1.));
#6374 = ORIENTED_EDGE('',*,*,#3507,.F.);
#6375 = ORIENTED_EDGE('',*,*,#6369,.F.);
#6376 = CYLINDRICAL_SURFACE('',#6377,0.5715);
#6377 = AXIS2_PLACEMENT_3D('',#6378,#6379,#6380);
#6378 = CARTESIAN_POINT('',(76.719566,-78.1682,-4.6E-02));
#6379 = DIRECTION('',(-0.,-0.,-1.));
#6380 = DIRECTION('',(-0.,-1.,0.));
#6381 = ADVANCED_FACE('',(#6382),#6393,.F.);
#6382 = FACE_BOUND('',#6383,.T.);
#6383 = EDGE_LOOP('',(#6384,#6385,#6391,#6392));
#6384 = ORIENTED_EDGE('',*,*,#1524,.T.);
#6385 = ORIENTED_EDGE('',*,*,#6386,.T.);
#6386 = EDGE_CURVE('',#1525,#3519,#6387,.T.);
#6387 = LINE('',#6388,#6389);
#6388 = CARTESIAN_POINT('',(85.1329,-78.7397,-4.6E-02));
#6389 = VECTOR('',#6390,1.);
#6390 = DIRECTION('',(0.,0.,1.));
#6391 = ORIENTED_EDGE('',*,*,#3518,.F.);
#6392 = ORIENTED_EDGE('',*,*,#6386,.F.);
#6393 = CYLINDRICAL_SURFACE('',#6394,0.5715);
#6394 = AXIS2_PLACEMENT_3D('',#6395,#6396,#6397);
#6395 = CARTESIAN_POINT('',(85.1329,-78.1682,-4.6E-02));
#6396 = DIRECTION('',(-0.,-0.,-1.));
#6397 = DIRECTION('',(-0.,-1.,0.));
#6398 = ADVANCED_FACE('',(#6399),#6410,.F.);
#6399 = FACE_BOUND('',#6400,.T.);
#6400 = EDGE_LOOP('',(#6401,#6402,#6408,#6409));
#6401 = ORIENTED_EDGE('',*,*,#1535,.T.);
#6402 = ORIENTED_EDGE('',*,*,#6403,.T.);
#6403 = EDGE_CURVE('',#1536,#3530,#6404,.T.);
#6404 = LINE('',#6405,#6406);
#6405 = CARTESIAN_POINT('',(87.6729,-78.7397,-4.6E-02));
#6406 = VECTOR('',#6407,1.);
#6407 = DIRECTION('',(0.,0.,1.));
#6408 = ORIENTED_EDGE('',*,*,#3529,.F.);
#6409 = ORIENTED_EDGE('',*,*,#6403,.F.);
#6410 = CYLINDRICAL_SURFACE('',#6411,0.5715);
#6411 = AXIS2_PLACEMENT_3D('',#6412,#6413,#6414);
#6412 = CARTESIAN_POINT('',(87.6729,-78.1682,-4.6E-02));
#6413 = DIRECTION('',(-0.,-0.,-1.));
#6414 = DIRECTION('',(-0.,-1.,0.));
#6415 = ADVANCED_FACE('',(#6416),#6427,.F.);
#6416 = FACE_BOUND('',#6417,.T.);
#6417 = EDGE_LOOP('',(#6418,#6419,#6425,#6426));
#6418 = ORIENTED_EDGE('',*,*,#1546,.T.);
#6419 = ORIENTED_EDGE('',*,*,#6420,.T.);
#6420 = EDGE_CURVE('',#1547,#3541,#6421,.T.);
#6421 = LINE('',#6422,#6423);
#6422 = CARTESIAN_POINT('',(90.2129,-78.7397,-4.6E-02));
#6423 = VECTOR('',#6424,1.);
#6424 = DIRECTION('',(0.,0.,1.));
#6425 = ORIENTED_EDGE('',*,*,#3540,.F.);
#6426 = ORIENTED_EDGE('',*,*,#6420,.F.);
#6427 = CYLINDRICAL_SURFACE('',#6428,0.5715);
#6428 = AXIS2_PLACEMENT_3D('',#6429,#6430,#6431);
#6429 = CARTESIAN_POINT('',(90.2129,-78.1682,-4.6E-02));
#6430 = DIRECTION('',(-0.,-0.,-1.));
#6431 = DIRECTION('',(-0.,-1.,0.));
#6432 = ADVANCED_FACE('',(#6433),#6444,.F.);
#6433 = FACE_BOUND('',#6434,.T.);
#6434 = EDGE_LOOP('',(#6435,#6436,#6442,#6443));
#6435 = ORIENTED_EDGE('',*,*,#1557,.T.);
#6436 = ORIENTED_EDGE('',*,*,#6437,.T.);
#6437 = EDGE_CURVE('',#1558,#3552,#6438,.T.);
#6438 = LINE('',#6439,#6440);
#6439 = CARTESIAN_POINT('',(98.626233,-78.7397,-4.6E-02));
#6440 = VECTOR('',#6441,1.);
#6441 = DIRECTION('',(0.,0.,1.));
#6442 = ORIENTED_EDGE('',*,*,#3551,.F.);
#6443 = ORIENTED_EDGE('',*,*,#6437,.F.);
#6444 = CYLINDRICAL_SURFACE('',#6445,0.5715);
#6445 = AXIS2_PLACEMENT_3D('',#6446,#6447,#6448);
#6446 = CARTESIAN_POINT('',(98.626233,-78.1682,-4.6E-02));
#6447 = DIRECTION('',(-0.,-0.,-1.));
#6448 = DIRECTION('',(-0.,-1.,0.));
#6449 = ADVANCED_FACE('',(#6450),#6461,.F.);
#6450 = FACE_BOUND('',#6451,.T.);
#6451 = EDGE_LOOP('',(#6452,#6453,#6459,#6460));
#6452 = ORIENTED_EDGE('',*,*,#1568,.T.);
#6453 = ORIENTED_EDGE('',*,*,#6454,.T.);
#6454 = EDGE_CURVE('',#1569,#3563,#6455,.T.);
#6455 = LINE('',#6456,#6457);
#6456 = CARTESIAN_POINT('',(101.166233,-78.7397,-4.6E-02));
#6457 = VECTOR('',#6458,1.);
#6458 = DIRECTION('',(0.,0.,1.));
#6459 = ORIENTED_EDGE('',*,*,#3562,.F.);
#6460 = ORIENTED_EDGE('',*,*,#6454,.F.);
#6461 = CYLINDRICAL_SURFACE('',#6462,0.5715);
#6462 = AXIS2_PLACEMENT_3D('',#6463,#6464,#6465);
#6463 = CARTESIAN_POINT('',(101.166233,-78.1682,-4.6E-02));
#6464 = DIRECTION('',(-0.,-0.,-1.));
#6465 = DIRECTION('',(-0.,-1.,0.));
#6466 = ADVANCED_FACE('',(#6467),#6478,.F.);
#6467 = FACE_BOUND('',#6468,.T.);
#6468 = EDGE_LOOP('',(#6469,#6470,#6476,#6477));
#6469 = ORIENTED_EDGE('',*,*,#1579,.T.);
#6470 = ORIENTED_EDGE('',*,*,#6471,.T.);
#6471 = EDGE_CURVE('',#1580,#3574,#6472,.T.);
#6472 = LINE('',#6473,#6474);
#6473 = CARTESIAN_POINT('',(110.78,-85.8,-4.6E-02));
#6474 = VECTOR('',#6475,1.);
#6475 = DIRECTION('',(0.,0.,1.));
#6476 = ORIENTED_EDGE('',*,*,#3573,.F.);
#6477 = ORIENTED_EDGE('',*,*,#6471,.F.);
#6478 = CYLINDRICAL_SURFACE('',#6479,0.4);
#6479 = AXIS2_PLACEMENT_3D('',#6480,#6481,#6482);
#6480 = CARTESIAN_POINT('',(110.78,-85.4,-4.6E-02));
#6481 = DIRECTION('',(-0.,-0.,-1.));
#6482 = DIRECTION('',(-0.,-1.,0.));
#6483 = ADVANCED_FACE('',(#6484),#6495,.F.);
#6484 = FACE_BOUND('',#6485,.T.);
#6485 = EDGE_LOOP('',(#6486,#6487,#6493,#6494));
#6486 = ORIENTED_EDGE('',*,*,#1590,.T.);
#6487 = ORIENTED_EDGE('',*,*,#6488,.T.);
#6488 = EDGE_CURVE('',#1591,#3585,#6489,.T.);
#6489 = LINE('',#6490,#6491);
#6490 = CARTESIAN_POINT('',(118.4,-85.8,-4.6E-02));
#6491 = VECTOR('',#6492,1.);
#6492 = DIRECTION('',(0.,0.,1.));
#6493 = ORIENTED_EDGE('',*,*,#3584,.F.);
#6494 = ORIENTED_EDGE('',*,*,#6488,.F.);
#6495 = CYLINDRICAL_SURFACE('',#6496,0.4);
#6496 = AXIS2_PLACEMENT_3D('',#6497,#6498,#6499);
#6497 = CARTESIAN_POINT('',(118.4,-85.4,-4.6E-02));
#6498 = DIRECTION('',(-0.,-0.,-1.));
#6499 = DIRECTION('',(-0.,-1.,0.));
#6500 = ADVANCED_FACE('',(#6501),#6512,.F.);
#6501 = FACE_BOUND('',#6502,.T.);
#6502 = EDGE_LOOP('',(#6503,#6504,#6510,#6511));
#6503 = ORIENTED_EDGE('',*,*,#1601,.T.);
#6504 = ORIENTED_EDGE('',*,*,#6505,.T.);
#6505 = EDGE_CURVE('',#1602,#3596,#6506,.T.);
#6506 = LINE('',#6507,#6508);
#6507 = CARTESIAN_POINT('',(122.58,-85.8,-4.6E-02));
#6508 = VECTOR('',#6509,1.);
#6509 = DIRECTION('',(0.,0.,1.));
#6510 = ORIENTED_EDGE('',*,*,#3595,.F.);
#6511 = ORIENTED_EDGE('',*,*,#6505,.F.);
#6512 = CYLINDRICAL_SURFACE('',#6513,0.4);
#6513 = AXIS2_PLACEMENT_3D('',#6514,#6515,#6516);
#6514 = CARTESIAN_POINT('',(122.58,-85.4,-4.6E-02));
#6515 = DIRECTION('',(-0.,-0.,-1.));
#6516 = DIRECTION('',(-3.552713678801E-14,-1.,0.));
#6517 = ADVANCED_FACE('',(#6518),#6529,.F.);
#6518 = FACE_BOUND('',#6519,.T.);
#6519 = EDGE_LOOP('',(#6520,#6521,#6527,#6528));
#6520 = ORIENTED_EDGE('',*,*,#1612,.T.);
#6521 = ORIENTED_EDGE('',*,*,#6522,.T.);
#6522 = EDGE_CURVE('',#1613,#3607,#6523,.T.);
#6523 = LINE('',#6524,#6525);
#6524 = CARTESIAN_POINT('',(137.8,-87.9,-4.6E-02));
#6525 = VECTOR('',#6526,1.);
#6526 = DIRECTION('',(0.,0.,1.));
#6527 = ORIENTED_EDGE('',*,*,#3606,.F.);
#6528 = ORIENTED_EDGE('',*,*,#6522,.F.);
#6529 = CYLINDRICAL_SURFACE('',#6530,0.4);
#6530 = AXIS2_PLACEMENT_3D('',#6531,#6532,#6533);
#6531 = CARTESIAN_POINT('',(137.8,-87.5,-4.6E-02));
#6532 = DIRECTION('',(-0.,-0.,-1.));
#6533 = DIRECTION('',(-0.,-1.,0.));
#6534 = ADVANCED_FACE('',(#6535),#6546,.F.);
#6535 = FACE_BOUND('',#6536,.T.);
#6536 = EDGE_LOOP('',(#6537,#6538,#6544,#6545));
#6537 = ORIENTED_EDGE('',*,*,#1623,.T.);
#6538 = ORIENTED_EDGE('',*,*,#6539,.T.);
#6539 = EDGE_CURVE('',#1624,#3618,#6540,.T.);
#6540 = LINE('',#6541,#6542);
#6541 = CARTESIAN_POINT('',(130.2,-85.8,-4.6E-02));
#6542 = VECTOR('',#6543,1.);
#6543 = DIRECTION('',(0.,0.,1.));
#6544 = ORIENTED_EDGE('',*,*,#3617,.F.);
#6545 = ORIENTED_EDGE('',*,*,#6539,.F.);
#6546 = CYLINDRICAL_SURFACE('',#6547,0.4);
#6547 = AXIS2_PLACEMENT_3D('',#6548,#6549,#6550);
#6548 = CARTESIAN_POINT('',(130.2,-85.4,-4.6E-02));
#6549 = DIRECTION('',(-0.,-0.,-1.));
#6550 = DIRECTION('',(-0.,-1.,0.));
#6551 = ADVANCED_FACE('',(#6552),#6563,.F.);
#6552 = FACE_BOUND('',#6553,.T.);
#6553 = EDGE_LOOP('',(#6554,#6555,#6561,#6562));
#6554 = ORIENTED_EDGE('',*,*,#1634,.T.);
#6555 = ORIENTED_EDGE('',*,*,#6556,.T.);
#6556 = EDGE_CURVE('',#1635,#3629,#6557,.T.);
#6557 = LINE('',#6558,#6559);
#6558 = CARTESIAN_POINT('',(137.8,-82.9,-4.6E-02));
#6559 = VECTOR('',#6560,1.);
#6560 = DIRECTION('',(0.,0.,1.));
#6561 = ORIENTED_EDGE('',*,*,#3628,.F.);
#6562 = ORIENTED_EDGE('',*,*,#6556,.F.);
#6563 = CYLINDRICAL_SURFACE('',#6564,0.4);
#6564 = AXIS2_PLACEMENT_3D('',#6565,#6566,#6567);
#6565 = CARTESIAN_POINT('',(137.8,-82.5,-4.6E-02));
#6566 = DIRECTION('',(-0.,-0.,-1.));
#6567 = DIRECTION('',(-0.,-1.,0.));
#6568 = ADVANCED_FACE('',(#6569),#6580,.F.);
#6569 = FACE_BOUND('',#6570,.T.);
#6570 = EDGE_LOOP('',(#6571,#6572,#6578,#6579));
#6571 = ORIENTED_EDGE('',*,*,#1645,.T.);
#6572 = ORIENTED_EDGE('',*,*,#6573,.T.);
#6573 = EDGE_CURVE('',#1646,#3640,#6574,.T.);
#6574 = LINE('',#6575,#6576);
#6575 = CARTESIAN_POINT('',(141.,-82.87,-4.6E-02));
#6576 = VECTOR('',#6577,1.);
#6577 = DIRECTION('',(0.,0.,1.));
#6578 = ORIENTED_EDGE('',*,*,#3639,.F.);
#6579 = ORIENTED_EDGE('',*,*,#6573,.F.);
#6580 = CYLINDRICAL_SURFACE('',#6581,0.4);
#6581 = AXIS2_PLACEMENT_3D('',#6582,#6583,#6584);
#6582 = CARTESIAN_POINT('',(141.,-82.47,-4.6E-02));
#6583 = DIRECTION('',(-0.,-0.,-1.));
#6584 = DIRECTION('',(-0.,-1.,0.));
#6585 = ADVANCED_FACE('',(#6586),#6597,.F.);
#6586 = FACE_BOUND('',#6587,.T.);
#6587 = EDGE_LOOP('',(#6588,#6589,#6595,#6596));
#6588 = ORIENTED_EDGE('',*,*,#1656,.T.);
#6589 = ORIENTED_EDGE('',*,*,#6590,.T.);
#6590 = EDGE_CURVE('',#1657,#3651,#6591,.T.);
#6591 = LINE('',#6592,#6593);
#6592 = CARTESIAN_POINT('',(148.62,-82.87,-4.6E-02));
#6593 = VECTOR('',#6594,1.);
#6594 = DIRECTION('',(0.,0.,1.));
#6595 = ORIENTED_EDGE('',*,*,#3650,.F.);
#6596 = ORIENTED_EDGE('',*,*,#6590,.F.);
#6597 = CYLINDRICAL_SURFACE('',#6598,0.4);
#6598 = AXIS2_PLACEMENT_3D('',#6599,#6600,#6601);
#6599 = CARTESIAN_POINT('',(148.62,-82.47,-4.6E-02));
#6600 = DIRECTION('',(-0.,-0.,-1.));
#6601 = DIRECTION('',(-0.,-1.,0.));
#6602 = ADVANCED_FACE('',(#6603),#6614,.F.);
#6603 = FACE_BOUND('',#6604,.T.);
#6604 = EDGE_LOOP('',(#6605,#6606,#6612,#6613));
#6605 = ORIENTED_EDGE('',*,*,#1667,.T.);
#6606 = ORIENTED_EDGE('',*,*,#6607,.T.);
#6607 = EDGE_CURVE('',#1668,#3662,#6608,.T.);
#6608 = LINE('',#6609,#6610);
#6609 = CARTESIAN_POINT('',(103.706233,-78.7397,-4.6E-02));
#6610 = VECTOR('',#6611,1.);
#6611 = DIRECTION('',(0.,0.,1.));
#6612 = ORIENTED_EDGE('',*,*,#3661,.F.);
#6613 = ORIENTED_EDGE('',*,*,#6607,.F.);
#6614 = CYLINDRICAL_SURFACE('',#6615,0.5715);
#6615 = AXIS2_PLACEMENT_3D('',#6616,#6617,#6618);
#6616 = CARTESIAN_POINT('',(103.706233,-78.1682,-4.6E-02));
#6617 = DIRECTION('',(-0.,-0.,-1.));
#6618 = DIRECTION('',(-0.,-1.,0.));
#6619 = ADVANCED_FACE('',(#6620),#6631,.F.);
#6620 = FACE_BOUND('',#6621,.T.);
#6621 = EDGE_LOOP('',(#6622,#6623,#6629,#6630));
#6622 = ORIENTED_EDGE('',*,*,#1678,.T.);
#6623 = ORIENTED_EDGE('',*,*,#6624,.T.);
#6624 = EDGE_CURVE('',#1679,#3673,#6625,.T.);
#6625 = LINE('',#6626,#6627);
#6626 = CARTESIAN_POINT('',(112.119566,-78.7397,-4.6E-02));
#6627 = VECTOR('',#6628,1.);
#6628 = DIRECTION('',(0.,0.,1.));
#6629 = ORIENTED_EDGE('',*,*,#3672,.F.);
#6630 = ORIENTED_EDGE('',*,*,#6624,.F.);
#6631 = CYLINDRICAL_SURFACE('',#6632,0.5715);
#6632 = AXIS2_PLACEMENT_3D('',#6633,#6634,#6635);
#6633 = CARTESIAN_POINT('',(112.119566,-78.1682,-4.6E-02));
#6634 = DIRECTION('',(-0.,-0.,-1.));
#6635 = DIRECTION('',(-0.,-1.,0.));
#6636 = ADVANCED_FACE('',(#6637),#6648,.F.);
#6637 = FACE_BOUND('',#6638,.T.);
#6638 = EDGE_LOOP('',(#6639,#6640,#6646,#6647));
#6639 = ORIENTED_EDGE('',*,*,#1689,.T.);
#6640 = ORIENTED_EDGE('',*,*,#6641,.T.);
#6641 = EDGE_CURVE('',#1690,#3684,#6642,.T.);
#6642 = LINE('',#6643,#6644);
#6643 = CARTESIAN_POINT('',(114.659566,-78.7397,-4.6E-02));
#6644 = VECTOR('',#6645,1.);
#6645 = DIRECTION('',(0.,0.,1.));
#6646 = ORIENTED_EDGE('',*,*,#3683,.F.);
#6647 = ORIENTED_EDGE('',*,*,#6641,.F.);
#6648 = CYLINDRICAL_SURFACE('',#6649,0.5715);
#6649 = AXIS2_PLACEMENT_3D('',#6650,#6651,#6652);
#6650 = CARTESIAN_POINT('',(114.659566,-78.1682,-4.6E-02));
#6651 = DIRECTION('',(-0.,-0.,-1.));
#6652 = DIRECTION('',(-0.,-1.,0.));
#6653 = ADVANCED_FACE('',(#6654),#6665,.F.);
#6654 = FACE_BOUND('',#6655,.T.);
#6655 = EDGE_LOOP('',(#6656,#6657,#6663,#6664));
#6656 = ORIENTED_EDGE('',*,*,#1700,.T.);
#6657 = ORIENTED_EDGE('',*,*,#6658,.T.);
#6658 = EDGE_CURVE('',#1701,#3695,#6659,.T.);
#6659 = LINE('',#6660,#6661);
#6660 = CARTESIAN_POINT('',(117.199566,-78.7397,-4.6E-02));
#6661 = VECTOR('',#6662,1.);
#6662 = DIRECTION('',(0.,0.,1.));
#6663 = ORIENTED_EDGE('',*,*,#3694,.F.);
#6664 = ORIENTED_EDGE('',*,*,#6658,.F.);
#6665 = CYLINDRICAL_SURFACE('',#6666,0.5715);
#6666 = AXIS2_PLACEMENT_3D('',#6667,#6668,#6669);
#6667 = CARTESIAN_POINT('',(117.199566,-78.1682,-4.6E-02));
#6668 = DIRECTION('',(-0.,-0.,-1.));
#6669 = DIRECTION('',(-0.,-1.,0.));
#6670 = ADVANCED_FACE('',(#6671),#6682,.F.);
#6671 = FACE_BOUND('',#6672,.T.);
#6672 = EDGE_LOOP('',(#6673,#6674,#6680,#6681));
#6673 = ORIENTED_EDGE('',*,*,#1711,.T.);
#6674 = ORIENTED_EDGE('',*,*,#6675,.T.);
#6675 = EDGE_CURVE('',#1712,#3706,#6676,.T.);
#6676 = LINE('',#6677,#6678);
#6677 = CARTESIAN_POINT('',(151.47,-95.07,-4.6E-02));
#6678 = VECTOR('',#6679,1.);
#6679 = DIRECTION('',(0.,0.,1.));
#6680 = ORIENTED_EDGE('',*,*,#3705,.F.);
#6681 = ORIENTED_EDGE('',*,*,#6675,.F.);
#6682 = CYLINDRICAL_SURFACE('',#6683,0.4);
#6683 = AXIS2_PLACEMENT_3D('',#6684,#6685,#6686);
#6684 = CARTESIAN_POINT('',(151.47,-94.67,-4.6E-02));
#6685 = DIRECTION('',(-0.,-0.,-1.));
#6686 = DIRECTION('',(-0.,-1.,0.));
#6687 = ADVANCED_FACE('',(#6688),#6699,.F.);
#6688 = FACE_BOUND('',#6689,.T.);
#6689 = EDGE_LOOP('',(#6690,#6691,#6697,#6698));
#6690 = ORIENTED_EDGE('',*,*,#1722,.T.);
#6691 = ORIENTED_EDGE('',*,*,#6692,.T.);
#6692 = EDGE_CURVE('',#1723,#3717,#6693,.T.);
#6693 = LINE('',#6694,#6695);
#6694 = CARTESIAN_POINT('',(154.01,-95.07,-4.6E-02));
#6695 = VECTOR('',#6696,1.);
#6696 = DIRECTION('',(0.,0.,1.));
#6697 = ORIENTED_EDGE('',*,*,#3716,.F.);
#6698 = ORIENTED_EDGE('',*,*,#6692,.F.);
#6699 = CYLINDRICAL_SURFACE('',#6700,0.4);
#6700 = AXIS2_PLACEMENT_3D('',#6701,#6702,#6703);
#6701 = CARTESIAN_POINT('',(154.01,-94.67,-4.6E-02));
#6702 = DIRECTION('',(-0.,-0.,-1.));
#6703 = DIRECTION('',(-0.,-1.,0.));
#6704 = ADVANCED_FACE('',(#6705),#6716,.F.);
#6705 = FACE_BOUND('',#6706,.T.);
#6706 = EDGE_LOOP('',(#6707,#6708,#6714,#6715));
#6707 = ORIENTED_EDGE('',*,*,#1733,.T.);
#6708 = ORIENTED_EDGE('',*,*,#6709,.T.);
#6709 = EDGE_CURVE('',#1734,#3728,#6710,.T.);
#6710 = LINE('',#6711,#6712);
#6711 = CARTESIAN_POINT('',(186.14,-98.32,-4.6E-02));
#6712 = VECTOR('',#6713,1.);
#6713 = DIRECTION('',(0.,0.,1.));
#6714 = ORIENTED_EDGE('',*,*,#3727,.F.);
#6715 = ORIENTED_EDGE('',*,*,#6709,.F.);
#6716 = CYLINDRICAL_SURFACE('',#6717,0.4);
#6717 = AXIS2_PLACEMENT_3D('',#6718,#6719,#6720);
#6718 = CARTESIAN_POINT('',(186.14,-97.92,-4.6E-02));
#6719 = DIRECTION('',(-0.,-0.,-1.));
#6720 = DIRECTION('',(-0.,-1.,0.));
#6721 = ADVANCED_FACE('',(#6722),#6733,.F.);
#6722 = FACE_BOUND('',#6723,.T.);
#6723 = EDGE_LOOP('',(#6724,#6725,#6731,#6732));
#6724 = ORIENTED_EDGE('',*,*,#1744,.T.);
#6725 = ORIENTED_EDGE('',*,*,#6726,.T.);
#6726 = EDGE_CURVE('',#1745,#3739,#6727,.T.);
#6727 = LINE('',#6728,#6729);
#6728 = CARTESIAN_POINT('',(193.76,-98.32,-4.6E-02));
#6729 = VECTOR('',#6730,1.);
#6730 = DIRECTION('',(0.,0.,1.));
#6731 = ORIENTED_EDGE('',*,*,#3738,.F.);
#6732 = ORIENTED_EDGE('',*,*,#6726,.F.);
#6733 = CYLINDRICAL_SURFACE('',#6734,0.4);
#6734 = AXIS2_PLACEMENT_3D('',#6735,#6736,#6737);
#6735 = CARTESIAN_POINT('',(193.76,-97.92,-4.6E-02));
#6736 = DIRECTION('',(-0.,-0.,-1.));
#6737 = DIRECTION('',(-0.,-1.,0.));
#6738 = ADVANCED_FACE('',(#6739),#6750,.F.);
#6739 = FACE_BOUND('',#6740,.T.);
#6740 = EDGE_LOOP('',(#6741,#6742,#6748,#6749));
#6741 = ORIENTED_EDGE('',*,*,#1755,.T.);
#6742 = ORIENTED_EDGE('',*,*,#6743,.T.);
#6743 = EDGE_CURVE('',#1756,#3750,#6744,.T.);
#6744 = LINE('',#6745,#6746);
#6745 = CARTESIAN_POINT('',(151.61,-90.48,-4.6E-02));
#6746 = VECTOR('',#6747,1.);
#6747 = DIRECTION('',(0.,0.,1.));
#6748 = ORIENTED_EDGE('',*,*,#3749,.F.);
#6749 = ORIENTED_EDGE('',*,*,#6743,.F.);
#6750 = CYLINDRICAL_SURFACE('',#6751,0.4);
#6751 = AXIS2_PLACEMENT_3D('',#6752,#6753,#6754);
#6752 = CARTESIAN_POINT('',(151.61,-90.08,-4.6E-02));
#6753 = DIRECTION('',(-0.,-0.,-1.));
#6754 = DIRECTION('',(-0.,-1.,0.));
#6755 = ADVANCED_FACE('',(#6756),#6767,.F.);
#6756 = FACE_BOUND('',#6757,.T.);
#6757 = EDGE_LOOP('',(#6758,#6759,#6765,#6766));
#6758 = ORIENTED_EDGE('',*,*,#1766,.T.);
#6759 = ORIENTED_EDGE('',*,*,#6760,.T.);
#6760 = EDGE_CURVE('',#1767,#3761,#6761,.T.);
#6761 = LINE('',#6762,#6763);
#6762 = CARTESIAN_POINT('',(158.08,-90.49,-4.6E-02));
#6763 = VECTOR('',#6764,1.);
#6764 = DIRECTION('',(0.,0.,1.));
#6765 = ORIENTED_EDGE('',*,*,#3760,.F.);
#6766 = ORIENTED_EDGE('',*,*,#6760,.F.);
#6767 = CYLINDRICAL_SURFACE('',#6768,0.4);
#6768 = AXIS2_PLACEMENT_3D('',#6769,#6770,#6771);
#6769 = CARTESIAN_POINT('',(158.08,-90.09,-4.6E-02));
#6770 = DIRECTION('',(-0.,0.,-1.));
#6771 = DIRECTION('',(7.105427357601E-14,-1.,-0.));
#6772 = ADVANCED_FACE('',(#6773),#6784,.F.);
#6773 = FACE_BOUND('',#6774,.T.);
#6774 = EDGE_LOOP('',(#6775,#6776,#6782,#6783));
#6775 = ORIENTED_EDGE('',*,*,#1777,.T.);
#6776 = ORIENTED_EDGE('',*,*,#6777,.T.);
#6777 = EDGE_CURVE('',#1778,#3772,#6778,.T.);
#6778 = LINE('',#6779,#6780);
#6779 = CARTESIAN_POINT('',(161.48,-89.08,-4.6E-02));
#6780 = VECTOR('',#6781,1.);
#6781 = DIRECTION('',(0.,0.,1.));
#6782 = ORIENTED_EDGE('',*,*,#3771,.F.);
#6783 = ORIENTED_EDGE('',*,*,#6777,.F.);
#6784 = CYLINDRICAL_SURFACE('',#6785,0.4);
#6785 = AXIS2_PLACEMENT_3D('',#6786,#6787,#6788);
#6786 = CARTESIAN_POINT('',(161.48,-88.68,-4.6E-02));
#6787 = DIRECTION('',(-0.,-0.,-1.));
#6788 = DIRECTION('',(-7.105427357601E-14,-1.,0.));
#6789 = ADVANCED_FACE('',(#6790),#6801,.F.);
#6790 = FACE_BOUND('',#6791,.T.);
#6791 = EDGE_LOOP('',(#6792,#6793,#6799,#6800));
#6792 = ORIENTED_EDGE('',*,*,#1788,.T.);
#6793 = ORIENTED_EDGE('',*,*,#6794,.T.);
#6794 = EDGE_CURVE('',#1789,#3783,#6795,.T.);
#6795 = LINE('',#6796,#6797);
#6796 = CARTESIAN_POINT('',(169.88,-90.49,-4.6E-02));
#6797 = VECTOR('',#6798,1.);
#6798 = DIRECTION('',(0.,0.,1.));
#6799 = ORIENTED_EDGE('',*,*,#3782,.F.);
#6800 = ORIENTED_EDGE('',*,*,#6794,.F.);
#6801 = CYLINDRICAL_SURFACE('',#6802,0.4);
#6802 = AXIS2_PLACEMENT_3D('',#6803,#6804,#6805);
#6803 = CARTESIAN_POINT('',(169.88,-90.09,-4.6E-02));
#6804 = DIRECTION('',(-0.,-0.,-1.));
#6805 = DIRECTION('',(-0.,-1.,0.));
#6806 = ADVANCED_FACE('',(#6807),#6818,.F.);
#6807 = FACE_BOUND('',#6808,.T.);
#6808 = EDGE_LOOP('',(#6809,#6810,#6816,#6817));
#6809 = ORIENTED_EDGE('',*,*,#1799,.T.);
#6810 = ORIENTED_EDGE('',*,*,#6811,.T.);
#6811 = EDGE_CURVE('',#1800,#3794,#6812,.T.);
#6812 = LINE('',#6813,#6814);
#6813 = CARTESIAN_POINT('',(164.02,-89.08,-4.6E-02));
#6814 = VECTOR('',#6815,1.);
#6815 = DIRECTION('',(0.,0.,1.));
#6816 = ORIENTED_EDGE('',*,*,#3793,.F.);
#6817 = ORIENTED_EDGE('',*,*,#6811,.F.);
#6818 = CYLINDRICAL_SURFACE('',#6819,0.4);
#6819 = AXIS2_PLACEMENT_3D('',#6820,#6821,#6822);
#6820 = CARTESIAN_POINT('',(164.02,-88.68,-4.6E-02));
#6821 = DIRECTION('',(-0.,0.,-1.));
#6822 = DIRECTION('',(7.105427357601E-14,-1.,-0.));
#6823 = ADVANCED_FACE('',(#6824),#6835,.F.);
#6824 = FACE_BOUND('',#6825,.T.);
#6825 = EDGE_LOOP('',(#6826,#6827,#6833,#6834));
#6826 = ORIENTED_EDGE('',*,*,#1810,.T.);
#6827 = ORIENTED_EDGE('',*,*,#6828,.T.);
#6828 = EDGE_CURVE('',#1811,#3805,#6829,.T.);
#6829 = LINE('',#6830,#6831);
#6830 = CARTESIAN_POINT('',(166.56,-89.08,-4.6E-02));
#6831 = VECTOR('',#6832,1.);
#6832 = DIRECTION('',(0.,0.,1.));
#6833 = ORIENTED_EDGE('',*,*,#3804,.F.);
#6834 = ORIENTED_EDGE('',*,*,#6828,.F.);
#6835 = CYLINDRICAL_SURFACE('',#6836,0.4);
#6836 = AXIS2_PLACEMENT_3D('',#6837,#6838,#6839);
#6837 = CARTESIAN_POINT('',(166.56,-88.68,-4.6E-02));
#6838 = DIRECTION('',(-0.,-0.,-1.));
#6839 = DIRECTION('',(-0.,-1.,0.));
#6840 = ADVANCED_FACE('',(#6841),#6852,.F.);
#6841 = FACE_BOUND('',#6842,.T.);
#6842 = EDGE_LOOP('',(#6843,#6844,#6850,#6851));
#6843 = ORIENTED_EDGE('',*,*,#1821,.T.);
#6844 = ORIENTED_EDGE('',*,*,#6845,.T.);
#6845 = EDGE_CURVE('',#1822,#3816,#6846,.T.);
#6846 = LINE('',#6847,#6848);
#6847 = CARTESIAN_POINT('',(186.14,-93.32,-4.6E-02));
#6848 = VECTOR('',#6849,1.);
#6849 = DIRECTION('',(0.,0.,1.));
#6850 = ORIENTED_EDGE('',*,*,#3815,.F.);
#6851 = ORIENTED_EDGE('',*,*,#6845,.F.);
#6852 = CYLINDRICAL_SURFACE('',#6853,0.4);
#6853 = AXIS2_PLACEMENT_3D('',#6854,#6855,#6856);
#6854 = CARTESIAN_POINT('',(186.14,-92.92,-4.6E-02));
#6855 = DIRECTION('',(-0.,-0.,-1.));
#6856 = DIRECTION('',(-0.,-1.,0.));
#6857 = ADVANCED_FACE('',(#6858),#6869,.F.);
#6858 = FACE_BOUND('',#6859,.T.);
#6859 = EDGE_LOOP('',(#6860,#6861,#6867,#6868));
#6860 = ORIENTED_EDGE('',*,*,#1832,.T.);
#6861 = ORIENTED_EDGE('',*,*,#6862,.T.);
#6862 = EDGE_CURVE('',#1833,#3827,#6863,.T.);
#6863 = LINE('',#6864,#6865);
#6864 = CARTESIAN_POINT('',(193.76,-93.32,-4.6E-02));
#6865 = VECTOR('',#6866,1.);
#6866 = DIRECTION('',(0.,0.,1.));
#6867 = ORIENTED_EDGE('',*,*,#3826,.F.);
#6868 = ORIENTED_EDGE('',*,*,#6862,.F.);
#6869 = CYLINDRICAL_SURFACE('',#6870,0.4);
#6870 = AXIS2_PLACEMENT_3D('',#6871,#6872,#6873);
#6871 = CARTESIAN_POINT('',(193.76,-92.92,-4.6E-02));
#6872 = DIRECTION('',(-0.,-0.,-1.));
#6873 = DIRECTION('',(-0.,-1.,0.));
#6874 = ADVANCED_FACE('',(#6875),#6886,.F.);
#6875 = FACE_BOUND('',#6876,.T.);
#6876 = EDGE_LOOP('',(#6877,#6878,#6884,#6885));
#6877 = ORIENTED_EDGE('',*,*,#1843,.T.);
#6878 = ORIENTED_EDGE('',*,*,#6879,.T.);
#6879 = EDGE_CURVE('',#1844,#3838,#6880,.T.);
#6880 = LINE('',#6881,#6882);
#6881 = CARTESIAN_POINT('',(175.95,-88.83,-4.6E-02));
#6882 = VECTOR('',#6883,1.);
#6883 = DIRECTION('',(0.,0.,1.));
#6884 = ORIENTED_EDGE('',*,*,#3837,.F.);
#6885 = ORIENTED_EDGE('',*,*,#6879,.F.);
#6886 = CYLINDRICAL_SURFACE('',#6887,0.4);
#6887 = AXIS2_PLACEMENT_3D('',#6888,#6889,#6890);
#6888 = CARTESIAN_POINT('',(175.95,-88.43,-4.6E-02));
#6889 = DIRECTION('',(-0.,-0.,-1.));
#6890 = DIRECTION('',(-0.,-1.,0.));
#6891 = ADVANCED_FACE('',(#6892),#6903,.F.);
#6892 = FACE_BOUND('',#6893,.T.);
#6893 = EDGE_LOOP('',(#6894,#6895,#6901,#6902));
#6894 = ORIENTED_EDGE('',*,*,#1854,.T.);
#6895 = ORIENTED_EDGE('',*,*,#6896,.T.);
#6896 = EDGE_CURVE('',#1855,#3849,#6897,.T.);
#6897 = LINE('',#6898,#6899);
#6898 = CARTESIAN_POINT('',(178.49,-88.83,-4.6E-02));
#6899 = VECTOR('',#6900,1.);
#6900 = DIRECTION('',(0.,0.,1.));
#6901 = ORIENTED_EDGE('',*,*,#3848,.F.);
#6902 = ORIENTED_EDGE('',*,*,#6896,.F.);
#6903 = CYLINDRICAL_SURFACE('',#6904,0.4);
#6904 = AXIS2_PLACEMENT_3D('',#6905,#6906,#6907);
#6905 = CARTESIAN_POINT('',(178.49,-88.43,-4.6E-02));
#6906 = DIRECTION('',(-0.,-0.,-1.));
#6907 = DIRECTION('',(-0.,-1.,0.));
#6908 = ADVANCED_FACE('',(#6909),#6920,.F.);
#6909 = FACE_BOUND('',#6910,.T.);
#6910 = EDGE_LOOP('',(#6911,#6912,#6918,#6919));
#6911 = ORIENTED_EDGE('',*,*,#1865,.T.);
#6912 = ORIENTED_EDGE('',*,*,#6913,.T.);
#6913 = EDGE_CURVE('',#1866,#3860,#6914,.T.);
#6914 = LINE('',#6915,#6916);
#6915 = CARTESIAN_POINT('',(181.03,-88.83,-4.6E-02));
#6916 = VECTOR('',#6917,1.);
#6917 = DIRECTION('',(0.,0.,1.));
#6918 = ORIENTED_EDGE('',*,*,#3859,.F.);
#6919 = ORIENTED_EDGE('',*,*,#6913,.F.);
#6920 = CYLINDRICAL_SURFACE('',#6921,0.4);
#6921 = AXIS2_PLACEMENT_3D('',#6922,#6923,#6924);
#6922 = CARTESIAN_POINT('',(181.03,-88.43,-4.6E-02));
#6923 = DIRECTION('',(-0.,-0.,-1.));
#6924 = DIRECTION('',(-0.,-1.,0.));
#6925 = ADVANCED_FACE('',(#6926),#6937,.F.);
#6926 = FACE_BOUND('',#6927,.T.);
#6927 = EDGE_LOOP('',(#6928,#6929,#6935,#6936));
#6928 = ORIENTED_EDGE('',*,*,#1876,.T.);
#6929 = ORIENTED_EDGE('',*,*,#6930,.T.);
#6930 = EDGE_CURVE('',#1877,#3871,#6931,.T.);
#6931 = LINE('',#6932,#6933);
#6932 = CARTESIAN_POINT('',(186.2,-88.61,-4.6E-02));
#6933 = VECTOR('',#6934,1.);
#6934 = DIRECTION('',(0.,0.,1.));
#6935 = ORIENTED_EDGE('',*,*,#3870,.F.);
#6936 = ORIENTED_EDGE('',*,*,#6930,.F.);
#6937 = CYLINDRICAL_SURFACE('',#6938,0.4);
#6938 = AXIS2_PLACEMENT_3D('',#6939,#6940,#6941);
#6939 = CARTESIAN_POINT('',(186.2,-88.21,-4.6E-02));
#6940 = DIRECTION('',(-0.,-0.,-1.));
#6941 = DIRECTION('',(-0.,-1.,0.));
#6942 = ADVANCED_FACE('',(#6943),#6954,.F.);
#6943 = FACE_BOUND('',#6944,.T.);
#6944 = EDGE_LOOP('',(#6945,#6946,#6952,#6953));
#6945 = ORIENTED_EDGE('',*,*,#1887,.T.);
#6946 = ORIENTED_EDGE('',*,*,#6947,.T.);
#6947 = EDGE_CURVE('',#1888,#3882,#6948,.T.);
#6948 = LINE('',#6949,#6950);
#6949 = CARTESIAN_POINT('',(197.8,-88.62,-4.6E-02));
#6950 = VECTOR('',#6951,1.);
#6951 = DIRECTION('',(0.,0.,1.));
#6952 = ORIENTED_EDGE('',*,*,#3881,.F.);
#6953 = ORIENTED_EDGE('',*,*,#6947,.F.);
#6954 = CYLINDRICAL_SURFACE('',#6955,0.4);
#6955 = AXIS2_PLACEMENT_3D('',#6956,#6957,#6958);
#6956 = CARTESIAN_POINT('',(197.8,-88.22,-4.6E-02));
#6957 = DIRECTION('',(-0.,-0.,-1.));
#6958 = DIRECTION('',(-0.,-1.,0.));
#6959 = ADVANCED_FACE('',(#6960),#6971,.F.);
#6960 = FACE_BOUND('',#6961,.T.);
#6961 = EDGE_LOOP('',(#6962,#6963,#6969,#6970));
#6962 = ORIENTED_EDGE('',*,*,#1898,.T.);
#6963 = ORIENTED_EDGE('',*,*,#6964,.T.);
#6964 = EDGE_CURVE('',#1899,#3893,#6965,.T.);
#6965 = LINE('',#6966,#6967);
#6966 = CARTESIAN_POINT('',(161.46,-84.6,-4.6E-02));
#6967 = VECTOR('',#6968,1.);
#6968 = DIRECTION('',(0.,0.,1.));
#6969 = ORIENTED_EDGE('',*,*,#3892,.F.);
#6970 = ORIENTED_EDGE('',*,*,#6964,.F.);
#6971 = CYLINDRICAL_SURFACE('',#6972,0.4);
#6972 = AXIS2_PLACEMENT_3D('',#6973,#6974,#6975);
#6973 = CARTESIAN_POINT('',(161.46,-84.2,-4.6E-02));
#6974 = DIRECTION('',(-0.,-0.,-1.));
#6975 = DIRECTION('',(-0.,-1.,0.));
#6976 = ADVANCED_FACE('',(#6977),#6988,.F.);
#6977 = FACE_BOUND('',#6978,.T.);
#6978 = EDGE_LOOP('',(#6979,#6980,#6986,#6987));
#6979 = ORIENTED_EDGE('',*,*,#1909,.T.);
#6980 = ORIENTED_EDGE('',*,*,#6981,.T.);
#6981 = EDGE_CURVE('',#1910,#3904,#6982,.T.);
#6982 = LINE('',#6983,#6984);
#6983 = CARTESIAN_POINT('',(151.61,-82.86,-4.6E-02));
#6984 = VECTOR('',#6985,1.);
#6985 = DIRECTION('',(0.,0.,1.));
#6986 = ORIENTED_EDGE('',*,*,#3903,.F.);
#6987 = ORIENTED_EDGE('',*,*,#6981,.F.);
#6988 = CYLINDRICAL_SURFACE('',#6989,0.4);
#6989 = AXIS2_PLACEMENT_3D('',#6990,#6991,#6992);
#6990 = CARTESIAN_POINT('',(151.61,-82.46,-4.6E-02));
#6991 = DIRECTION('',(-0.,-0.,-1.));
#6992 = DIRECTION('',(-0.,-1.,0.));
#6993 = ADVANCED_FACE('',(#6994),#7005,.F.);
#6994 = FACE_BOUND('',#6995,.T.);
#6995 = EDGE_LOOP('',(#6996,#6997,#7003,#7004));
#6996 = ORIENTED_EDGE('',*,*,#1920,.T.);
#6997 = ORIENTED_EDGE('',*,*,#6998,.T.);
#6998 = EDGE_CURVE('',#1921,#3915,#6999,.T.);
#6999 = LINE('',#7000,#7001);
#7000 = CARTESIAN_POINT('',(158.08,-82.87,-4.6E-02));
#7001 = VECTOR('',#7002,1.);
#7002 = DIRECTION('',(0.,0.,1.));
#7003 = ORIENTED_EDGE('',*,*,#3914,.F.);
#7004 = ORIENTED_EDGE('',*,*,#6998,.F.);
#7005 = CYLINDRICAL_SURFACE('',#7006,0.4);
#7006 = AXIS2_PLACEMENT_3D('',#7007,#7008,#7009);
#7007 = CARTESIAN_POINT('',(158.08,-82.47,-4.6E-02));
#7008 = DIRECTION('',(-0.,0.,-1.));
#7009 = DIRECTION('',(7.105427357601E-14,-1.,-0.));
#7010 = ADVANCED_FACE('',(#7011),#7022,.F.);
#7011 = FACE_BOUND('',#7012,.T.);
#7012 = EDGE_LOOP('',(#7013,#7014,#7020,#7021));
#7013 = ORIENTED_EDGE('',*,*,#1931,.T.);
#7014 = ORIENTED_EDGE('',*,*,#7015,.T.);
#7015 = EDGE_CURVE('',#1932,#3926,#7016,.T.);
#7016 = LINE('',#7017,#7018);
#7017 = CARTESIAN_POINT('',(164.,-84.6,-4.6E-02));
#7018 = VECTOR('',#7019,1.);
#7019 = DIRECTION('',(0.,0.,1.));
#7020 = ORIENTED_EDGE('',*,*,#3925,.F.);
#7021 = ORIENTED_EDGE('',*,*,#7015,.F.);
#7022 = CYLINDRICAL_SURFACE('',#7023,0.4);
#7023 = AXIS2_PLACEMENT_3D('',#7024,#7025,#7026);
#7024 = CARTESIAN_POINT('',(164.,-84.2,-4.6E-02));
#7025 = DIRECTION('',(-0.,-0.,-1.));
#7026 = DIRECTION('',(-0.,-1.,0.));
#7027 = ADVANCED_FACE('',(#7028),#7039,.F.);
#7028 = FACE_BOUND('',#7029,.T.);
#7029 = EDGE_LOOP('',(#7030,#7031,#7037,#7038));
#7030 = ORIENTED_EDGE('',*,*,#1942,.T.);
#7031 = ORIENTED_EDGE('',*,*,#7032,.T.);
#7032 = EDGE_CURVE('',#1943,#3937,#7033,.T.);
#7033 = LINE('',#7034,#7035);
#7034 = CARTESIAN_POINT('',(166.54,-84.6,-4.6E-02));
#7035 = VECTOR('',#7036,1.);
#7036 = DIRECTION('',(0.,0.,1.));
#7037 = ORIENTED_EDGE('',*,*,#3936,.F.);
#7038 = ORIENTED_EDGE('',*,*,#7032,.F.);
#7039 = CYLINDRICAL_SURFACE('',#7040,0.4);
#7040 = AXIS2_PLACEMENT_3D('',#7041,#7042,#7043);
#7041 = CARTESIAN_POINT('',(166.54,-84.2,-4.6E-02));
#7042 = DIRECTION('',(-0.,-0.,-1.));
#7043 = DIRECTION('',(-0.,-1.,0.));
#7044 = ADVANCED_FACE('',(#7045),#7056,.F.);
#7045 = FACE_BOUND('',#7046,.T.);
#7046 = EDGE_LOOP('',(#7047,#7048,#7054,#7055));
#7047 = ORIENTED_EDGE('',*,*,#1953,.T.);
#7048 = ORIENTED_EDGE('',*,*,#7049,.T.);
#7049 = EDGE_CURVE('',#1954,#3948,#7050,.T.);
#7050 = LINE('',#7051,#7052);
#7051 = CARTESIAN_POINT('',(169.88,-82.87,-4.6E-02));
#7052 = VECTOR('',#7053,1.);
#7053 = DIRECTION('',(0.,0.,1.));
#7054 = ORIENTED_EDGE('',*,*,#3947,.F.);
#7055 = ORIENTED_EDGE('',*,*,#7049,.F.);
#7056 = CYLINDRICAL_SURFACE('',#7057,0.4);
#7057 = AXIS2_PLACEMENT_3D('',#7058,#7059,#7060);
#7058 = CARTESIAN_POINT('',(169.88,-82.47,-4.6E-02));
#7059 = DIRECTION('',(-0.,-0.,-1.));
#7060 = DIRECTION('',(-0.,-1.,0.));
#7061 = ADVANCED_FACE('',(#7062),#7073,.F.);
#7062 = FACE_BOUND('',#7063,.T.);
#7063 = EDGE_LOOP('',(#7064,#7065,#7071,#7072));
#7064 = ORIENTED_EDGE('',*,*,#1964,.T.);
#7065 = ORIENTED_EDGE('',*,*,#7066,.T.);
#7066 = EDGE_CURVE('',#1965,#3959,#7067,.T.);
#7067 = LINE('',#7068,#7069);
#7068 = CARTESIAN_POINT('',(189.48,-87.01,-4.6E-02));
#7069 = VECTOR('',#7070,1.);
#7070 = DIRECTION('',(0.,0.,1.));
#7071 = ORIENTED_EDGE('',*,*,#3958,.F.);
#7072 = ORIENTED_EDGE('',*,*,#7066,.F.);
#7073 = CYLINDRICAL_SURFACE('',#7074,0.4);
#7074 = AXIS2_PLACEMENT_3D('',#7075,#7076,#7077);
#7075 = CARTESIAN_POINT('',(189.48,-86.61,-4.6E-02));
#7076 = DIRECTION('',(-0.,-0.,-1.));
#7077 = DIRECTION('',(-7.105427357601E-14,-1.,0.));
#7078 = ADVANCED_FACE('',(#7079),#7090,.F.);
#7079 = FACE_BOUND('',#7080,.T.);
#7080 = EDGE_LOOP('',(#7081,#7082,#7088,#7089));
#7081 = ORIENTED_EDGE('',*,*,#1975,.T.);
#7082 = ORIENTED_EDGE('',*,*,#7083,.T.);
#7083 = EDGE_CURVE('',#1976,#3970,#7084,.T.);
#7084 = LINE('',#7085,#7086);
#7085 = CARTESIAN_POINT('',(192.02,-87.01,-4.6E-02));
#7086 = VECTOR('',#7087,1.);
#7087 = DIRECTION('',(0.,0.,1.));
#7088 = ORIENTED_EDGE('',*,*,#3969,.F.);
#7089 = ORIENTED_EDGE('',*,*,#7083,.F.);
#7090 = CYLINDRICAL_SURFACE('',#7091,0.4);
#7091 = AXIS2_PLACEMENT_3D('',#7092,#7093,#7094);
#7092 = CARTESIAN_POINT('',(192.02,-86.61,-4.6E-02));
#7093 = DIRECTION('',(-0.,0.,-1.));
#7094 = DIRECTION('',(7.105427357601E-14,-1.,-0.));
#7095 = ADVANCED_FACE('',(#7096),#7107,.F.);
#7096 = FACE_BOUND('',#7097,.T.);
#7097 = EDGE_LOOP('',(#7098,#7099,#7105,#7106));
#7098 = ORIENTED_EDGE('',*,*,#1986,.T.);
#7099 = ORIENTED_EDGE('',*,*,#7100,.T.);
#7100 = EDGE_CURVE('',#1987,#3981,#7101,.T.);
#7101 = LINE('',#7102,#7103);
#7102 = CARTESIAN_POINT('',(194.56,-87.01,-4.6E-02));
#7103 = VECTOR('',#7104,1.);
#7104 = DIRECTION('',(0.,0.,1.));
#7105 = ORIENTED_EDGE('',*,*,#3980,.F.);
#7106 = ORIENTED_EDGE('',*,*,#7100,.F.);
#7107 = CYLINDRICAL_SURFACE('',#7108,0.4);
#7108 = AXIS2_PLACEMENT_3D('',#7109,#7110,#7111);
#7109 = CARTESIAN_POINT('',(194.56,-86.61,-4.6E-02));
#7110 = DIRECTION('',(-0.,-0.,-1.));
#7111 = DIRECTION('',(-0.,-1.,0.));
#7112 = ADVANCED_FACE('',(#7113),#7124,.F.);
#7113 = FACE_BOUND('',#7114,.T.);
#7114 = EDGE_LOOP('',(#7115,#7116,#7122,#7123));
#7115 = ORIENTED_EDGE('',*,*,#1997,.T.);
#7116 = ORIENTED_EDGE('',*,*,#7117,.T.);
#7117 = EDGE_CURVE('',#1998,#3992,#7118,.T.);
#7118 = LINE('',#7119,#7120);
#7119 = CARTESIAN_POINT('',(175.88,-84.45,-4.6E-02));
#7120 = VECTOR('',#7121,1.);
#7121 = DIRECTION('',(0.,0.,1.));
#7122 = ORIENTED_EDGE('',*,*,#3991,.F.);
#7123 = ORIENTED_EDGE('',*,*,#7117,.F.);
#7124 = CYLINDRICAL_SURFACE('',#7125,0.4);
#7125 = AXIS2_PLACEMENT_3D('',#7126,#7127,#7128);
#7126 = CARTESIAN_POINT('',(175.88,-84.05,-4.6E-02));
#7127 = DIRECTION('',(-0.,-0.,-1.));
#7128 = DIRECTION('',(-0.,-1.,0.));
#7129 = ADVANCED_FACE('',(#7130),#7141,.F.);
#7130 = FACE_BOUND('',#7131,.T.);
#7131 = EDGE_LOOP('',(#7132,#7133,#7139,#7140));
#7132 = ORIENTED_EDGE('',*,*,#2008,.T.);
#7133 = ORIENTED_EDGE('',*,*,#7134,.T.);
#7134 = EDGE_CURVE('',#2009,#4003,#7135,.T.);
#7135 = LINE('',#7136,#7137);
#7136 = CARTESIAN_POINT('',(178.42,-84.45,-4.6E-02));
#7137 = VECTOR('',#7138,1.);
#7138 = DIRECTION('',(0.,0.,1.));
#7139 = ORIENTED_EDGE('',*,*,#4002,.F.);
#7140 = ORIENTED_EDGE('',*,*,#7134,.F.);
#7141 = CYLINDRICAL_SURFACE('',#7142,0.4);
#7142 = AXIS2_PLACEMENT_3D('',#7143,#7144,#7145);
#7143 = CARTESIAN_POINT('',(178.42,-84.05,-4.6E-02));
#7144 = DIRECTION('',(-0.,-0.,-1.));
#7145 = DIRECTION('',(-7.105427357601E-14,-1.,0.));
#7146 = ADVANCED_FACE('',(#7147),#7158,.F.);
#7147 = FACE_BOUND('',#7148,.T.);
#7148 = EDGE_LOOP('',(#7149,#7150,#7156,#7157));
#7149 = ORIENTED_EDGE('',*,*,#2019,.T.);
#7150 = ORIENTED_EDGE('',*,*,#7151,.T.);
#7151 = EDGE_CURVE('',#2020,#4014,#7152,.T.);
#7152 = LINE('',#7153,#7154);
#7153 = CARTESIAN_POINT('',(180.96,-84.45,-4.6E-02));
#7154 = VECTOR('',#7155,1.);
#7155 = DIRECTION('',(0.,0.,1.));
#7156 = ORIENTED_EDGE('',*,*,#4013,.F.);
#7157 = ORIENTED_EDGE('',*,*,#7151,.F.);
#7158 = CYLINDRICAL_SURFACE('',#7159,0.4);
#7159 = AXIS2_PLACEMENT_3D('',#7160,#7161,#7162);
#7160 = CARTESIAN_POINT('',(180.96,-84.05,-4.6E-02));
#7161 = DIRECTION('',(-0.,-0.,-1.));
#7162 = DIRECTION('',(-0.,-1.,0.));
#7163 = ADVANCED_FACE('',(#7164),#7175,.F.);
#7164 = FACE_BOUND('',#7165,.T.);
#7165 = EDGE_LOOP('',(#7166,#7167,#7173,#7174));
#7166 = ORIENTED_EDGE('',*,*,#2030,.T.);
#7167 = ORIENTED_EDGE('',*,*,#7168,.T.);
#7168 = EDGE_CURVE('',#2031,#4025,#7169,.T.);
#7169 = LINE('',#7170,#7171);
#7170 = CARTESIAN_POINT('',(189.46,-82.61,-4.6E-02));
#7171 = VECTOR('',#7172,1.);
#7172 = DIRECTION('',(0.,0.,1.));
#7173 = ORIENTED_EDGE('',*,*,#4024,.F.);
#7174 = ORIENTED_EDGE('',*,*,#7168,.F.);
#7175 = CYLINDRICAL_SURFACE('',#7176,0.4);
#7176 = AXIS2_PLACEMENT_3D('',#7177,#7178,#7179);
#7177 = CARTESIAN_POINT('',(189.46,-82.21,-4.6E-02));
#7178 = DIRECTION('',(-0.,-0.,-1.));
#7179 = DIRECTION('',(-0.,-1.,0.));
#7180 = ADVANCED_FACE('',(#7181),#7192,.F.);
#7181 = FACE_BOUND('',#7182,.T.);
#7182 = EDGE_LOOP('',(#7183,#7184,#7190,#7191));
#7183 = ORIENTED_EDGE('',*,*,#2041,.T.);
#7184 = ORIENTED_EDGE('',*,*,#7185,.T.);
#7185 = EDGE_CURVE('',#2042,#4036,#7186,.T.);
#7186 = LINE('',#7187,#7188);
#7187 = CARTESIAN_POINT('',(192.,-82.61,-4.6E-02));
#7188 = VECTOR('',#7189,1.);
#7189 = DIRECTION('',(0.,0.,1.));
#7190 = ORIENTED_EDGE('',*,*,#4035,.F.);
#7191 = ORIENTED_EDGE('',*,*,#7185,.F.);
#7192 = CYLINDRICAL_SURFACE('',#7193,0.4);
#7193 = AXIS2_PLACEMENT_3D('',#7194,#7195,#7196);
#7194 = CARTESIAN_POINT('',(192.,-82.21,-4.6E-02));
#7195 = DIRECTION('',(-0.,-0.,-1.));
#7196 = DIRECTION('',(-0.,-1.,0.));
#7197 = ADVANCED_FACE('',(#7198),#7209,.F.);
#7198 = FACE_BOUND('',#7199,.T.);
#7199 = EDGE_LOOP('',(#7200,#7201,#7207,#7208));
#7200 = ORIENTED_EDGE('',*,*,#2052,.T.);
#7201 = ORIENTED_EDGE('',*,*,#7202,.T.);
#7202 = EDGE_CURVE('',#2053,#4047,#7203,.T.);
#7203 = LINE('',#7204,#7205);
#7204 = CARTESIAN_POINT('',(194.54,-82.61,-4.6E-02));
#7205 = VECTOR('',#7206,1.);
#7206 = DIRECTION('',(0.,0.,1.));
#7207 = ORIENTED_EDGE('',*,*,#4046,.F.);
#7208 = ORIENTED_EDGE('',*,*,#7202,.F.);
#7209 = CYLINDRICAL_SURFACE('',#7210,0.4);
#7210 = AXIS2_PLACEMENT_3D('',#7211,#7212,#7213);
#7211 = CARTESIAN_POINT('',(194.54,-82.21,-4.6E-02));
#7212 = DIRECTION('',(-0.,-0.,-1.));
#7213 = DIRECTION('',(-0.,-1.,0.));
#7214 = ADVANCED_FACE('',(#7215),#7226,.F.);
#7215 = FACE_BOUND('',#7216,.T.);
#7216 = EDGE_LOOP('',(#7217,#7218,#7224,#7225));
#7217 = ORIENTED_EDGE('',*,*,#2063,.T.);
#7218 = ORIENTED_EDGE('',*,*,#7219,.T.);
#7219 = EDGE_CURVE('',#2064,#4058,#7220,.T.);
#7220 = LINE('',#7221,#7222);
#7221 = CARTESIAN_POINT('',(186.2,-80.99,-4.6E-02));
#7222 = VECTOR('',#7223,1.);
#7223 = DIRECTION('',(0.,0.,1.));
#7224 = ORIENTED_EDGE('',*,*,#4057,.F.);
#7225 = ORIENTED_EDGE('',*,*,#7219,.F.);
#7226 = CYLINDRICAL_SURFACE('',#7227,0.4);
#7227 = AXIS2_PLACEMENT_3D('',#7228,#7229,#7230);
#7228 = CARTESIAN_POINT('',(186.2,-80.59,-4.6E-02));
#7229 = DIRECTION('',(-0.,-0.,-1.));
#7230 = DIRECTION('',(-0.,-1.,0.));
#7231 = ADVANCED_FACE('',(#7232),#7243,.F.);
#7232 = FACE_BOUND('',#7233,.T.);
#7233 = EDGE_LOOP('',(#7234,#7235,#7241,#7242));
#7234 = ORIENTED_EDGE('',*,*,#2074,.T.);
#7235 = ORIENTED_EDGE('',*,*,#7236,.T.);
#7236 = EDGE_CURVE('',#2075,#4069,#7237,.T.);
#7237 = LINE('',#7238,#7239);
#7238 = CARTESIAN_POINT('',(197.8,-81.,-4.6E-02));
#7239 = VECTOR('',#7240,1.);
#7240 = DIRECTION('',(0.,0.,1.));
#7241 = ORIENTED_EDGE('',*,*,#4068,.F.);
#7242 = ORIENTED_EDGE('',*,*,#7236,.F.);
#7243 = CYLINDRICAL_SURFACE('',#7244,0.4);
#7244 = AXIS2_PLACEMENT_3D('',#7245,#7246,#7247);
#7245 = CARTESIAN_POINT('',(197.8,-80.6,-4.6E-02));
#7246 = DIRECTION('',(-0.,-0.,-1.));
#7247 = DIRECTION('',(-0.,-1.,0.));
#7248 = ADVANCED_FACE('',(#7249),#7260,.F.);
#7249 = FACE_BOUND('',#7250,.T.);
#7250 = EDGE_LOOP('',(#7251,#7252,#7258,#7259));
#7251 = ORIENTED_EDGE('',*,*,#2085,.T.);
#7252 = ORIENTED_EDGE('',*,*,#7253,.T.);
#7253 = EDGE_CURVE('',#2086,#4080,#7254,.T.);
#7254 = LINE('',#7255,#7256);
#7255 = CARTESIAN_POINT('',(209.5,-84.65,-4.6E-02));
#7256 = VECTOR('',#7257,1.);
#7257 = DIRECTION('',(0.,0.,1.));
#7258 = ORIENTED_EDGE('',*,*,#4079,.F.);
#7259 = ORIENTED_EDGE('',*,*,#7253,.F.);
#7260 = CYLINDRICAL_SURFACE('',#7261,2.15);
#7261 = AXIS2_PLACEMENT_3D('',#7262,#7263,#7264);
#7262 = CARTESIAN_POINT('',(209.5,-82.5,-4.6E-02));
#7263 = DIRECTION('',(-0.,-0.,-1.));
#7264 = DIRECTION('',(-0.,-1.,0.));
#7265 = ADVANCED_FACE('',(#7266),#7277,.F.);
#7266 = FACE_BOUND('',#7267,.T.);
#7267 = EDGE_LOOP('',(#7268,#7269,#7275,#7276));
#7268 = ORIENTED_EDGE('',*,*,#2096,.T.);
#7269 = ORIENTED_EDGE('',*,*,#7270,.T.);
#7270 = EDGE_CURVE('',#2097,#4091,#7271,.T.);
#7271 = LINE('',#7272,#7273);
#7272 = CARTESIAN_POINT('',(236.8,-78.85,-4.6E-02));
#7273 = VECTOR('',#7274,1.);
#7274 = DIRECTION('',(0.,0.,1.));
#7275 = ORIENTED_EDGE('',*,*,#4090,.F.);
#7276 = ORIENTED_EDGE('',*,*,#7270,.F.);
#7277 = CYLINDRICAL_SURFACE('',#7278,0.65);
#7278 = AXIS2_PLACEMENT_3D('',#7279,#7280,#7281);
#7279 = CARTESIAN_POINT('',(236.8,-78.2,-4.6E-02));
#7280 = DIRECTION('',(-0.,-0.,-1.));
#7281 = DIRECTION('',(-0.,-1.,0.));
#7282 = ADVANCED_FACE('',(#7283),#7294,.F.);
#7283 = FACE_BOUND('',#7284,.T.);
#7284 = EDGE_LOOP('',(#7285,#7286,#7292,#7293));
#7285 = ORIENTED_EDGE('',*,*,#2107,.T.);
#7286 = ORIENTED_EDGE('',*,*,#7287,.T.);
#7287 = EDGE_CURVE('',#2108,#4102,#7288,.T.);
#7288 = LINE('',#7289,#7290);
#7289 = CARTESIAN_POINT('',(241.8,-78.85,-4.6E-02));
#7290 = VECTOR('',#7291,1.);
#7291 = DIRECTION('',(0.,0.,1.));
#7292 = ORIENTED_EDGE('',*,*,#4101,.F.);
#7293 = ORIENTED_EDGE('',*,*,#7287,.F.);
#7294 = CYLINDRICAL_SURFACE('',#7295,0.65);
#7295 = AXIS2_PLACEMENT_3D('',#7296,#7297,#7298);
#7296 = CARTESIAN_POINT('',(241.8,-78.2,-4.6E-02));
#7297 = DIRECTION('',(-0.,-0.,-1.));
#7298 = DIRECTION('',(-0.,-1.,0.));
#7299 = ADVANCED_FACE('',(#7300),#7311,.F.);
#7300 = FACE_BOUND('',#7301,.T.);
#7301 = EDGE_LOOP('',(#7302,#7303,#7309,#7310));
#7302 = ORIENTED_EDGE('',*,*,#2118,.T.);
#7303 = ORIENTED_EDGE('',*,*,#7304,.T.);
#7304 = EDGE_CURVE('',#2119,#4113,#7305,.T.);
#7305 = LINE('',#7306,#7307);
#7306 = CARTESIAN_POINT('',(246.8,-78.85,-4.6E-02));
#7307 = VECTOR('',#7308,1.);
#7308 = DIRECTION('',(0.,0.,1.));
#7309 = ORIENTED_EDGE('',*,*,#4112,.F.);
#7310 = ORIENTED_EDGE('',*,*,#7304,.F.);
#7311 = CYLINDRICAL_SURFACE('',#7312,0.65);
#7312 = AXIS2_PLACEMENT_3D('',#7313,#7314,#7315);
#7313 = CARTESIAN_POINT('',(246.8,-78.2,-4.6E-02));
#7314 = DIRECTION('',(-0.,-0.,-1.));
#7315 = DIRECTION('',(-0.,-1.,0.));
#7316 = ( GEOMETRIC_REPRESENTATION_CONTEXT(3) 
GLOBAL_UNCERTAINTY_ASSIGNED_CONTEXT((#7320)) 
GLOBAL_UNIT_ASSIGNED_CONTEXT((#7317,#7318,#7319)) REPRESENTATION_CONTEXT
('Context #1','3D Context with UNIT and UNCERTAINTY') );
#7317 = ( LENGTH_UNIT() NAMED_UNIT(*) SI_UNIT(.MILLI.,.METRE.) );
#7318 = ( NAMED_UNIT(*) PLANE_ANGLE_UNIT() SI_UNIT($,.RADIAN.) );
#7319 = ( NAMED_UNIT(*) SI_UNIT($,.STERADIAN.) SOLID_ANGLE_UNIT() );
#7320 = UNCERTAINTY_MEASURE_WITH_UNIT(LENGTH_MEASURE(1.E-07),#7317,
  'distance_accuracy_value','confusion accuracy');
#7321 = CONTEXT_DEPENDENT_SHAPE_REPRESENTATION(#7322,#7324);
#7322 = ( REPRESENTATION_RELATIONSHIP('','',#32,#10) 
REPRESENTATION_RELATIONSHIP_WITH_TRANSFORMATION(#7323) 
SHAPE_REPRESENTATION_RELATIONSHIP() );
#7323 = ITEM_DEFINED_TRANSFORMATION('','',#11,#15);
#7324 = PRODUCT_DEFINITION_SHAPE('Placement','Placement of an item',
  #7325);
#7325 = NEXT_ASSEMBLY_USAGE_OCCURRENCE('1','=>[0:1:1:2]','',#5,#27,$);
#7326 = PRODUCT_RELATED_PRODUCT_CATEGORY('part',$,(#29));
#7327 = MECHANICAL_DESIGN_GEOMETRIC_PRESENTATION_REPRESENTATION('',(
    #7328),#7316);
#7328 = STYLED_ITEM('color',(#7329),#33);
#7329 = PRESENTATION_STYLE_ASSIGNMENT((#7330));
#7330 = SURFACE_STYLE_USAGE(.BOTH.,#7331);
#7331 = SURFACE_SIDE_STYLE('',(#7332));
#7332 = SURFACE_STYLE_FILL_AREA(#7333);
#7333 = FILL_AREA_STYLE('',(#7334));
#7334 = FILL_AREA_STYLE_COLOUR('',#7335);
#7335 = COLOUR_RGB('',0.313304153717,0.484529207832,0.410020903123);
ENDSEC;
END-ISO-10303-21;
